1,1,1546,566,23,17,1,1,1
1,2,1323,542,16,15,1,1,1
1,3,1228,543,16,12,1,1,1
1,4,1199,547,14,11,1,1,1
1,6,1010,542,13,12,1,1,1
1,7,877,542,15,11,1,1,1
1,8,776,547,13,12,1,1,1
1,9,639,548,13,12,1,1,1
1,10,612,549,14,13,1,1,1
1,11,555,553,17,13,1,1,1
1,12,574,549,18,15,1,1,1
1,13,478,556,26,19,1,1,1
1,14,881,559,21,17,1,1,1
1,15,1106,550,19,18,1,1,1
1,16,1309,548,22,15,1,1,1
2,1,1547,568,23,17,1,1,1
2,2,1322,543,16,15,1,1,1
2,3,1228,543,15,14,1,1,1
2,4,1198,548,14,11,1,1,1
2,6,1012,543,11,12,1,1,1
2,7,877,542,14,12,1,1,1
2,8,777,548,13,13,1,1,1
2,9,639,549,13,12,1,1,1
2,10,610,551,16,12,1,1,1
2,11,553,553,18,14,1,1,1
2,12,574,551,18,15,1,1,1
2,13,476,557,26,20,1,1,1
2,14,882,562,21,17,1,1,1
2,15,1106,552,19,19,1,1,1
2,16,1309,550,22,16,1,1,1
3,1,1549,572,22,17,1,1,1
3,2,1321,546,15,14,1,1,1
3,3,1227,545,14,15,1,1,1
3,4,1201,551,13,12,1,1,1
3,5,1111,552,13,11,1,1,1
3,6,1010,546,13,12,1,1,1
3,7,876,545,13,12,1,1,1
3,8,778,552,13,12,1,1,1
3,9,638,553,14,12,1,1,1
3,10,610,554,16,13,1,1,1
3,11,549,556,19,14,1,1,1
3,12,573,556,19,16,1,1,1
3,13,470,562,26,20,1,1,1
3,14,885,569,21,17,1,1,1
3,15,1106,558,19,19,1,1,1
3,16,1309,555,22,16,1,1,1
4,1,1551,577,22,16,1,1,1
4,2,1319,549,16,14,1,1,1
4,3,1225,548,14,14,1,1,1
4,4,1200,555,15,13,1,1,1
4,5,1110,555,13,11,1,1,1
4,6,1011,549,12,12,1,1,1
4,7,875,546,12,13,1,1,1
4,8,778,555,13,13,1,1,1
4,9,639,555,13,13,1,1,1
4,10,611,558,14,13,1,1,1
4,11,545,559,19,14,1,1,1
4,12,573,562,19,16,1,1,1
4,13,464,567,27,19,1,1,1
4,14,888,576,20,18,1,1,1
4,15,1105,565,19,18,1,1,1
4,16,1309,561,21,17,1,1,1
5,1,1553,583,22,18,1,1,1
5,2,1316,552,17,15,1,1,1
5,3,1223,551,14,14,1,1,1
5,4,1202,559,14,14,1,1,1
5,5,1109,559,13,12,1,1,1
5,6,1011,554,12,11,1,1,1
5,7,873,549,13,12,1,1,1
5,8,778,560,14,13,1,1,1
5,9,637,559,15,14,1,1,1
5,10,610,564,14,12,1,1,1
5,11,539,563,19,15,1,1,1
5,12,572,570,19,16,1,1,1
5,13,456,574,26,19,1,1,1
5,14,892,584,18,20,1,1,1
5,15,1104,573,20,19,1,1,1
5,16,1309,570,21,17,1,1,1
6,1,1554,585,21,18,1,1,1
6,2,1315,553,17,15,1,1,1
6,3,1222,552,14,13,1,1,1
6,4,1202,561,13,12,1,1,1
6,5,1108,561,13,11,1,1,1
6,6,1011,555,12,11,1,1,1
6,7,872,550,13,12,1,1,1
6,8,779,562,13,11,1,1,1
6,9,638,561,13,13,1,1,1
6,10,608,565,16,14,1,1,1
6,11,537,564,19,15,1,1,1
6,12,571,572,20,17,1,1,1
6,13,453,577,26,18,1,1,1
6,14,893,588,18,19,1,1,1
6,15,1104,576,19,19,1,1,1
6,16,1309,572,21,17,1,1,1
7,1,1555,590,21,17,1,1,1
7,2,1314,556,17,14,1,1,1
7,3,1220,555,15,14,1,1,1
7,4,1203,565,14,12,1,1,1
7,5,1106,564,14,11,1,1,1
7,6,1010,558,13,11,1,1,1
7,7,871,551,13,13,1,1,1
7,8,779,565,13,13,1,1,1
7,9,637,563,14,12,1,1,1
7,10,607,570,16,14,1,1,1
7,11,532,568,19,15,1,1,1
7,12,570,579,21,16,1,1,1
7,13,446,581,26,18,1,1,1
7,14,894,594,19,19,1,1,1
7,15,1103,583,19,19,1,1,1
7,16,1309,579,20,17,1,1,1
8,1,1556,592,20,18,1,1,1
8,2,1313,558,16,13,1,1,1
8,3,1219,557,16,13,1,1,1
8,4,1203,567,14,13,1,1,1
8,5,1105,567,14,11,1,1,1
8,6,1011,561,12,11,1,1,1
8,7,870,553,13,12,1,1,1
8,8,780,567,12,13,1,1,1
8,9,636,565,14,13,1,1,1
8,10,607,573,15,13,1,1,1
8,11,530,570,18,15,1,1,1
8,12,569,584,21,16,1,1,1
8,13,441,586,26,18,1,1,1
8,14,895,598,19,20,1,1,1
8,15,1102,588,20,19,1,1,1
8,16,1309,584,19,17,1,1,1
9,1,1556,597,20,17,1,1,1
9,2,1311,560,18,13,1,1,1
9,3,1218,558,16,13,1,1,1
9,4,1205,570,12,13,1,1,1
9,5,1106,570,12,11,1,1,1
9,6,1011,564,11,12,1,1,1
9,7,868,554,13,12,1,1,1
9,8,778,569,15,14,1,1,1
9,9,635,567,14,14,1,1,1
9,10,606,577,15,14,1,1,1
9,11,525,574,19,14,1,1,1
9,12,568,589,20,16,1,1,1
9,13,435,591,26,18,1,1,1
9,14,895,604,21,19,1,1,1
9,15,1100,594,20,18,1,1,1
9,16,1309,590,18,16,1,1,1
10,1,1557,601,19,18,1,1,1
10,2,1310,563,18,13,1,1,1
10,3,1216,561,15,14,1,1,1
10,4,1204,573,13,13,1,1,1
10,5,1103,574,14,11,1,1,1
10,6,1010,568,12,11,1,1,1
10,7,866,556,13,13,1,1,1
10,8,778,573,14,12,1,1,1
10,9,632,570,15,12,1,1,1
10,10,604,582,16,13,1,1,1
10,11,518,578,20,15,1,1,1
10,12,566,596,20,16,1,1,1
10,13,427,597,25,20,1,1,1
10,14,896,611,21,19,1,1,1
10,15,1098,602,21,19,1,1,1
10,16,1308,596,19,17,1,1,1
11,1,1557,605,20,17,1,1,1
11,2,1310,564,16,15,1,1,1
11,3,1215,562,16,13,1,1,1
11,4,1204,575,14,13,1,1,1
11,5,1101,577,14,11,1,1,1
11,6,1008,570,15,11,1,1,1
11,7,865,557,13,13,1,1,1
11,8,778,576,13,11,1,1,1
11,9,631,572,14,12,1,1,1
11,10,603,586,16,13,1,1,1
11,11,514,581,20,14,1,1,1
11,12,564,600,20,17,1,1,1
11,13,420,603,26,19,1,1,1
11,14,896,616,21,19,1,1,1
11,15,1096,608,20,19,1,1,1
11,16,1307,601,20,17,1,1,1
12,1,1557,611,20,17,1,1,1
12,2,1310,566,17,15,1,1,1
12,3,1215,564,15,13,1,1,1
12,4,1203,578,15,13,1,1,1
12,5,1101,581,14,11,1,1,1
12,6,1008,574,13,12,1,1,1
12,7,864,559,13,13,1,1,1
12,8,776,578,14,14,1,1,1
12,9,629,576,13,11,1,1,1
12,10,601,592,16,13,1,1,1
12,11,508,586,20,15,1,1,1
12,12,561,607,21,16,1,1,1
12,13,412,611,25,19,1,1,1
12,14,895,622,21,19,1,1,1
12,15,1093,616,21,19,1,1,1
12,16,1305,607,21,17,1,1,1
13,1,1555,617,22,17,1,1,1
13,2,1308,568,18,14,1,1,1
13,3,1214,567,13,14,1,1,1
13,4,1202,582,15,12,1,1,1
13,5,1100,586,12,11,1,1,1
13,6,1008,577,12,12,1,1,1
13,7,862,562,12,12,1,1,1
13,8,775,582,13,11,1,1,1
13,9,625,579,15,13,1,1,1
13,10,599,598,16,14,1,1,1
13,11,502,591,19,15,1,1,1
13,12,558,612,20,17,1,1,1
13,13,402,619,26,19,1,1,1
13,14,894,629,21,18,1,1,1
13,15,1088,625,23,18,1,1,1
13,16,1304,613,20,16,1,1,1
14,1,1555,623,22,16,1,1,1
14,2,1309,571,17,14,1,1,1
14,3,1213,570,15,14,1,1,1
14,4,1201,584,16,12,1,1,1
14,5,1098,590,13,11,1,1,1
14,6,1006,580,12,11,1,1,1
14,7,860,564,13,11,1,1,1
14,8,773,584,14,12,1,1,1
14,9,624,582,13,12,1,1,1
14,10,597,603,16,13,1,1,1
14,11,497,595,19,16,1,1,1
14,12,554,617,19,16,1,1,1
14,13,393,627,27,20,1,1,1
14,14,892,634,22,19,1,1,1
14,15,1085,633,23,18,1,1,1
14,16,1303,618,21,17,1,1,1
15,1,1554,626,23,17,1,1,1
15,2,1308,572,16,15,1,1,1
15,3,1211,572,14,14,1,1,1
15,4,1202,585,14,12,1,1,1
15,5,1096,592,13,12,1,1,1
15,6,1007,581,13,13,1,1,1
15,7,858,565,14,11,1,1,1
15,8,771,586,14,12,1,1,1
15,9,621,584,14,12,1,1,1
15,10,595,606,17,14,1,1,1
15,11,493,598,19,15,1,1,1
15,12,552,620,19,15,1,1,1
15,13,388,632,27,20,1,1,1
15,14,890,637,22,19,1,1,1
15,15,1082,637,23,19,1,1,1
15,16,1301,621,23,17,1,1,1
16,1,1554,632,23,16,1,1,1
16,2,1308,574,17,15,1,1,1
16,3,1212,574,15,14,1,1,1
16,4,1201,587,14,12,1,1,1
16,5,1096,596,12,11,1,1,1
16,6,1004,584,13,10,1,1,1
16,7,858,566,14,12,1,1,1
16,8,769,588,14,12,1,1,1
16,9,619,588,14,11,1,1,1
16,10,593,610,17,13,1,1,1
16,11,488,603,18,15,1,1,1
16,12,548,624,19,16,1,1,1
16,13,381,641,27,17,1,1,1
16,14,888,641,22,19,1,1,1
16,15,1079,644,24,17,1,1,1
16,16,1300,625,22,18,1,1,1
17,1,1553,636,23,17,1,1,1
17,2,1307,576,18,15,1,1,1
17,3,1210,577,16,13,1,1,1
17,4,1199,589,15,12,1,1,1
17,5,1093,599,15,12,1,1,1
17,6,1003,586,15,12,1,1,1
17,7,857,568,12,11,1,1,1
17,8,770,590,11,11,1,1,1
17,9,617,590,14,12,1,1,1
17,10,591,614,17,13,1,1,1
17,11,484,607,19,15,1,1,1
17,12,546,628,17,17,1,1,1
17,13,374,647,27,20,1,1,1
17,14,886,644,21,19,1,1,1
17,15,1075,650,24,19,1,1,1
17,16,1300,629,21,16,1,1,1
18,1,1551,643,24,17,1,1,1
18,2,1308,579,17,15,1,1,1
18,3,1209,581,14,12,1,1,1
18,4,1197,591,15,12,1,1,1
18,5,1091,603,15,12,1,1,1
18,6,1002,589,15,11,1,1,1
18,7,854,571,15,11,1,1,1
18,8,765,592,14,12,1,1,1
18,9,613,594,14,12,1,1,1
18,10,588,619,17,14,1,1,1
18,11,477,613,21,15,1,1,1
18,12,541,633,17,17,1,1,1
18,13,365,656,28,19,1,1,1
18,14,883,649,20,19,1,1,1
18,15,1071,660,24,18,1,1,1
18,16,1297,634,22,18,1,1,1
19,1,1550,649,24,17,1,1,1
19,2,1308,582,16,15,1,1,1
19,3,1210,584,14,12,1,1,1
19,4,1196,593,15,12,1,1,1
19,5,1091,608,12,11,1,1,1
19,6,1003,592,13,11,1,1,1
19,7,853,573,13,12,1,1,1
19,8,763,595,13,12,1,1,1
19,9,612,597,13,13,1,1,1
19,10,585,624,17,14,1,1,1
19,11,472,618,20,14,1,1,1
19,12,535,638,19,18,1,1,1
19,13,357,666,27,20,1,1,1
19,14,879,653,20,19,1,1,1
19,15,1066,668,25,18,1,1,1
19,16,1296,638,21,18,1,1,1
20,1,1549,655,23,17,1,1,1
20,2,1308,585,16,14,1,1,1
20,3,1208,587,14,12,1,1,1
20,4,1195,595,15,12,1,1,1
20,5,1089,611,14,12,1,1,1
20,6,1001,595,13,11,1,1,1
20,7,851,575,14,12,1,1,1
20,8,761,597,13,12,1,1,1
20,9,609,600,14,12,1,1,1
20,10,584,628,16,14,1,1,1
20,11,468,622,20,16,1,1,1
20,12,531,643,20,17,1,1,1
20,13,349,674,29,20,1,1,1
20,14,876,656,19,19,1,1,1
20,15,1063,676,24,18,1,1,1
20,16,1294,643,22,17,1,1,1
21,1,1548,663,22,16,1,1,1
21,2,1308,588,17,15,1,1,1
21,3,1208,591,13,12,1,1,1
21,4,1193,598,15,13,1,1,1
21,5,1086,615,15,12,1,1,1
21,6,1000,597,13,12,1,1,1
21,7,850,578,13,12,1,1,1
21,8,759,600,13,13,1,1,1
21,9,606,605,12,12,1,1,1
21,10,579,634,17,13,1,1,1
21,11,462,628,20,16,1,1,1
21,12,525,649,21,16,1,1,1
21,13,339,684,30,21,1,1,1
21,14,871,660,19,18,1,1,1
21,15,1057,686,25,18,1,1,1
21,16,1293,649,21,17,1,1,1
22,1,1548,667,22,16,1,1,1
22,2,1308,591,17,14,1,1,1
22,3,1207,593,15,14,1,1,1
22,4,1193,599,13,13,1,1,1
22,5,1085,618,15,12,1,1,1
22,6,1000,599,12,13,1,1,1
22,7,849,580,13,12,1,1,1
22,8,756,602,14,12,1,1,1
22,9,602,607,15,13,1,1,1
22,10,577,637,17,13,1,1,1
22,11,458,632,20,14,1,1,1
22,12,522,653,21,16,1,1,1
22,13,335,691,28,19,1,1,1
22,14,867,662,20,19,1,1,1
22,15,1054,691,25,18,1,1,1
22,16,1292,653,21,16,1,1,1
23,1,1545,677,21,17,1,1,1
23,2,1308,597,17,14,1,1,1
23,3,1207,600,14,12,1,1,1
23,4,1190,604,14,12,1,1,1
23,5,1084,625,12,11,1,1,1
23,6,997,604,13,12,1,1,1
23,7,848,585,12,11,1,1,1
23,8,753,606,14,11,1,1,1
23,9,597,613,15,13,1,1,1
23,10,573,644,16,14,1,1,1
23,11,449,641,21,15,1,1,1
23,12,513,662,22,16,1,1,1
23,13,321,707,30,21,1,1,1
23,14,858,669,22,19,1,1,1
23,15,1047,706,24,18,1,1,1
23,16,1289,661,21,16,1,1,1
24,1,1544,685,20,16,1,1,1
24,2,1308,601,18,14,1,1,1
24,3,1205,604,15,13,1,1,1
24,4,1188,607,14,12,1,1,1
24,5,1081,629,13,12,1,1,1
24,6,995,608,13,11,1,1,1
24,7,846,588,13,11,1,1,1
24,8,749,609,15,13,1,1,1
24,9,593,618,15,12,1,1,1
24,10,570,650,15,13,1,1,1
24,11,444,647,20,15,1,1,1
24,12,507,669,22,16,1,1,1
24,13,312,719,29,21,1,1,1
24,14,852,674,23,17,1,1,1
24,15,1041,717,25,18,1,1,1
24,16,1288,668,19,17,1,1,1
25,1,1542,692,20,16,1,1,1
25,2,1308,605,19,14,1,1,1
25,3,1204,607,16,13,1,1,1
25,4,1186,610,14,12,1,1,1
25,5,1079,633,15,11,1,1,1
25,6,994,611,13,12,1,1,1
25,7,846,591,12,12,1,1,1
25,8,746,613,15,12,1,1,1
25,9,590,621,16,13,1,1,1
25,10,566,655,16,13,1,1,1
25,11,438,653,21,15,1,1,1
25,12,501,675,23,16,1,1,1
25,13,303,729,31,21,1,1,1
25,14,847,679,22,17,1,1,1
25,15,1036,726,24,18,1,1,1
25,16,1286,674,19,17,1,1,1
26,1,1539,703,21,15,1,1,1
26,2,1309,611,18,13,1,1,1
26,3,1204,613,16,13,1,1,1
26,4,1183,614,15,13,1,1,1
26,5,1078,638,13,12,1,1,1
26,6,992,615,14,11,1,1,1
26,7,844,595,12,11,1,1,1
26,8,742,617,16,12,1,1,1
26,9,586,627,14,12,1,1,1
26,10,562,661,14,14,1,1,1
26,11,431,661,21,15,1,1,1
26,12,494,682,22,17,1,1,1
26,13,291,744,32,21,1,1,1
26,14,839,685,24,18,1,1,1
26,15,1029,740,25,18,1,1,1
26,16,1283,682,20,16,1,1,1
27,1,1536,710,22,16,1,1,1
27,2,1309,615,19,14,1,1,1
27,3,1203,617,16,13,1,1,1
27,4,1181,617,16,13,1,1,1
27,5,1075,643,15,12,1,1,1
27,6,992,618,12,12,1,1,1
27,7,842,598,13,12,1,1,1
27,8,739,620,16,13,1,1,1
27,9,582,630,16,13,1,1,1
27,10,558,666,15,14,1,1,1
27,11,426,667,21,14,1,1,1
27,12,488,689,23,17,1,1,1
27,13,283,756,31,21,1,1,1
27,14,833,691,24,18,1,1,1
27,15,1022,750,26,19,1,1,1
27,16,1280,689,22,16,1,1,1
28,1,1533,719,23,16,1,1,1
28,2,1310,619,19,14,1,1,1
28,3,1203,622,15,13,1,1,1
28,4,1179,621,16,12,1,1,1
28,5,1073,647,15,12,1,1,1
28,6,989,622,15,11,1,1,1
28,7,840,601,12,12,1,1,1
28,8,736,624,14,13,1,1,1
28,9,580,635,14,13,1,1,1
28,10,553,672,15,14,1,1,1
28,11,420,674,21,15,1,1,1
28,12,482,696,22,17,1,1,1
28,13,273,770,32,21,1,1,1
28,14,827,697,23,19,1,1,1
28,15,1016,762,25,19,1,1,1
28,16,1278,696,22,16,1,1,1
29,1,1530,726,24,16,1,1,1
29,2,1310,623,19,14,1,1,1
29,3,1202,625,16,13,1,1,1
29,4,1177,624,16,12,1,1,1
29,5,1071,652,15,11,1,1,1
29,6,988,625,13,12,1,1,1
29,7,839,604,13,11,1,1,1
29,8,733,627,15,13,1,1,1
29,9,575,639,15,13,1,1,1
29,10,549,677,16,14,1,1,1
29,11,417,680,19,15,1,1,1
29,12,476,702,22,17,1,1,1
29,13,264,781,32,21,1,1,1
29,14,821,703,24,18,1,1,1
29,15,1010,772,26,19,1,1,1
29,16,1276,703,22,17,1,1,1
30,1,1527,735,25,16,1,1,1
30,2,1311,629,19,14,1,1,1
30,3,1202,630,16,13,1,1,1
30,4,1175,628,16,12,1,1,1
30,5,1069,657,15,11,1,1,1
30,6,986,629,15,11,1,1,1
30,7,838,608,13,11,1,1,1
30,8,730,631,14,13,1,1,1
30,9,572,644,14,12,1,1,1
30,10,544,684,16,13,1,1,1
30,11,409,688,21,15,1,1,1
30,12,469,710,22,17,1,1,1
30,13,253,795,34,22,1,1,1
30,14,814,710,24,19,1,1,1
30,15,1003,785,26,19,1,1,1
30,16,1273,710,23,18,1,1,1
31,1,1526,740,24,17,1,1,1
31,2,1313,632,17,14,1,1,1
31,3,1202,633,16,13,1,1,1
31,4,1175,631,13,12,1,1,1
31,5,1070,660,13,11,1,1,1
31,6,986,632,13,11,1,1,1
31,7,836,610,14,12,1,1,1
31,8,727,634,14,12,1,1,1
31,9,569,647,14,13,1,1,1
31,10,541,687,16,14,1,1,1
31,11,405,693,21,15,1,1,1
31,12,464,715,22,17,1,1,1
31,13,246,806,33,21,1,1,1
31,14,809,715,24,19,1,1,1
31,15,998,793,26,20,1,1,1
31,16,1271,715,22,18,1,1,1
32,1,1523,747,25,17,1,1,1
32,2,1312,636,19,14,1,1,1
32,3,1203,637,15,13,1,1,1
32,4,1171,633,15,13,1,1,1
32,5,1067,664,14,11,1,1,1
32,6,984,634,13,12,1,1,1
32,7,835,613,14,10,1,1,1
32,8,725,637,15,12,1,1,1
32,9,566,650,14,13,1,1,1
32,10,537,692,17,12,1,1,1
32,11,400,698,21,15,1,1,1
32,12,459,721,21,17,1,1,1
32,13,238,816,34,22,1,1,1
32,14,804,720,24,19,1,1,1
32,15,993,803,26,19,1,1,1
32,16,1270,721,22,18,1,1,1
33,1,1521,753,25,17,1,1,1
33,2,1312,640,20,14,1,1,1
33,3,1202,641,14,13,1,1,1
33,4,1170,636,16,12,1,1,1
33,5,1067,667,13,11,1,1,1
33,6,982,637,16,12,1,1,1
33,7,834,615,13,12,1,1,1
33,8,722,640,15,12,1,1,1
33,9,562,654,15,12,1,1,1
33,10,534,696,15,13,1,1,1
33,11,396,703,21,15,1,1,1
33,12,454,726,21,18,1,1,1
33,13,231,826,34,22,1,1,1
33,14,799,725,24,20,1,1,1
33,15,987,811,27,20,1,1,1
33,16,1268,726,23,18,1,1,1
34,1,1517,763,25,17,1,1,1
34,2,1314,646,18,14,1,1,1
34,3,1201,647,16,12,1,1,1
34,4,1167,640,16,13,1,1,1
34,5,1064,673,14,12,1,1,1
34,6,982,641,13,12,1,1,1
34,7,832,620,14,12,1,1,1
34,8,718,644,15,13,1,1,1
34,9,557,659,14,13,1,1,1
34,10,528,703,17,14,1,1,1
34,11,389,712,21,16,1,1,1
34,12,445,735,22,18,1,1,1
34,13,218,845,35,22,1,1,1
34,14,790,734,24,20,1,1,1
34,15,978,827,27,20,1,1,1
34,16,1265,736,23,17,1,1,1
35,1,1515,770,24,17,1,1,1
35,2,1314,651,19,14,1,1,1
35,3,1201,651,16,12,1,1,1
35,4,1165,643,16,13,1,1,1
35,5,1061,676,15,12,1,1,1
35,6,979,644,14,12,1,1,1
35,7,831,624,13,10,1,1,1
35,8,715,647,15,13,1,1,1
35,9,554,662,14,13,1,1,1
35,10,524,707,16,14,1,1,1
35,11,384,718,22,15,1,1,1
35,12,439,742,22,17,1,1,1
35,13,210,858,35,21,1,1,1
35,14,784,740,24,20,1,1,1
35,15,973,837,27,20,1,1,1
35,16,1263,743,23,17,1,1,1
36,1,1512,776,25,18,1,1,1
36,2,1315,655,18,14,1,1,1
36,3,1201,655,16,12,1,1,1
36,4,1163,646,16,13,1,1,1
36,5,1059,681,15,11,1,1,1
36,6,980,648,13,11,1,1,1
36,7,830,627,13,11,1,1,1
36,8,712,650,15,11,1,1,1
36,9,550,666,15,13,1,1,1
36,10,522,712,16,14,1,1,1
36,11,379,724,22,15,1,1,1
36,12,433,748,22,18,1,1,1
36,13,202,869,35,22,1,1,1
36,14,778,747,24,19,1,1,1
36,15,967,847,27,21,1,1,1
36,16,1261,749,23,18,1,1,1
37,1,1508,788,24,16,1,1,1
37,2,1317,662,17,14,1,1,1
37,3,1201,661,15,13,1,1,1
37,4,1160,650,15,13,1,1,1
37,5,1057,686,14,12,1,1,1
37,6,977,652,13,12,1,1,1
37,7,828,631,13,12,1,1,1
37,8,708,655,14,13,1,1,1
37,9,545,672,15,12,1,1,1
37,10,516,720,16,13,1,1,1
37,11,372,734,22,15,1,1,1
37,12,424,758,21,18,1,1,1
37,13,188,889,37,22,1,1,1
37,14,768,756,25,19,1,1,1
37,15,957,863,28,21,1,1,1
37,16,1258,759,23,18,1,1,1
38,1,1507,789,24,18,1,1,1
38,2,1316,665,19,14,1,1,1
38,3,1201,663,15,13,1,1,1
38,4,1159,652,16,13,1,1,1
38,5,1058,688,12,12,1,1,1
38,6,975,654,15,11,1,1,1
38,7,829,632,12,12,1,1,1
38,8,708,656,14,13,1,1,1
38,9,543,673,15,13,1,1,1
38,10,513,722,17,14,1,1,1
38,11,370,736,22,15,1,1,1
38,12,421,761,22,18,1,1,1
38,13,185,893,35,23,1,1,1
38,14,766,759,24,19,1,1,1
38,15,955,868,28,21,1,1,1
38,16,1257,762,23,18,1,1,1
39,1,1503,798,25,18,1,1,1
39,2,1318,671,18,14,1,1,1
39,3,1201,669,15,12,1,1,1
39,4,1157,657,16,12,1,1,1
39,5,1055,693,13,12,1,1,1
39,6,974,658,13,12,1,1,1
39,7,827,637,14,12,1,1,1
39,8,704,661,14,12,1,1,1
39,9,539,678,13,13,1,1,1
39,10,507,728,18,14,1,1,1
39,11,363,745,23,14,1,1,1
39,12,413,770,22,18,1,1,1
39,13,172,911,37,23,1,1,1
39,14,757,767,25,20,1,1,1
39,15,946,881,28,22,1,1,1
39,16,1254,771,24,19,1,1,1
40,1,1500,806,25,17,1,1,1
40,2,1318,676,18,14,1,1,1
40,3,1202,673,14,13,1,1,1
40,4,1155,660,16,12,1,1,1
40,5,1054,697,14,11,1,1,1
40,6,972,662,15,12,1,1,1
40,7,825,640,13,11,1,1,1
40,8,701,664,14,12,1,1,1
40,9,535,681,15,13,1,1,1
40,10,503,733,18,14,1,1,1
40,11,358,751,22,15,1,1,1
40,12,406,777,23,18,1,1,1
40,13,163,925,38,22,1,1,1
40,14,750,774,25,20,1,1,1
40,15,940,893,28,21,1,1,1
40,16,1252,779,24,18,1,1,1
41,1,1499,810,24,18,1,1,1
41,2,1319,680,17,14,1,1,1
41,3,1200,677,16,12,1,1,1
41,4,1155,661,15,13,1,1,1
41,5,1053,700,12,12,1,1,1
41,6,971,664,15,12,1,1,1
41,7,825,643,14,12,1,1,1
41,8,697,666,16,13,1,1,1
41,9,532,684,16,13,1,1,1
41,10,500,737,18,14,1,1,1
41,11,355,755,22,15,1,1,1
41,12,401,782,23,18,1,1,1
41,13,157,934,37,23,1,1,1
41,14,746,779,25,20,1,1,1
41,15,935,900,28,23,1,1,1
41,16,1251,784,23,18,1,1,1
42,1,1496,816,25,18,1,1,1
42,2,1320,684,17,14,1,1,1
42,3,1200,680,14,13,1,1,1
42,4,1152,664,16,13,1,1,1
42,5,1050,703,14,12,1,1,1
42,6,971,667,14,11,1,1,1
42,7,824,645,13,12,1,1,1
42,8,697,669,12,12,1,1,1
42,9,529,687,16,13,1,1,1
42,10,497,741,18,14,1,1,1
42,11,350,761,23,15,1,1,1
42,12,396,788,23,18,1,1,1
42,13,149,945,38,24,1,1,1
42,14,740,785,26,20,1,1,1
42,15,930,909,27,23,1,1,1
42,16,1249,789,23,19,1,1,1
43,1,1493,823,26,18,1,1,1
43,2,1320,689,18,14,1,1,1
43,3,1200,684,15,13,1,1,1
43,4,1150,667,17,13,1,1,1
43,5,1050,707,14,11,1,1,1
43,6,969,670,15,11,1,1,1
43,7,823,649,13,11,1,1,1
43,8,693,672,13,13,1,1,1
43,9,526,691,14,12,1,1,1
43,10,493,746,19,13,1,1,1
43,11,346,766,22,15,1,1,1
43,12,390,795,23,17,1,1,1
43,13,140,958,39,24,1,1,1
43,14,734,792,25,20,1,1,1
43,15,924,920,29,22,1,1,1
43,16,1247,796,23,19,1,1,1
44,1,1491,831,24,18,1,1,1
44,2,1321,695,17,14,1,1,1
44,3,1200,690,14,13,1,1,1
44,4,1148,671,16,13,1,1,1
44,5,1047,711,15,12,1,1,1
44,6,967,674,15,12,1,1,1
44,7,820,653,15,12,1,1,1
44,8,689,676,14,12,1,1,1
44,9,524,695,13,13,1,1,1
44,10,488,751,19,14,1,1,1
44,11,340,773,23,16,1,1,1
44,12,382,803,24,18,1,1,1
44,13,128,975,40,24,1,1,1
44,14,726,801,26,20,1,1,1
44,15,917,932,28,24,1,1,1
44,16,1244,805,23,19,1,1,1
45,1,1488,838,25,19,1,1,1
45,2,1321,701,18,13,1,1,1
45,3,1199,695,15,12,1,1,1
45,4,1146,674,16,13,1,1,1
45,5,1045,715,15,13,1,1,1
45,6,967,678,13,11,1,1,1
45,7,819,656,14,12,1,1,1
45,8,685,680,16,11,1,1,1
45,9,518,699,15,13,1,1,1
45,10,484,756,18,14,1,1,1
45,11,334,780,23,15,1,1,1
45,12,376,811,23,18,1,1,1
45,13,118,989,39,25,1,1,1
45,14,719,809,26,20,1,1,1
45,15,910,944,28,23,1,1,1
45,16,1242,813,23,17,1,1,1
46,1,1485,847,24,17,1,1,1
46,2,1322,706,18,15,1,1,1
46,3,1199,699,16,13,1,1,1
46,4,1145,678,14,12,1,1,1
46,5,1043,719,16,12,1,1,1
46,6,964,681,14,12,1,1,1
46,7,820,660,13,12,1,1,1
46,8,683,683,15,12,1,1,1
46,9,514,702,15,13,1,1,1
46,10,479,761,19,14,1,1,1
46,11,330,786,22,16,1,1,1
46,12,369,818,24,18,1,1,1
46,13,108,1004,40,24,1,1,1
46,14,712,817,27,20,1,1,1
46,15,903,956,29,23,1,1,1
46,16,1240,820,23,19,1,1,1
47,1,1482,854,24,19,1,1,1
47,2,1323,713,17,14,1,1,1
47,3,1199,705,16,13,1,1,1
47,4,1143,681,15,14,1,1,1
47,5,1043,724,12,11,1,1,1
47,6,963,686,13,11,1,1,1
47,7,816,664,16,12,1,1,1
47,8,678,687,15,13,1,1,1
47,9,510,707,16,13,1,1,1
47,10,474,767,19,14,1,1,1
47,11,323,794,23,15,1,1,1
47,12,360,827,25,18,1,1,1
47,13,96,1021,40,25,1,1,1
47,14,704,827,26,20,1,1,1
47,15,895,969,29,24,1,1,1
47,16,1237,829,23,18,1,1,1
48,1,1480,862,23,19,1,1,1
48,2,1323,719,18,14,1,1,1
48,3,1198,710,17,13,1,1,1
48,4,1140,685,16,13,1,1,1
48,5,1040,728,14,12,1,1,1
48,6,961,689,15,11,1,1,1
48,7,817,668,13,12,1,1,1
48,8,675,690,14,13,1,1,1
48,9,506,711,17,13,1,1,1
48,10,470,773,18,14,1,1,1
48,11,317,801,23,15,1,1,1
48,12,353,835,25,18,1,1,1
48,13,84,1036,41,26,1,1,1
48,14,696,836,28,20,1,1,1
48,15,888,981,29,24,1,1,1
48,16,1235,837,23,19,1,1,1
49,1,1476,873,23,18,1,1,1
49,2,1323,726,19,15,1,1,1
49,3,1199,716,16,13,1,1,1
49,4,1137,690,14,12,1,1,1
49,5,1038,733,15,13,1,1,1
49,6,959,693,14,12,1,1,1
49,7,813,672,16,12,1,1,1
49,8,671,695,16,13,1,1,1
49,9,502,716,16,13,1,1,1
49,10,464,779,17,15,1,1,1
49,11,311,809,22,16,1,1,1
49,12,344,845,25,18,1,1,1
49,13,70,1056,42,24,1,1,1
49,14,687,847,27,21,1,1,1
49,15,879,996,30,25,1,1,1
49,16,1231,848,24,17,1,1,1
50,1,1473,881,24,18,1,1,1
50,2,1324,733,17,15,1,1,1
50,3,1197,721,17,13,1,1,1
50,4,1136,693,15,11,1,1,1
50,5,1036,738,14,11,1,1,1
50,6,958,698,13,11,1,1,1
50,7,812,676,16,13,1,1,1
50,8,667,699,17,13,1,1,1
50,9,499,721,15,13,1,1,1
50,10,460,785,19,14,1,1,1
50,11,304,816,24,16,1,1,1
50,12,336,853,25,18,1,1,1
50,13,77,1073,11,7,1,1,1
50,14,679,856,28,22,1,1,1
50,15,872,1009,29,25,1,1,1
50,16,1229,856,23,20,1,1,1
51,1,1470,889,24,20,1,1,1
51,2,1324,740,18,15,1,1,1
51,3,1197,727,16,13,1,1,1
51,4,1133,697,16,13,1,1,1
51,5,1035,743,15,11,1,1,1
51,6,957,701,14,12,1,1,1
51,7,812,680,13,13,1,1,1
51,8,664,703,15,13,1,1,1
51,9,493,726,16,12,1,1,1
51,10,455,790,19,15,1,1,1
51,11,298,824,24,15,1,1,1
51,12,328,862,25,18,1,1,1
51,14,671,866,28,22,1,1,1
51,15,865,1022,29,25,1,1,1
51,16,1226,866,24,18,1,1,1
52,1,1467,899,23,20,1,1,1
52,2,1325,747,19,15,1,1,1
52,3,1196,732,17,13,1,1,1
52,4,1131,701,16,13,1,1,1
52,5,1034,747,13,12,1,1,1
52,6,956,706,13,12,1,1,1
52,7,809,685,16,12,1,1,1
52,8,660,707,17,13,1,1,1
52,9,489,730,17,12,1,1,1
52,10,450,796,19,15,1,1,1
52,11,291,832,23,16,1,1,1
52,12,319,871,25,19,1,1,1
52,14,662,877,27,22,1,1,1
52,15,857,1037,29,23,1,1,1
52,16,1223,875,24,19,1,1,1
53,1,1466,903,23,19,1,1,1
53,2,1325,749,19,16,1,1,1
53,3,1196,735,17,13,1,1,1
53,4,1131,703,13,12,1,1,1
53,5,1032,749,13,11,1,1,1
53,6,953,707,14,12,1,1,1
53,7,808,687,15,12,1,1,1
53,8,659,709,15,13,1,1,1
53,9,487,732,17,13,1,1,1
53,10,448,799,19,14,1,1,1
53,11,289,835,23,16,1,1,1
53,12,316,875,25,19,1,1,1
53,14,659,882,28,22,1,1,1
53,15,854,1042,30,23,1,1,1
53,16,1222,879,23,19,1,1,1
54,1,1462,917,23,18,1,1,1
54,2,1325,760,20,15,1,1,1
54,3,1195,743,18,13,1,1,1
54,4,1128,708,14,13,1,1,1
54,5,1030,755,15,12,1,1,1
54,6,952,713,12,13,1,1,1
54,7,806,693,16,12,1,1,1
54,8,654,715,14,13,1,1,1
54,9,481,739,18,13,1,1,1
54,10,441,807,20,13,1,1,1
54,11,280,846,23,15,1,1,1
54,12,303,889,26,18,1,1,1
54,14,646,898,29,22,1,1,1
54,15,844,1060,29,20,1,1,1
54,16,1218,893,23,20,1,1,1
55,1,1458,931,22,21,1,1,1
55,2,1327,770,18,16,1,1,1
55,3,1194,752,18,13,1,1,1
55,4,1125,714,14,14,1,1,1
55,5,1028,761,13,11,1,1,1
55,6,948,720,14,12,1,1,1
55,7,804,700,15,12,1,1,1
55,8,648,721,17,12,1,1,1
55,9,475,747,18,13,1,1,1
55,10,434,816,18,14,1,1,1
55,11,271,857,22,15,1,1,1
55,12,290,903,26,19,1,1,1
55,14,633,915,29,23,1,1,1
55,16,1213,908,24,20,1,1,1
56,1,1456,937,22,21,1,1,1
56,2,1325,775,21,15,1,1,1
56,3,1195,755,16,14,1,1,1
56,4,1122,717,16,13,1,1,1
56,5,1026,763,14,11,1,1,1
56,6,949,722,13,12,1,1,1
56,7,802,702,16,13,1,1,1
56,8,646,724,15,13,1,1,1
56,9,473,749,17,14,1,1,1
56,10,431,819,20,14,1,1,1
56,11,267,861,23,15,1,1,1
56,12,284,909,26,19,1,1,1
56,14,628,923,29,23,1,1,1
56,16,1211,915,24,19,1,1,1
57,1,1453,950,21,20,1,1,1
57,2,1326,784,20,15,1,1,1
57,3,1195,763,15,13,1,1,1
57,4,1120,722,15,12,1,1,1
57,5,1024,767,14,12,1,1,1
57,6,945,728,15,11,1,1,1
57,7,800,708,16,12,1,1,1
57,8,641,729,16,12,1,1,1
57,9,468,755,15,13,1,1,1
57,10,426,825,19,13,1,1,1
57,11,260,870,22,15,1,1,1
57,12,273,921,26,20,1,1,1
57,14,616,937,30,24,1,1,1
57,16,1207,928,24,18,1,1,1
58,1,1451,956,22,20,1,1,1
58,2,1326,787,19,15,1,1,1
58,3,1192,766,18,14,1,1,1
58,4,1118,724,16,13,1,1,1
58,5,1024,770,13,11,1,1,1
58,6,945,730,13,12,1,1,1
58,7,799,710,16,13,1,1,1
58,8,641,731,15,13,1,1,1
58,9,466,758,17,13,1,1,1
58,10,424,827,19,15,1,1,1
58,11,256,873,22,16,1,1,1
58,12,269,927,26,19,1,1,1
58,14,612,944,29,23,1,1,1
58,16,1205,932,25,20,1,1,1
59,1,1450,961,21,21,1,1,1
59,2,1325,791,21,14,1,1,1
59,3,1192,769,16,14,1,1,1
59,4,1117,727,14,12,1,1,1
59,5,1023,772,15,12,1,1,1
59,6,944,732,14,13,1,1,1
59,7,798,713,16,12,1,1,1
59,8,639,733,14,13,1,1,1
59,9,464,760,17,12,1,1,1
59,10,421,830,20,14,1,1,1
59,11,254,877,21,15,1,1,1
59,12,263,933,26,19,1,1,1
59,14,607,951,30,23,1,1,1
59,16,1204,938,23,21,1,1,1
60,1,1448,970,21,20,1,1,1
60,2,1325,797,21,16,1,1,1
60,3,1191,775,18,13,1,1,1
60,4,1115,730,16,13,1,1,1
60,5,1022,775,13,11,1,1,1
60,6,942,737,14,12,1,1,1
60,7,798,717,15,13,1,1,1
60,8,634,738,17,12,1,1,1
60,9,461,764,17,12,1,1,1
60,10,418,834,18,15,1,1,1
60,11,248,883,22,15,1,1,1
60,12,255,941,27,20,1,1,1
60,14,598,963,30,23,1,1,1
60,16,1201,948,24,21,1,1,1
61,1,1444,980,23,22,1,1,1
61,2,1325,805,20,15,1,1,1
61,3,1190,781,18,14,1,1,1
61,4,1113,734,16,13,1,1,1
61,5,1020,778,15,12,1,1,1
61,6,939,741,14,12,1,1,1
61,7,796,722,15,12,1,1,1
61,8,630,741,16,13,1,1,1
61,9,457,768,15,14,1,1,1
61,10,413,839,20,15,1,1,1
61,11,243,889,20,16,1,1,1
61,12,246,951,26,20,1,1,1
61,14,589,975,30,25,1,1,1
61,16,1197,959,24,21,1,1,1
62,1,1442,990,23,21,1,1,1
62,2,1325,811,20,16,1,1,1
62,3,1189,787,18,13,1,1,1
62,4,1113,738,14,13,1,1,1
62,5,1019,781,15,13,1,1,1
62,6,939,746,14,12,1,1,1
62,7,795,726,14,13,1,1,1
62,8,627,746,16,12,1,1,1
62,9,454,772,17,14,1,1,1
62,10,410,843,19,15,1,1,1
62,11,238,894,20,16,1,1,1
62,12,238,961,26,18,1,1,1
62,14,580,988,30,24,1,1,1
62,16,1194,969,25,20,1,1,1
63,1,1441,998,22,21,1,1,1
63,2,1324,817,21,16,1,1,1
63,3,1188,791,18,14,1,1,1
63,4,1110,741,15,12,1,1,1
63,5,1018,783,13,13,1,1,1
63,6,937,749,13,12,1,1,1
63,7,791,730,16,12,1,1,1
63,8,626,749,15,13,1,1,1
63,9,452,775,15,14,1,1,1
63,10,407,846,19,14,1,1,1
63,11,234,899,20,16,1,1,1
63,12,231,968,26,19,1,1,1
63,14,572,999,31,24,1,1,1
63,16,1191,978,25,19,1,1,1
64,1,1438,1005,24,21,1,1,1
64,2,1324,822,20,16,1,1,1
64,3,1187,796,18,14,1,1,1
64,4,1109,744,15,13,1,1,1
64,5,1018,786,14,13,1,1,1
64,6,936,752,14,12,1,1,1
64,7,792,733,14,13,1,1,1
64,8,621,752,17,13,1,1,1
64,9,449,778,17,14,1,1,1
64,10,405,849,18,14,1,1,1
64,11,230,903,20,16,1,1,1
64,12,224,976,26,18,1,1,1
64,14,565,1009,31,25,1,1,1
64,16,1188,987,26,21,1,1,1
65,1,1437,1011,24,21,1,1,1
65,2,1323,826,21,16,1,1,1
65,3,1187,800,18,14,1,1,1
65,4,1108,746,15,13,1,1,1
65,5,1017,788,13,11,1,1,1
65,6,934,755,14,11,1,1,1
65,7,790,736,15,12,1,1,1
65,8,619,755,17,13,1,1,1
65,9,448,780,16,14,1,1,1
65,10,403,851,19,15,1,1,1
65,11,227,906,20,16,1,1,1
65,12,219,981,26,18,1,1,1
65,14,560,1017,31,25,1,1,1
65,16,1186,993,26,21,1,1,1
66,1,1435,1020,24,20,1,1,1
66,2,1323,833,20,15,1,1,1
66,3,1185,806,18,13,1,1,1
66,4,1107,750,14,13,1,1,1
66,5,1016,790,14,12,1,1,1
66,6,932,758,15,12,1,1,1
66,7,788,740,13,13,1,1,1
66,8,616,760,17,13,1,1,1
66,9,445,784,16,13,1,1,1
66,10,400,855,19,15,1,1,1
66,11,222,910,21,17,1,1,1
66,12,212,989,25,18,1,1,1
66,14,551,1030,31,25,1,1,1
66,16,1183,1003,26,21,1,1,1
67,1,1433,1028,25,21,1,1,1
67,2,1322,839,21,16,1,1,1
67,3,1184,811,18,14,1,1,1
67,4,1105,752,14,13,1,1,1
67,5,1016,793,13,11,1,1,1
67,6,930,762,16,12,1,1,1
67,7,785,745,15,12,1,1,1
67,8,612,763,16,14,1,1,1
67,9,443,787,16,14,1,1,1
67,10,398,859,18,13,1,1,1
67,11,218,915,21,16,1,1,1
67,12,204,997,25,19,1,1,1
67,14,541,1044,31,25,1,1,1
67,16,1180,1013,26,20,1,1,1
68,1,1431,1035,26,21,1,1,1
68,2,1321,844,21,16,1,1,1
68,3,1183,816,18,14,1,1,1
68,4,1104,755,14,12,1,1,1
68,5,1015,795,13,13,1,1,1
68,6,929,765,16,12,1,1,1
68,7,785,748,14,13,1,1,1
68,8,611,767,16,13,1,1,1
68,9,441,789,16,13,1,1,1
68,10,395,861,17,15,1,1,1
68,11,214,918,22,17,1,1,1
68,12,198,1003,25,19,1,1,1
68,14,534,1054,32,26,1,1,1
68,16,1177,1021,26,20,1,1,1
69,1,1430,1045,25,20,1,1,1
69,2,1320,852,20,15,1,1,1
69,3,1182,823,18,13,1,1,1
69,4,1102,759,15,13,1,1,1
69,5,1014,797,13,12,1,1,1
69,6,927,769,16,11,1,1,1
69,7,780,753,15,13,1,1,1
69,8,605,772,18,12,1,1,1
69,9,439,793,15,14,1,1,1
69,10,392,865,19,13,1,1,1
69,11,210,923,23,17,1,1,1
69,12,189,1012,24,20,1,1,1
69,14,533,1070,22,10,1,1,1
69,16,1174,1032,26,20,1,1,1
70,1,1428,1054,26,20,1,1,1
70,2,1319,859,22,16,1,1,1
70,3,1180,829,18,14,1,1,1
70,4,1100,762,15,14,1,1,1
70,5,1013,800,14,12,1,1,1
70,6,926,773,14,11,1,1,1
70,7,778,758,16,13,1,1,1
70,8,602,777,17,12,1,1,1
70,9,437,797,15,13,1,1,1
70,10,391,868,16,15,1,1,1
70,11,206,928,23,16,1,1,1
70,12,181,1021,23,19,1,1,1
70,16,1170,1043,26,18,1,1,1
71,1,1426,1060,27,20,1,1,1
71,2,1318,864,22,16,1,1,1
71,3,1178,834,19,13,1,1,1
71,4,1099,765,16,14,1,1,1
71,5,1012,802,15,13,1,1,1
71,6,925,776,15,12,1,1,1
71,7,776,762,16,13,1,1,1
71,8,599,781,17,13,1,1,1
71,9,435,799,15,13,1,1,1
71,10,389,870,18,14,1,1,1
71,11,204,931,23,16,1,1,1
71,12,175,1027,23,20,1,1,1
71,16,1167,1051,26,20,1,1,1
72,1,1425,1069,26,11,1,1,1
72,2,1316,872,23,16,1,1,1
72,3,1177,840,18,14,1,1,1
72,4,1098,768,13,13,1,1,1
72,5,1012,805,14,12,1,1,1
72,6,923,780,14,10,1,1,1
72,7,773,768,15,12,1,1,1
72,8,595,786,17,12,1,1,1
72,9,434,803,14,12,1,1,1
72,10,387,873,16,15,1,1,1
72,11,200,935,24,16,1,1,1
72,12,167,1036,23,20,1,1,1
72,16,1163,1062,27,18,1,1,1
73,1,1424,1074,10,6,1,1,1
73,2,1316,876,23,16,1,1,1
73,3,1176,844,18,14,1,1,1
73,4,1098,771,15,12,1,1,1
73,5,1011,806,15,12,1,1,1
73,6,922,782,13,13,1,1,1
73,7,773,771,15,12,1,1,1
73,8,593,788,15,14,1,1,1
73,9,432,804,15,13,1,1,1
73,10,386,876,17,14,1,1,1
73,11,198,937,24,17,1,1,1
73,12,161,1040,24,21,1,1,1
73,16,1160,1068,27,12,1,1,1
74,2,1315,883,22,16,1,1,1
74,3,1174,850,19,14,1,1,1
74,4,1096,774,16,14,1,1,1
74,5,1010,808,16,12,1,1,1
74,6,920,785,16,13,1,1,1
74,7,769,776,16,12,1,1,1
74,8,589,793,17,14,1,1,1
74,9,431,807,14,12,1,1,1
74,10,385,878,17,13,1,1,1
74,11,196,941,24,16,1,1,1
74,12,154,1048,24,20,1,1,1
75,2,1314,889,22,16,1,1,1
75,3,1172,855,18,14,1,1,1
75,4,1096,776,15,13,1,1,1
75,5,1011,810,14,11,1,1,1
75,6,919,789,14,10,1,1,1
75,7,767,780,15,13,1,1,1
75,8,586,797,15,13,1,1,1
75,9,429,809,16,13,1,1,1
75,10,383,880,18,14,1,1,1
75,11,194,943,25,17,1,1,1
75,12,147,1055,26,20,1,1,1
76,2,1312,892,23,16,1,1,1
76,3,1171,859,17,14,1,1,1
76,4,1094,779,15,12,1,1,1
76,5,1011,811,14,11,1,1,1
76,6,919,791,15,12,1,1,1
76,7,765,783,16,13,1,1,1
76,8,584,800,15,12,1,1,1
76,9,430,811,15,13,1,1,1
76,10,383,881,17,15,1,1,1
76,11,193,945,25,16,1,1,1
76,12,143,1059,27,20,1,1,1
77,2,1311,899,23,16,1,1,1
77,3,1169,865,18,14,1,1,1
77,4,1093,781,17,13,1,1,1
77,5,1011,813,14,11,1,1,1
77,6,918,794,14,13,1,1,1
77,7,762,788,16,13,1,1,1
77,8,580,805,15,13,1,1,1
77,9,427,813,17,12,1,1,1
77,10,382,883,18,15,1,1,1
77,11,192,948,24,16,1,1,1
77,12,136,1066,28,14,1,1,1
78,2,1309,908,22,17,1,1,1
78,3,1167,873,17,14,1,1,1
78,4,1091,786,18,14,1,1,1
78,5,1010,815,15,12,1,1,1
78,6,916,799,12,13,1,1,1
78,7,758,795,15,13,1,1,1
78,8,575,812,16,12,1,1,1
78,9,426,816,17,13,1,1,1
78,10,380,886,20,13,1,1,1
78,11,191,951,24,16,1,1,1
79,2,1309,912,22,16,1,1,1
79,3,1166,876,17,14,1,1,1
79,4,1092,788,15,13,1,1,1
79,5,1011,815,14,13,1,1,1
79,6,914,801,14,13,1,1,1
79,7,757,798,15,13,1,1,1
79,8,574,815,15,12,1,1,1
79,9,426,817,17,13,1,1,1
79,10,380,887,20,14,1,1,1
79,11,191,951,24,17,1,1,1
80,2,1307,914,23,17,1,1,1
80,3,1165,878,17,15,1,1,1
80,4,1091,788,17,14,1,1,1
80,5,1010,816,14,12,1,1,1
80,6,915,803,14,12,1,1,1
80,7,756,801,15,12,1,1,1
80,8,572,816,16,13,1,1,1
80,9,426,818,15,13,1,1,1
80,10,381,887,19,15,1,1,1
80,11,191,952,24,16,1,1,1
81,2,1307,917,22,17,1,1,1
81,3,1164,881,16,14,1,1,1
81,4,1091,790,17,12,1,1,1
81,5,1011,817,15,12,1,1,1
81,6,913,804,14,13,1,1,1
81,7,754,803,15,13,1,1,1
81,8,570,819,16,13,1,1,1
81,9,426,819,16,13,1,1,1
81,10,380,888,20,14,1,1,1
81,11,192,953,23,16,1,1,1
82,2,1306,922,22,16,1,1,1
82,3,1163,885,16,14,1,1,1
82,4,1091,792,17,13,1,1,1
82,5,1010,817,16,12,1,1,1
82,6,914,806,12,13,1,1,1
82,7,752,806,15,13,1,1,1
82,8,568,822,16,13,1,1,1
82,9,426,820,16,13,1,1,1
82,10,381,888,20,14,1,1,1
82,11,193,953,23,16,1,1,1
83,2,1306,924,21,17,1,1,1
83,3,1162,887,16,14,1,1,1
83,4,1091,793,17,12,1,1,1
83,5,1010,817,14,13,1,1,1
83,6,913,808,14,11,1,1,1
83,7,751,809,14,13,1,1,1
83,8,567,824,15,13,1,1,1
83,9,426,820,18,13,1,1,1
83,10,381,888,20,15,1,1,1
83,11,194,953,22,16,1,1,1
84,2,1305,928,21,16,1,1,1
84,3,1160,891,17,14,1,1,1
84,4,1092,794,14,14,1,1,1
84,5,1011,818,15,12,1,1,1
84,6,912,810,14,12,1,1,1
84,7,749,812,15,13,1,1,1
84,8,565,828,15,12,1,1,1
84,9,428,821,16,13,1,1,1
84,10,382,888,20,15,1,1,1
84,11,196,953,21,16,1,1,1
85,2,1305,931,20,17,1,1,1
85,3,1159,894,17,14,1,1,1
85,4,1091,795,15,14,1,1,1
85,5,1011,818,15,12,1,1,1
85,6,912,811,14,13,1,1,1
85,7,748,816,14,12,1,1,1
85,8,563,831,15,13,1,1,1
85,9,427,822,18,12,1,1,1
85,10,383,888,20,15,1,1,1
85,11,197,952,21,16,1,1,1
86,2,1305,933,19,17,1,1,1
86,3,1158,895,16,15,1,1,1
86,4,1091,796,15,14,1,1,1
86,5,1013,818,13,12,1,1,1
86,6,912,812,12,13,1,1,1
86,7,747,817,14,13,1,1,1
86,8,563,832,15,11,1,1,1
86,9,428,822,17,13,1,1,1
86,10,384,888,20,14,1,1,1
86,11,198,951,22,17,1,1,1
87,2,1304,935,19,17,1,1,1
87,3,1157,898,18,14,1,1,1
87,4,1091,797,16,13,1,1,1
87,5,1012,818,15,12,1,1,1
87,6,912,814,13,12,1,1,1
87,7,745,819,15,13,1,1,1
87,8,561,834,15,14,1,1,1
87,9,429,822,17,13,1,1,1
87,10,387,887,18,15,1,1,1
87,11,200,950,22,16,1,1,1
88,2,1303,938,20,16,1,1,1
88,3,1156,900,18,14,1,1,1
88,4,1092,798,14,11,1,1,1
88,5,1013,818,13,12,1,1,1
88,6,911,815,14,11,1,1,1
88,7,744,822,14,13,1,1,1
88,8,560,836,16,13,1,1,1
88,9,430,822,17,13,1,1,1
88,10,387,886,20,15,1,1,1
88,11,201,949,23,16,1,1,1
89,2,1302,939,21,17,1,1,1
89,3,1156,902,18,14,1,1,1
89,4,1092,798,15,14,1,1,1
89,5,1014,817,14,12,1,1,1
89,6,911,816,14,12,1,1,1
89,7,743,823,15,13,1,1,1
89,8,559,838,16,12,1,1,1
89,9,431,822,15,13,1,1,1
89,10,388,886,19,14,1,1,1
89,11,203,947,24,17,1,1,1
90,2,1302,941,21,17,1,1,1
90,3,1155,904,18,14,1,1,1
90,4,1093,798,15,14,1,1,1
90,5,1015,816,12,13,1,1,1
90,6,911,817,14,12,1,1,1
90,7,742,826,16,13,1,1,1
90,8,558,840,16,14,1,1,1
90,9,432,821,15,13,1,1,1
90,10,391,884,16,15,1,1,1
90,11,205,945,25,17,1,1,1
91,2,1301,942,22,17,1,1,1
91,3,1154,905,17,14,1,1,1
91,4,1093,799,15,13,1,1,1
91,5,1016,816,13,12,1,1,1
91,6,911,818,15,12,1,1,1
91,7,741,828,16,13,1,1,1
91,8,557,842,17,12,1,1,1
91,9,434,821,16,13,1,1,1
91,10,393,883,18,14,1,1,1
91,11,208,943,25,16,1,1,1
92,2,1300,943,23,17,1,1,1
92,3,1155,906,17,15,1,1,1
92,4,1094,799,15,13,1,1,1
92,5,1015,815,15,12,1,1,1
92,6,910,818,16,11,1,1,1
92,7,740,829,17,13,1,1,1
92,8,556,843,18,13,1,1,1
92,9,435,820,16,13,1,1,1
92,10,395,881,16,15,1,1,1
92,11,211,941,24,16,1,1,1
93,2,1300,944,22,17,1,1,1
93,3,1153,907,19,15,1,1,1
93,4,1094,799,15,13,1,1,1
93,5,1016,814,15,12,1,1,1
93,6,912,818,12,13,1,1,1
93,7,740,830,16,13,1,1,1
93,8,556,844,17,14,1,1,1
93,9,437,819,15,13,1,1,1
93,10,397,880,17,14,1,1,1
93,11,213,938,26,17,1,1,1
94,2,1299,945,23,16,1,1,1
94,3,1153,908,17,14,1,1,1
94,4,1094,799,16,13,1,1,1
94,5,1017,813,15,12,1,1,1
94,6,911,819,16,12,1,1,1
94,7,739,832,17,13,1,1,1
94,8,556,845,17,14,1,1,1
94,9,438,818,16,13,1,1,1
94,10,399,878,17,14,1,1,1
94,11,216,935,26,17,1,1,1
95,2,1299,945,23,17,1,1,1
95,3,1152,909,19,14,1,1,1
95,4,1095,798,15,13,1,1,1
95,5,1019,811,14,13,1,1,1
95,6,911,819,16,12,1,1,1
95,7,739,833,16,13,1,1,1
95,8,556,847,17,13,1,1,1
95,9,440,817,17,13,1,1,1
95,10,403,875,16,13,1,1,1
95,11,221,931,25,16,1,1,1
96,2,1299,945,23,16,1,1,1
96,3,1153,909,18,14,1,1,1
96,4,1097,797,13,13,1,1,1
96,5,1018,810,16,12,1,1,1
96,6,911,819,16,10,1,1,1
96,7,740,835,15,12,1,1,1
96,8,556,847,17,14,1,1,1
96,9,442,815,14,13,1,1,1
96,10,404,873,18,13,1,1,1
96,11,225,927,25,17,1,1,1
97,2,1299,944,23,17,1,1,1
97,3,1153,910,17,14,1,1,1
97,4,1096,796,17,13,1,1,1
97,5,1021,808,14,12,1,1,1
97,6,913,819,15,12,1,1,1
97,7,740,836,15,12,1,1,1
97,8,556,848,15,13,1,1,1
97,9,445,814,15,13,1,1,1
97,10,407,870,18,13,1,1,1
97,11,229,924,24,16,1,1,1
98,2,1298,944,23,17,1,1,1
98,3,1153,910,17,14,1,1,1
98,4,1097,796,17,13,1,1,1
98,5,1020,807,15,12,1,1,1
98,6,912,818,16,13,1,1,1
98,7,739,836,16,13,1,1,1
98,8,557,848,17,13,1,1,1
98,9,446,813,16,12,1,1,1
98,10,408,869,19,14,1,1,1
98,11,232,922,24,16,1,1,1
99,2,1299,943,22,17,1,1,1
99,3,1153,909,17,14,1,1,1
99,4,1098,795,17,13,1,1,1
99,5,1021,805,14,13,1,1,1
99,6,913,818,15,12,1,1,1
99,7,740,837,15,12,1,1,1
99,8,557,849,17,13,1,1,1
99,9,446,812,18,13,1,1,1
99,10,410,866,20,14,1,1,1
99,11,235,918,24,17,1,1,1
100,2,1299,941,22,17,1,1,1
100,3,1153,908,17,14,1,1,1
100,4,1099,793,17,13,1,1,1
100,5,1022,803,16,11,1,1,1
100,6,915,817,13,12,1,1,1
100,7,739,837,16,13,1,1,1
100,8,558,849,17,13,1,1,1
100,9,449,810,18,13,1,1,1
100,10,414,862,20,15,1,1,1
100,11,242,913,23,16,1,1,1
101,2,1299,939,22,16,1,1,1
101,3,1154,908,16,15,1,1,1
101,4,1101,791,16,13,1,1,1
101,5,1023,801,16,12,1,1,1
101,6,914,816,14,13,1,1,1
101,7,739,837,15,12,1,1,1
101,8,560,849,15,13,1,1,1
101,9,451,808,16,13,1,1,1
101,10,416,860,20,15,1,1,1
101,11,245,910,23,15,1,1,1
102,2,1299,939,22,15,1,1,1
102,3,1154,908,16,14,1,1,1
102,4,1100,791,17,13,1,1,1
102,5,1025,800,14,12,1,1,1
102,6,915,816,15,10,1,1,1
102,7,741,837,13,12,1,1,1
102,8,559,849,17,13,1,1,1
102,9,452,808,16,13,1,1,1
102,10,418,859,18,14,1,1,1
102,11,246,908,24,17,1,1,1
103,2,1300,936,21,17,1,1,1
103,3,1154,906,16,14,1,1,1
103,4,1101,789,17,13,1,1,1
103,5,1025,798,14,12,1,1,1
103,6,916,815,15,12,1,1,1
103,7,740,837,15,12,1,1,1
103,8,560,848,15,13,1,1,1
103,9,454,806,18,13,1,1,1
103,10,421,856,20,13,1,1,1
103,11,251,904,23,17,1,1,1
104,2,1301,934,20,15,1,1,1
104,3,1155,905,16,15,1,1,1
104,4,1104,787,15,12,1,1,1
104,5,1026,796,14,12,1,1,1
104,6,917,814,13,12,1,1,1
104,7,741,837,15,13,1,1,1
104,8,562,848,14,13,1,1,1
104,9,456,804,18,13,1,1,1
104,10,424,853,20,15,1,1,1
104,11,256,901,23,16,1,1,1
104,12,165,1073,10,7,1,1,1
105,2,1301,932,20,15,1,1,1
105,3,1156,905,15,14,1,1,1
105,4,1103,786,17,13,1,1,1
105,5,1027,794,15,13,1,1,1
105,6,918,812,13,13,1,1,1
105,7,742,836,14,13,1,1,1
105,8,562,847,16,13,1,1,1
105,9,458,803,18,13,1,1,1
105,10,426,851,20,15,1,1,1
105,11,259,898,22,17,1,1,1
105,12,158,1070,30,10,1,1,1
106,2,1301,930,20,16,1,1,1
106,3,1155,903,17,15,1,1,1
106,4,1106,784,15,12,1,1,1
106,5,1028,792,14,13,1,1,1
106,6,918,811,14,13,1,1,1
106,7,742,836,15,12,1,1,1
106,8,564,846,15,14,1,1,1
106,9,460,802,18,13,1,1,1
106,10,429,849,17,15,1,1,1
106,11,263,895,22,17,1,1,1
106,12,163,1066,29,14,1,1,1
107,2,1302,925,19,16,1,1,1
107,3,1155,901,18,13,1,1,1
107,4,1108,781,14,13,1,1,1
107,5,1030,789,15,12,1,1,1
107,6,920,809,14,12,1,1,1
107,7,743,835,15,12,1,1,1
107,8,565,845,16,13,1,1,1
107,9,465,800,16,13,1,1,1
107,10,434,845,19,14,1,1,1
107,11,270,890,22,16,1,1,1
107,12,171,1057,29,21,1,1,1
108,2,1302,921,20,17,1,1,1
108,3,1156,899,18,14,1,1,1
108,4,1108,779,16,12,1,1,1
108,5,1031,787,14,12,1,1,1
108,6,920,806,14,13,1,1,1
108,7,744,834,15,13,1,1,1
108,8,567,843,16,13,1,1,1
108,9,466,798,17,13,1,1,1
108,10,437,842,20,14,1,1,1
108,11,275,886,22,16,1,1,1
108,12,178,1051,28,20,1,1,1
109,2,1302,919,20,16,1,1,1
109,3,1156,897,18,15,1,1,1
109,4,1109,778,14,12,1,1,1
109,5,1032,786,15,12,1,1,1
109,6,922,805,14,12,1,1,1
109,7,746,833,14,12,1,1,1
109,8,568,842,15,13,1,1,1
109,9,467,797,17,13,1,1,1
109,10,439,841,20,13,1,1,1
109,11,278,883,21,17,1,1,1
109,12,182,1047,27,20,1,1,1
110,2,1302,916,21,17,1,1,1
110,3,1158,896,17,13,1,1,1
110,4,1111,776,14,13,1,1,1
110,5,1033,784,15,13,1,1,1
110,6,921,804,16,10,1,1,1
110,7,745,832,16,12,1,1,1
110,8,569,841,17,12,1,1,1
110,9,469,796,18,13,1,1,1
110,10,442,839,19,14,1,1,1
110,11,281,881,22,16,1,1,1
110,12,187,1043,27,20,1,1,1
111,2,1302,914,21,16,1,1,1
111,3,1157,895,18,14,1,1,1
111,4,1111,775,14,12,1,1,1
111,5,1035,783,12,12,1,1,1
111,6,922,802,14,10,1,1,1
111,7,746,831,16,13,1,1,1
111,8,571,839,14,13,1,1,1
111,9,473,795,16,12,1,1,1
111,10,444,837,20,14,1,1,1
111,11,285,878,21,16,1,1,1
111,12,192,1038,26,21,1,1,1
112,2,1303,910,21,17,1,1,1
112,3,1158,892,18,15,1,1,1
112,4,1112,773,15,13,1,1,1
112,5,1037,781,13,11,1,1,1
112,6,923,800,16,10,1,1,1
112,7,747,829,15,12,1,1,1
112,8,572,837,15,13,1,1,1
112,9,474,793,15,13,1,1,1
112,10,449,834,18,14,1,1,1
112,11,290,875,21,16,1,1,1
112,12,198,1032,26,21,1,1,1
113,2,1303,908,22,17,1,1,1
113,3,1158,891,18,13,1,1,1
113,4,1113,772,15,12,1,1,1
113,5,1036,780,15,12,1,1,1
113,6,924,798,15,13,1,1,1
113,7,748,828,15,13,1,1,1
113,8,573,836,16,13,1,1,1
113,9,475,792,18,13,1,1,1
113,10,449,832,20,15,1,1,1
113,11,292,872,22,17,1,1,1
113,12,202,1029,25,20,1,1,1
114,1,1443,1073,21,7,1,1,1
114,2,1303,905,22,16,1,1,1
114,3,1159,889,18,15,1,1,1
114,4,1115,770,14,13,1,1,1
114,5,1038,778,14,12,1,1,1
114,6,926,797,15,12,1,1,1
114,7,749,827,17,13,1,1,1
114,8,575,834,16,13,1,1,1
114,9,478,790,16,13,1,1,1
114,10,453,830,19,14,1,1,1
114,11,296,868,22,17,1,1,1
114,12,209,1023,24,21,1,1,1
115,1,1445,1070,21,10,1,1,1
115,2,1304,902,21,15,1,1,1
115,3,1160,887,18,15,1,1,1
115,4,1116,768,14,12,1,1,1
115,5,1038,776,15,11,1,1,1
115,6,926,794,16,12,1,1,1
115,7,750,825,17,13,1,1,1
115,8,577,832,17,13,1,1,1
115,9,480,788,18,12,1,1,1
115,10,456,827,19,15,1,1,1
115,11,301,865,22,17,1,1,1
115,12,215,1018,23,21,1,1,1
115,15,883,1072,12,8,1,1,1
116,1,1445,1065,24,15,1,1,1
116,2,1304,899,22,16,1,1,1
116,3,1160,885,19,15,1,1,1
116,4,1117,766,15,12,1,1,1
116,5,1039,774,15,12,1,1,1
116,6,927,792,16,12,1,1,1
116,7,751,824,17,12,1,1,1
116,8,579,830,17,13,1,1,1
116,9,482,787,18,13,1,1,1
116,10,458,825,20,14,1,1,1
116,11,304,862,22,16,1,1,1
116,12,220,1014,23,20,1,1,1
116,15,880,1067,28,13,1,1,1
117,1,1447,1062,22,18,1,1,1
117,2,1305,896,22,15,1,1,1
117,3,1161,884,19,13,1,1,1
117,4,1118,765,14,12,1,1,1
117,5,1040,773,15,11,1,1,1
117,6,929,791,15,12,1,1,1
117,7,754,822,15,13,1,1,1
117,8,580,828,18,12,1,1,1
117,9,484,785,18,13,1,1,1
117,10,461,823,19,14,1,1,1
117,11,308,858,22,17,1,1,1
117,12,226,1009,22,20,1,1,1
117,15,884,1061,28,19,1,1,1
117,16,1166,1074,11,6,1,1,1
118,1,1447,1059,23,20,1,1,1
118,2,1305,894,22,16,1,1,1
118,3,1162,883,18,14,1,1,1
118,4,1119,763,14,12,1,1,1
118,5,1041,771,15,11,1,1,1
118,6,929,789,14,12,1,1,1
118,7,754,821,16,13,1,1,1
118,8,582,827,16,13,1,1,1
118,9,486,783,17,12,1,1,1
118,10,466,820,16,15,1,1,1
118,11,311,855,23,17,1,1,1
118,12,230,1005,23,20,1,1,1
118,15,888,1056,28,24,1,1,1
118,16,1161,1069,27,11,1,1,1
119,1,1449,1054,22,20,1,1,1
119,2,1306,890,22,16,1,1,1
119,3,1163,880,18,15,1,1,1
119,4,1120,761,15,13,1,1,1
119,5,1042,769,15,12,1,1,1
119,6,930,787,16,12,1,1,1
119,7,755,819,17,13,1,1,1
119,8,584,824,16,12,1,1,1
119,9,489,781,17,13,1,1,1
119,10,467,817,19,15,1,1,1
119,11,316,850,22,17,1,1,1
119,12,236,999,24,20,1,1,1
119,15,893,1049,27,25,1,1,1
119,16,1163,1062,27,18,1,1,1
120,1,1450,1050,22,20,1,1,1
120,2,1307,887,21,17,1,1,1
120,3,1163,879,19,14,1,1,1
120,4,1121,759,15,13,1,1,1
120,5,1044,767,13,12,1,1,1
120,6,931,784,16,12,1,1,1
120,7,758,817,15,13,1,1,1
120,8,586,823,16,11,1,1,1
120,9,491,778,17,13,1,1,1
120,10,470,815,19,14,1,1,1
120,11,320,847,23,16,1,1,1
120,12,242,995,24,19,1,1,1
120,15,897,1043,28,24,1,1,1
120,16,1165,1056,27,22,1,1,1
121,1,1451,1047,21,20,1,1,1
121,2,1307,885,21,16,1,1,1
121,3,1164,876,19,15,1,1,1
121,4,1122,758,15,12,1,1,1
121,5,1046,765,12,11,1,1,1
121,6,932,783,14,12,1,1,1
121,7,758,816,16,13,1,1,1
121,8,588,821,17,13,1,1,1
121,9,493,777,17,12,1,1,1
121,10,473,812,19,14,1,1,1
121,11,324,844,22,16,1,1,1
121,12,247,991,23,19,1,1,1
121,15,901,1038,28,24,1,1,1
121,16,1167,1051,27,22,1,1,1
122,1,1452,1043,21,21,1,1,1
122,2,1308,882,21,16,1,1,1
122,3,1165,875,18,15,1,1,1
122,4,1123,756,15,13,1,1,1
122,5,1047,764,13,11,1,1,1
122,6,934,781,15,13,1,1,1
122,7,759,814,15,13,1,1,1
122,8,589,819,18,13,1,1,1
122,9,495,775,17,13,1,1,1
122,10,475,810,19,14,1,1,1
122,11,328,840,22,16,1,1,1
122,12,252,986,23,20,1,1,1
122,15,905,1033,27,23,1,1,1
122,16,1169,1046,27,22,1,1,1
123,1,1453,1039,21,20,1,1,1
123,2,1308,879,22,16,1,1,1
123,3,1166,873,18,15,1,1,1
123,4,1124,754,15,13,1,1,1
123,5,1046,761,15,12,1,1,1
123,6,935,779,15,13,1,1,1
123,7,762,813,15,13,1,1,1
123,8,592,817,17,13,1,1,1
123,9,497,772,17,13,1,1,1
123,10,478,807,19,14,1,1,1
123,11,332,836,22,16,1,1,1
123,12,258,982,23,19,1,1,1
123,15,909,1026,28,24,1,1,1
123,16,1171,1040,27,22,1,1,1
124,1,1454,1034,21,19,1,1,1
124,2,1309,876,21,16,1,1,1
124,3,1167,872,18,14,1,1,1
124,4,1125,752,15,13,1,1,1
124,5,1047,759,15,12,1,1,1
124,6,935,777,16,12,1,1,1
124,7,763,811,15,12,1,1,1
124,8,595,815,16,13,1,1,1
124,9,499,770,17,13,1,1,1
124,10,481,804,19,14,1,1,1
124,11,335,832,23,16,1,1,1
124,12,263,977,23,20,1,1,1
124,15,913,1021,27,23,1,1,1
124,16,1173,1035,27,22,1,1,1
125,1,1455,1029,21,19,1,1,1
125,2,1310,873,21,16,1,1,1
125,3,1168,870,18,14,1,1,1
125,4,1126,750,14,13,1,1,1
125,5,1048,758,13,11,1,1,1
125,6,936,776,14,11,1,1,1
125,7,763,810,17,12,1,1,1
125,8,597,813,16,13,1,1,1
125,9,501,767,17,14,1,1,1
125,10,484,801,19,14,1,1,1
125,11,339,828,23,16,1,1,1
125,12,269,972,22,20,1,1,1
125,15,917,1014,28,23,1,1,1
125,16,1175,1029,27,22,1,1,1
126,1,1455,1025,22,21,1,1,1
126,2,1310,870,21,17,1,1,1
126,3,1170,867,17,14,1,1,1
126,4,1128,748,14,13,1,1,1
126,5,1049,755,14,12,1,1,1
126,6,938,774,15,13,1,1,1
126,7,765,809,14,12,1,1,1
126,8,597,812,17,13,1,1,1
126,9,503,766,17,13,1,1,1
126,10,486,799,19,14,1,1,1
126,11,342,825,23,16,1,1,1
126,12,273,968,23,20,1,1,1
126,15,920,1009,28,23,1,1,1
126,16,1177,1025,26,21,1,1,1
127,1,1456,1020,22,21,1,1,1
127,2,1311,867,21,16,1,1,1
127,3,1169,865,19,15,1,1,1
127,4,1128,746,14,13,1,1,1
127,5,1050,753,14,12,1,1,1
127,6,938,772,16,13,1,1,1
127,7,766,807,16,13,1,1,1
127,8,599,810,16,13,1,1,1
127,9,505,763,17,13,1,1,1
127,10,489,796,19,14,1,1,1
127,11,347,821,22,16,1,1,1
127,12,279,962,22,21,1,1,1
127,15,924,1002,28,23,1,1,1
127,16,1179,1019,27,22,1,1,1
128,1,1457,1015,22,20,1,1,1
128,2,1311,864,22,16,1,1,1
128,3,1172,862,17,15,1,1,1
128,4,1129,743,14,13,1,1,1
128,5,1051,751,16,11,1,1,1
128,6,940,770,15,13,1,1,1
128,7,768,805,16,13,1,1,1
128,8,602,808,15,13,1,1,1
128,9,509,760,16,13,1,1,1
128,10,494,792,17,14,1,1,1
128,11,351,816,23,16,1,1,1
128,12,285,957,22,20,1,1,1
128,15,930,996,26,22,1,1,1
128,16,1181,1013,27,22,1,1,1
129,1,1458,1008,23,19,1,1,1
129,2,1312,858,22,16,1,1,1
129,3,1172,859,19,13,1,1,1
129,4,1131,740,15,12,1,1,1
129,5,1053,747,14,12,1,1,1
129,6,941,768,16,12,1,1,1
129,7,770,803,16,13,1,1,1
129,8,605,805,15,13,1,1,1
129,9,512,757,13,12,1,1,1
129,10,497,788,18,14,1,1,1
129,11,357,810,22,16,1,1,1
129,12,293,950,22,19,1,1,1
129,15,935,986,27,22,1,1,1
129,16,1184,1004,26,22,1,1,1
130,1,1459,1003,22,19,1,1,1
130,2,1314,855,20,16,1,1,1
130,3,1173,856,17,15,1,1,1
130,4,1133,737,13,13,1,1,1
130,5,1054,745,14,11,1,1,1
130,6,942,766,16,11,1,1,1
130,7,773,801,13,12,1,1,1
130,8,608,804,14,12,1,1,1
130,9,512,754,17,13,1,1,1
130,10,499,785,19,14,1,1,1
130,11,361,806,22,16,1,1,1
130,12,298,945,23,19,1,1,1
130,15,938,981,27,21,1,1,1
130,16,1186,999,27,22,1,1,1
131,1,1460,995,23,20,1,1,1
131,2,1315,850,20,16,1,1,1
131,3,1175,852,18,14,1,1,1
131,4,1133,734,14,12,1,1,1
131,5,1057,741,13,12,1,1,1
131,6,945,763,13,12,1,1,1
131,7,775,799,15,13,1,1,1
131,8,611,800,15,13,1,1,1
131,9,515,750,17,13,1,1,1
131,10,503,781,19,13,1,1,1
131,11,366,800,22,16,1,1,1
131,12,305,937,24,20,1,1,1
131,15,944,971,27,22,1,1,1
131,16,1189,991,26,22,1,1,1
132,1,1461,992,22,18,1,1,1
132,2,1315,846,21,15,1,1,1
132,3,1176,851,18,14,1,1,1
132,4,1134,731,15,13,1,1,1
132,5,1056,739,14,12,1,1,1
132,6,945,761,14,12,1,1,1
132,7,776,797,15,13,1,1,1
132,8,613,798,15,13,1,1,1
132,9,517,748,17,12,1,1,1
132,10,506,778,18,13,1,1,1
132,11,370,796,22,16,1,1,1
132,12,310,933,23,19,1,1,1
132,15,947,966,27,21,1,1,1
132,16,1191,985,26,22,1,1,1
133,1,1462,983,22,18,1,1,1
133,2,1316,840,21,16,1,1,1
133,3,1177,846,18,13,1,1,1
133,4,1135,727,16,12,1,1,1
133,5,1059,735,13,12,1,1,1
133,6,948,757,14,13,1,1,1
133,7,777,795,14,11,1,1,1
133,8,614,795,17,13,1,1,1
133,9,520,743,17,13,1,1,1
133,10,510,773,18,14,1,1,1
133,11,376,790,22,16,1,1,1
133,12,317,925,24,19,1,1,1
133,15,953,956,27,21,1,1,1
133,16,1195,977,25,21,1,1,1
134,1,1463,978,22,16,1,1,1
134,2,1318,836,19,16,1,1,1
134,3,1180,843,16,13,1,1,1
134,4,1136,724,16,12,1,1,1
134,5,1059,732,15,12,1,1,1
134,6,947,755,16,13,1,1,1
134,7,779,792,14,12,1,1,1
134,8,616,793,17,11,1,1,1
134,9,522,740,17,13,1,1,1
134,10,512,770,19,13,1,1,1
134,11,381,786,21,15,1,1,1
134,12,323,919,23,19,1,1,1
134,15,957,949,26,21,1,1,1
134,16,1196,971,26,21,1,1,1
135,1,1464,971,22,18,1,1,1
135,2,1319,830,19,16,1,1,1
135,3,1180,840,18,14,1,1,1
135,4,1137,721,16,12,1,1,1
135,5,1061,729,14,11,1,1,1
135,6,950,753,14,12,1,1,1
135,7,781,790,16,12,1,1,1
135,8,618,789,17,13,1,1,1
135,9,524,736,17,13,1,1,1
135,10,516,766,17,13,1,1,1
135,11,386,780,21,14,1,1,1
135,12,329,912,25,18,1,1,1
135,15,961,941,27,20,1,1,1
135,16,1199,964,26,20,1,1,1
136,1,1465,965,21,18,1,1,1
136,2,1320,826,19,16,1,1,1
136,3,1181,836,18,14,1,1,1
136,4,1138,717,16,12,1,1,1
136,5,1062,726,15,12,1,1,1
136,6,951,750,13,12,1,1,1
136,7,783,787,16,12,1,1,1
136,8,621,787,16,11,1,1,1
136,9,527,733,17,12,1,1,1
136,10,519,762,17,13,1,1,1
136,11,390,775,21,15,1,1,1
136,12,334,906,25,18,1,1,1
136,15,965,934,27,20,1,1,1
136,16,1201,957,25,20,1,1,1
137,1,1465,961,22,19,1,1,1
137,2,1320,823,19,15,1,1,1
137,3,1182,834,18,14,1,1,1
137,4,1139,715,15,13,1,1,1
137,5,1062,725,14,12,1,1,1
137,6,951,748,15,12,1,1,1
137,7,785,786,15,13,1,1,1
137,8,624,785,15,12,1,1,1
137,9,528,731,17,12,1,1,1
137,10,521,760,18,13,1,1,1
137,11,393,772,21,16,1,1,1
137,12,338,902,24,18,1,1,1
137,15,967,930,26,20,1,1,1
137,16,1203,954,24,20,1,1,1
138,1,1466,956,21,17,1,1,1
138,2,1321,818,19,16,1,1,1
138,3,1183,831,18,14,1,1,1
138,4,1140,712,15,13,1,1,1
138,5,1063,722,14,12,1,1,1
138,6,953,746,14,11,1,1,1
138,7,785,783,15,13,1,1,1
138,8,624,782,16,13,1,1,1
138,9,530,727,17,13,1,1,1
138,10,525,756,17,13,1,1,1
138,11,397,768,21,15,1,1,1
138,12,343,896,24,18,1,1,1
138,15,971,923,26,20,1,1,1
138,16,1205,948,24,19,1,1,1
139,1,1466,949,22,19,1,1,1
139,2,1322,813,19,15,1,1,1
139,3,1185,826,17,15,1,1,1
139,4,1141,709,14,12,1,1,1
139,5,1064,719,14,12,1,1,1
139,6,954,743,14,12,1,1,1
139,7,787,780,15,13,1,1,1
139,8,628,779,15,13,1,1,1
139,9,532,723,17,13,1,1,1
139,10,527,752,18,13,1,1,1
139,11,402,762,21,15,1,1,1
139,12,349,889,24,18,1,1,1
139,13,205,1067,35,13,1,1,1
139,15,975,914,26,20,1,1,1
139,16,1207,940,24,20,1,1,1
140,1,1467,946,21,17,1,1,1
140,2,1322,811,19,14,1,1,1
140,3,1186,824,17,14,1,1,1
140,4,1143,707,13,11,1,1,1
140,5,1066,717,14,12,1,1,1
140,6,954,742,15,12,1,1,1
140,7,788,779,16,12,1,1,1
140,8,627,778,17,11,1,1,1
140,9,534,721,17,13,1,1,1
140,10,528,750,17,13,1,1,1
140,11,406,760,19,14,1,1,1
140,12,352,886,25,17,1,1,1
140,13,210,1061,35,19,1,1,1
140,15,977,910,26,20,1,1,1
140,16,1208,937,24,19,1,1,1
141,1,1467,940,22,19,1,1,1
141,2,1325,807,17,15,1,1,1
141,3,1186,822,18,13,1,1,1
141,4,1142,704,16,10,1,1,1
141,5,1066,715,15,12,1,1,1
141,6,955,740,14,9,1,1,1
141,7,791,777,14,13,1,1,1
141,8,629,775,17,13,1,1,1
141,9,536,718,16,12,1,1,1
141,10,531,746,18,14,1,1,1
141,11,408,755,21,15,1,1,1
141,12,356,880,26,17,1,1,1
141,13,218,1052,35,25,1,1,1
141,15,981,904,25,19,1,1,1
141,16,1210,930,24,19,1,1,1
142,1,1468,936,21,16,1,1,1
142,2,1324,803,19,15,1,1,1
142,3,1187,818,18,14,1,1,1
142,4,1143,701,16,12,1,1,1
142,5,1068,712,14,12,1,1,1
142,6,957,737,12,12,1,1,1
142,7,791,775,14,10,1,1,1
142,8,632,772,16,13,1,1,1
142,9,538,715,15,12,1,1,1
142,10,533,743,17,13,1,1,1
142,11,412,751,20,14,1,1,1
142,12,361,875,25,17,1,1,1
142,13,225,1042,35,26,1,1,1
142,15,983,897,25,19,1,1,1
142,16,1212,925,23,19,1,1,1
143,1,1469,930,20,18,1,1,1
143,2,1325,799,19,15,1,1,1
143,3,1188,815,18,14,1,1,1
143,4,1144,698,16,12,1,1,1
143,5,1068,710,15,12,1,1,1
143,6,957,735,14,11,1,1,1
143,7,793,772,16,13,1,1,1
143,8,632,770,17,13,1,1,1
143,9,539,712,17,11,1,1,1
143,10,535,740,19,13,1,1,1
143,11,417,746,19,15,1,1,1
143,12,365,869,25,17,1,1,1
143,13,233,1032,34,26,1,1,1
143,15,986,890,25,19,1,1,1
143,16,1214,919,23,19,1,1,1
144,1,1469,924,21,16,1,1,1
144,2,1326,794,17,16,1,1,1
144,3,1189,811,18,14,1,1,1
144,4,1145,695,14,12,1,1,1
144,5,1070,707,14,12,1,1,1
144,6,959,732,12,12,1,1,1
144,7,794,770,15,12,1,1,1
144,8,634,767,17,12,1,1,1
144,9,541,708,17,13,1,1,1
144,10,538,736,16,13,1,1,1
144,11,420,741,20,15,1,1,1
144,12,370,863,25,17,1,1,1
144,13,241,1022,34,25,1,1,1
144,15,989,883,25,19,1,1,1
144,16,1216,912,22,19,1,1,1
145,1,1469,918,21,17,1,1,1
145,2,1327,789,19,16,1,1,1
145,3,1191,807,17,14,1,1,1
145,4,1147,691,14,13,1,1,1
145,5,1070,704,15,12,1,1,1
145,6,959,730,14,9,1,1,1
145,7,796,767,15,13,1,1,1
145,8,636,764,17,11,1,1,1
145,9,543,704,17,13,1,1,1
145,10,541,732,18,13,1,1,1
145,11,425,736,20,15,1,1,1
145,12,376,857,24,17,1,1,1
145,13,250,1010,34,26,1,1,1
145,15,993,875,24,19,1,1,1
145,16,1218,905,22,16,1,1,1
146,1,1470,912,20,16,1,1,1
146,2,1327,785,19,15,1,1,1
146,3,1192,804,17,13,1,1,1
146,4,1147,688,14,13,1,1,1
146,5,1072,701,13,12,1,1,1
146,6,961,727,12,10,1,1,1
146,7,799,765,13,12,1,1,1
146,8,638,761,15,13,1,1,1
146,9,545,701,17,13,1,1,1
146,10,543,728,18,13,1,1,1
146,11,428,732,20,14,1,1,1
146,12,380,852,25,16,1,1,1
146,13,257,1001,33,25,1,1,1
146,15,995,869,25,18,1,1,1
146,16,1220,899,21,18,1,1,1
147,1,1470,904,21,17,1,1,1
147,2,1328,779,20,14,1,1,1
147,3,1193,798,18,14,1,1,1
147,4,1148,684,16,12,1,1,1
147,5,1073,697,14,12,1,1,1
147,6,961,723,15,12,1,1,1
147,7,799,761,17,13,1,1,1
147,8,640,757,17,12,1,1,1
147,9,548,697,17,12,1,1,1
147,10,547,723,16,12,1,1,1
147,11,434,725,19,15,1,1,1
147,12,386,844,25,16,1,1,1
147,13,268,987,32,25,1,1,1
147,15,999,859,25,18,1,1,1
147,16,1222,891,22,17,1,1,1
148,1,1470,899,21,17,1,1,1
148,2,1329,775,17,15,1,1,1
148,3,1194,795,18,14,1,1,1
148,4,1150,681,14,13,1,1,1
148,5,1073,695,14,12,1,1,1
148,6,962,721,14,10,1,1,1
148,7,802,759,15,12,1,1,1
148,8,641,754,16,13,1,1,1
148,9,550,694,15,12,1,1,1
148,10,548,720,19,13,1,1,1
148,11,437,721,20,15,1,1,1
148,12,390,839,25,16,1,1,1
148,13,274,978,32,25,1,1,1
148,15,1002,853,24,17,1,1,1
148,16,1223,885,22,18,1,1,1
149,1,1471,891,21,16,1,1,1
149,2,1330,770,19,14,1,1,1
149,3,1196,790,17,14,1,1,1
149,4,1150,677,16,12,1,1,1
149,5,1076,691,12,12,1,1,1
149,6,963,718,15,12,1,1,1
149,7,803,755,16,12,1,1,1
149,8,643,751,17,12,1,1,1
149,9,552,689,17,12,1,1,1
149,10,551,715,19,12,1,1,1
149,11,442,715,20,15,1,1,1
149,12,397,831,24,17,1,1,1
149,13,284,965,32,25,1,1,1
149,15,1006,843,23,18,1,1,1
149,16,1225,877,22,18,1,1,1
150,1,1471,886,21,16,1,1,1
150,2,1331,766,19,15,1,1,1
150,3,1197,788,17,13,1,1,1
150,4,1151,675,14,12,1,1,1
150,5,1075,689,14,12,1,1,1
150,6,965,716,12,12,1,1,1
150,7,804,753,16,12,1,1,1
150,8,645,748,15,12,1,1,1
150,9,554,686,16,13,1,1,1
150,10,554,712,17,12,1,1,1
150,11,447,712,18,14,1,1,1
150,12,400,827,24,16,1,1,1
150,13,290,958,31,24,1,1,1
150,15,1007,838,24,18,1,1,1
150,16,1227,872,21,18,1,1,1
151,1,1471,879,21,17,1,1,1
151,2,1332,761,19,15,1,1,1
151,3,1198,783,16,12,1,1,1
151,4,1153,671,14,12,1,1,1
151,5,1077,686,14,11,1,1,1
151,6,966,713,12,12,1,1,1
151,7,807,750,15,13,1,1,1
151,8,647,744,16,13,1,1,1
151,9,556,682,17,13,1,1,1
151,10,556,708,18,13,1,1,1
151,11,450,707,19,14,1,1,1
151,12,405,820,24,16,1,1,1
151,13,299,946,30,24,1,1,1
151,15,1011,830,23,17,1,1,1
151,16,1228,865,22,17,1,1,1
152,1,1471,873,21,17,1,1,1
152,2,1333,756,19,14,1,1,1
152,3,1199,779,15,14,1,1,1
152,4,1153,668,15,12,1,1,1
152,5,1077,683,14,11,1,1,1
152,6,966,710,15,12,1,1,1
152,7,807,748,14,12,1,1,1
152,8,649,741,15,13,1,1,1
152,9,558,679,17,12,1,1,1
152,10,559,704,17,12,1,1,1
152,11,454,702,19,13,1,1,1
152,12,410,815,24,16,1,1,1
152,13,305,937,31,23,1,1,1
152,15,1013,823,23,17,1,1,1
152,16,1230,859,21,16,1,1,1
153,1,1472,867,20,15,1,1,1
153,2,1334,752,19,13,1,1,1
153,3,1200,775,18,14,1,1,1
153,4,1154,665,13,12,1,1,1
153,5,1078,680,14,11,1,1,1
153,6,968,708,14,11,1,1,1
153,7,809,745,16,12,1,1,1
153,8,650,738,17,12,1,1,1
153,9,560,676,15,12,1,1,1
153,10,561,700,18,13,1,1,1
153,11,458,697,19,15,1,1,1
153,12,414,809,24,16,1,1,1
153,13,313,927,30,23,1,1,1
153,15,1016,816,23,17,1,1,1
153,16,1232,853,20,17,1,1,1
154,1,1472,861,20,16,1,1,1
154,2,1334,747,18,13,1,1,1
154,3,1202,771,17,14,1,1,1
154,4,1156,662,13,11,1,1,1
154,5,1079,677,14,11,1,1,1
154,6,969,705,12,11,1,1,1
154,7,810,742,16,12,1,1,1
154,8,652,734,15,13,1,1,1
154,9,562,672,17,11,1,1,1
154,10,563,697,18,12,1,1,1
154,11,462,693,19,13,1,1,1
154,12,419,803,24,16,1,1,1
154,13,320,917,30,23,1,1,1
154,15,1019,808,22,17,1,1,1
154,16,1233,846,21,17,1,1,1
155,1,1472,853,21,16,1,1,1
155,2,1335,741,18,14,1,1,1
155,3,1203,766,17,14,1,1,1
155,4,1156,657,14,13,1,1,1
155,5,1082,673,14,12,1,1,1
155,6,969,702,15,11,1,1,1
155,7,812,739,16,12,1,1,1
155,8,654,731,15,12,1,1,1
155,9,564,668,17,12,1,1,1
155,10,566,692,18,13,1,1,1
155,11,467,687,19,14,1,1,1
155,12,424,796,24,16,1,1,1
155,13,329,906,30,22,1,1,1
155,15,1021,800,21,17,1,1,1
155,16,1235,839,20,17,1,1,1
156,1,1472,846,21,16,1,1,1
156,2,1337,735,19,14,1,1,1
156,3,1206,762,16,13,1,1,1
156,4,1157,654,14,12,1,1,1
156,5,1082,670,15,11,1,1,1
156,6,970,699,15,12,1,1,1
156,7,814,735,16,13,1,1,1
156,8,656,727,15,11,1,1,1
156,9,567,664,14,12,1,1,1
156,10,569,688,16,13,1,1,1
156,11,472,682,19,14,1,1,1
156,12,429,789,24,16,1,1,1
156,13,337,895,30,22,1,1,1
156,15,1024,792,22,17,1,1,1
156,16,1236,832,21,16,1,1,1
157,1,1472,838,21,16,1,1,1
157,2,1338,729,19,14,1,1,1
157,3,1206,756,17,12,1,1,1
157,4,1158,649,16,13,1,1,1
157,5,1083,666,15,11,1,1,1
157,6,973,695,12,12,1,1,1
157,7,816,732,16,11,1,1,1
157,8,658,722,17,13,1,1,1
157,9,570,659,16,12,1,1,1
157,10,572,683,18,12,1,1,1
157,11,477,676,19,14,1,1,1
157,12,435,781,24,16,1,1,1
157,13,347,882,29,22,1,1,1
157,15,1027,782,23,17,1,1,1
157,16,1238,823,20,16,1,1,1
158,1,1472,834,21,16,1,1,1
158,2,1340,726,18,13,1,1,1
158,3,1207,753,17,14,1,1,1
158,4,1159,647,14,13,1,1,1
158,5,1084,664,15,11,1,1,1
158,6,972,693,14,12,1,1,1
158,7,817,730,16,12,1,1,1
158,8,661,720,15,12,1,1,1
158,9,572,657,14,12,1,1,1
158,10,573,680,18,13,1,1,1
158,11,480,673,19,14,1,1,1
158,12,438,777,24,16,1,1,1
158,13,351,876,30,21,1,1,1
158,14,590,1071,20,9,1,1,1
158,15,1029,778,22,16,1,1,1
158,16,1239,819,20,16,1,1,1
159,1,1472,826,21,16,1,1,1
159,2,1339,719,18,13,1,1,1
159,3,1210,748,15,13,1,1,1
159,4,1160,643,16,13,1,1,1
159,5,1085,660,14,12,1,1,1
159,6,975,690,13,10,1,1,1
159,7,819,726,16,11,1,1,1
159,8,663,716,15,12,1,1,1
159,9,574,652,16,12,1,1,1
159,10,576,675,18,13,1,1,1
159,11,485,667,19,14,1,1,1
159,12,444,769,23,16,1,1,1
159,13,361,864,28,21,1,1,1
159,14,587,1059,30,21,1,1,1
159,15,1032,768,22,17,1,1,1
159,16,1241,811,20,16,1,1,1
160,1,1472,817,21,16,1,1,1
160,2,1341,712,19,15,1,1,1
160,3,1210,742,17,13,1,1,1
160,4,1163,640,14,11,1,1,1
160,5,1087,656,13,11,1,1,1
160,6,975,685,14,12,1,1,1
160,7,821,721,16,13,1,1,1
160,8,664,711,15,12,1,1,1
160,9,577,647,15,13,1,1,1
160,10,580,670,16,13,1,1,1
160,11,491,661,19,14,1,1,1
160,12,451,761,22,15,1,1,1
160,13,371,852,28,20,1,1,1
160,14,594,1047,30,23,1,1,1
160,15,1035,759,22,16,1,1,1
160,16,1243,802,20,16,1,1,1
161,1,1472,810,21,16,1,1,1
161,2,1342,707,19,14,1,1,1
161,3,1212,737,15,13,1,1,1
161,4,1163,636,14,12,1,1,1
161,5,1088,652,15,12,1,1,1
161,6,976,682,15,12,1,1,1
161,7,823,718,16,11,1,1,1
161,8,666,707,15,12,1,1,1
161,9,580,644,14,12,1,1,1
161,10,583,665,17,13,1,1,1
161,11,495,656,18,14,1,1,1
161,12,456,754,22,15,1,1,1
161,13,379,841,28,20,1,1,1
161,14,600,1035,29,24,1,1,1
161,15,1038,751,22,16,1,1,1
161,16,1244,794,20,17,1,1,1
162,1,1472,803,21,15,1,1,1
162,2,1343,701,19,14,1,1,1
162,3,1213,732,17,13,1,1,1
162,4,1164,633,16,12,1,1,1
162,5,1089,649,14,11,1,1,1
162,6,979,679,13,11,1,1,1
162,7,825,714,14,12,1,1,1
162,8,669,703,16,12,1,1,1
162,9,582,640,16,12,1,1,1
162,10,585,661,18,13,1,1,1
162,11,500,651,18,13,1,1,1
162,12,461,747,23,15,1,1,1
162,13,387,830,28,20,1,1,1
162,14,606,1025,29,22,1,1,1
162,15,1040,742,22,17,1,1,1
162,16,1246,787,20,15,1,1,1
163,1,1472,797,21,16,1,1,1
163,2,1344,697,19,14,1,1,1
163,3,1214,729,17,13,1,1,1
163,4,1165,630,14,13,1,1,1
163,5,1092,647,13,9,1,1,1
163,6,978,676,14,11,1,1,1
163,7,827,712,15,11,1,1,1
163,8,670,700,16,12,1,1,1
163,9,584,637,15,12,1,1,1
163,10,587,658,18,12,1,1,1
163,11,504,647,19,14,1,1,1
163,12,464,742,24,15,1,1,1
163,13,393,822,28,20,1,1,1
163,14,610,1016,29,23,1,1,1
163,15,1042,736,22,17,1,1,1
163,16,1246,781,20,16,1,1,1
164,1,1472,786,20,15,1,1,1
164,2,1346,688,18,14,1,1,1
164,3,1216,721,17,12,1,1,1
164,4,1167,626,15,12,1,1,1
164,5,1094,641,13,11,1,1,1
164,6,981,670,14,12,1,1,1
164,7,829,706,16,11,1,1,1
164,8,674,693,14,13,1,1,1
164,9,588,631,14,13,1,1,1
164,10,593,651,16,12,1,1,1
164,11,511,640,19,14,1,1,1
164,12,472,731,24,15,1,1,1
164,13,406,806,28,19,1,1,1
164,14,619,999,29,23,1,1,1
164,15,1046,724,21,16,1,1,1
164,16,1248,769,21,16,1,1,1
165,1,1472,782,21,15,1,1,1
165,2,1346,684,19,14,1,1,1
165,3,1217,718,17,13,1,1,1
165,4,1167,624,16,12,1,1,1
165,5,1093,639,15,12,1,1,1
165,6,981,668,15,12,1,1,1
165,7,831,704,15,11,1,1,1
165,8,674,691,16,12,1,1,1
165,9,591,630,13,12,1,1,1
165,10,593,648,17,13,1,1,1
165,11,514,637,19,14,1,1,1
165,12,476,726,23,16,1,1,1
165,13,410,800,28,19,1,1,1
165,14,623,993,29,23,1,1,1
165,15,1047,719,22,16,1,1,1
165,16,1249,765,20,16,1,1,1
166,1,1472,771,20,15,1,1,1
166,2,1348,676,19,14,1,1,1
166,3,1219,710,17,13,1,1,1
166,4,1170,620,13,10,1,1,1
166,5,1096,635,12,11,1,1,1
166,6,984,663,12,12,1,1,1
166,7,833,697,15,12,1,1,1
166,8,678,685,16,12,1,1,1
166,9,595,624,15,12,1,1,1
166,10,597,641,18,11,1,1,1
166,11,521,630,19,14,1,1,1
166,12,484,716,22,15,1,1,1
166,13,423,785,27,19,1,1,1
166,14,632,977,28,22,1,1,1
166,15,1051,707,22,16,1,1,1
166,16,1251,753,20,16,1,1,1
167,1,1472,763,20,15,1,1,1
167,2,1349,670,19,13,1,1,1
167,3,1221,705,17,13,1,1,1
167,4,1172,616,12,12,1,1,1
167,5,1098,631,13,10,1,1,1
167,6,984,659,15,12,1,1,1
167,7,836,693,15,12,1,1,1
167,8,680,680,16,12,1,1,1
167,9,597,621,15,12,1,1,1
167,10,600,637,18,12,1,1,1
167,11,526,626,18,13,1,1,1
167,12,489,709,22,15,1,1,1
167,13,432,774,27,19,1,1,1
167,14,638,965,29,22,1,1,1
167,15,1053,699,22,16,1,1,1
167,16,1253,745,19,15,1,1,1
168,1,1472,759,20,15,1,1,1
168,2,1350,667,18,13,1,1,1
168,3,1223,703,14,13,1,1,1
168,4,1171,615,16,10,1,1,1
168,5,1098,630,12,11,1,1,1
168,6,985,657,15,12,1,1,1
168,7,837,691,15,12,1,1,1
168,8,681,678,15,12,1,1,1
168,9,598,619,16,12,1,1,1
168,10,601,635,17,12,1,1,1
168,11,529,624,19,13,1,1,1
168,12,492,705,22,15,1,1,1
168,13,436,769,27,19,1,1,1
168,14,641,960,28,21,1,1,1
168,15,1054,695,22,16,1,1,1
168,16,1253,741,20,15,1,1,1
169,1,1472,751,19,15,1,1,1
169,2,1351,660,17,14,1,1,1
169,3,1223,698,17,12,1,1,1
169,4,1174,612,12,12,1,1,1
169,5,1100,627,12,11,1,1,1
169,6,988,653,12,12,1,1,1
169,7,838,687,16,12,1,1,1
169,8,684,673,16,12,1,1,1
169,9,601,615,16,12,1,1,1
169,10,605,630,17,12,1,1,1
169,11,534,619,20,13,1,1,1
169,12,498,698,22,15,1,1,1
169,13,445,758,28,19,1,1,1
169,14,648,948,28,20,1,1,1
169,15,1058,686,21,16,1,1,1
169,16,1255,732,18,15,1,1,1
170,1,1471,746,20,15,1,1,1
170,2,1352,656,18,13,1,1,1
170,3,1224,695,17,12,1,1,1
170,4,1174,610,15,10,1,1,1
170,5,1101,625,12,11,1,1,1
170,6,987,651,14,11,1,1,1
170,7,841,684,13,11,1,1,1
170,8,685,670,16,12,1,1,1
170,9,603,613,16,11,1,1,1
170,10,607,627,17,13,1,1,1
170,11,538,616,19,13,1,1,1
170,12,502,694,21,15,1,1,1
170,13,450,752,28,19,1,1,1
170,14,653,939,28,22,1,1,1
170,15,1059,681,21,16,1,1,1
170,16,1255,727,20,15,1,1,1
171,1,1472,741,19,15,1,1,1
171,2,1353,653,18,13,1,1,1
171,3,1225,692,17,12,1,1,1
171,4,1175,608,15,12,1,1,1
171,5,1102,623,13,10,1,1,1
171,6,988,648,15,12,1,1,1
171,7,842,681,14,12,1,1,1
171,8,687,667,16,12,1,1,1
171,9,606,611,15,11,1,1,1
171,10,609,624,17,13,1,1,1
171,11,541,613,19,13,1,1,1
171,12,505,689,22,15,1,1,1
171,13,456,746,27,18,1,1,1
171,14,657,932,27,21,1,1,1
171,15,1060,677,22,16,1,1,1
171,16,1256,722,20,15,1,1,1
172,1,1471,738,20,15,1,1,1
172,2,1353,650,19,14,1,1,1
172,3,1226,690,17,13,1,1,1
172,4,1176,607,13,12,1,1,1
172,5,1101,621,15,12,1,1,1
172,6,990,647,14,11,1,1,1
172,7,842,680,15,12,1,1,1
172,8,688,665,16,13,1,1,1
172,9,606,609,16,12,1,1,1
172,10,610,622,17,13,1,1,1
172,11,543,611,19,14,1,1,1
172,12,507,687,22,14,1,1,1
172,13,460,742,27,18,1,1,1
172,14,659,927,28,21,1,1,1
172,15,1061,674,22,16,1,1,1
172,16,1257,718,20,16,1,1,1
173,1,1471,732,20,15,1,1,1
173,2,1354,646,17,14,1,1,1
173,3,1229,686,15,12,1,1,1
173,4,1178,604,12,12,1,1,1
173,5,1103,619,12,11,1,1,1
173,6,991,644,14,11,1,1,1
173,7,843,676,16,12,1,1,1
173,8,690,662,16,12,1,1,1
173,9,610,606,12,13,1,1,1
173,10,614,619,14,13,1,1,1
173,11,547,608,20,13,1,1,1
173,12,512,681,21,15,1,1,1
173,13,467,735,27,18,1,1,1
173,14,665,918,28,20,1,1,1
173,15,1063,668,22,16,1,1,1
173,16,1258,712,20,15,1,1,1
174,1,1471,726,19,14,1,1,1
174,2,1357,641,15,13,1,1,1
174,3,1229,682,16,12,1,1,1
174,4,1179,602,12,11,1,1,1
174,5,1104,616,13,11,1,1,1
174,6,993,640,13,12,1,1,1
174,7,845,672,16,11,1,1,1
174,8,692,658,16,12,1,1,1
174,9,612,603,13,12,1,1,1
174,10,615,615,16,13,1,1,1
174,11,552,604,20,13,1,1,1
174,12,517,675,21,15,1,1,1
174,13,475,726,27,18,1,1,1
174,14,671,907,28,20,1,1,1
174,15,1066,661,21,16,1,1,1
174,16,1259,705,20,15,1,1,1
175,1,1471,719,19,15,1,1,1
175,2,1357,635,18,14,1,1,1
175,3,1232,677,15,13,1,1,1
175,4,1180,599,13,12,1,1,1
175,5,1106,613,12,11,1,1,1
175,6,993,636,14,12,1,1,1
175,7,847,668,14,12,1,1,1
175,8,696,654,13,12,1,1,1
175,9,614,600,15,12,1,1,1
175,10,620,611,14,13,1,1,1
175,11,558,599,19,14,1,1,1
175,12,522,669,22,15,1,1,1
175,13,484,718,27,17,1,1,1
175,14,678,895,27,20,1,1,1
175,15,1068,654,22,15,1,1,1
175,16,1261,698,19,15,1,1,1
176,1,1471,716,19,15,1,1,1
176,2,1357,633,18,14,1,1,1
176,3,1231,675,17,13,1,1,1
176,4,1180,597,15,12,1,1,1
176,5,1107,612,12,11,1,1,1
176,6,994,635,13,11,1,1,1
176,7,848,666,14,12,1,1,1
176,8,696,652,16,12,1,1,1
176,9,616,598,14,13,1,1,1
176,10,620,609,17,13,1,1,1
176,11,560,597,19,14,1,1,1
176,12,525,666,21,15,1,1,1
176,13,488,714,26,18,1,1,1
176,14,681,890,27,20,1,1,1
176,15,1069,652,22,15,1,1,1
176,16,1261,694,20,15,1,1,1
177,1,1470,711,20,14,1,1,1
177,2,1358,629,18,14,1,1,1
177,3,1234,672,15,13,1,1,1
177,4,1181,595,14,12,1,1,1
177,5,1107,609,14,11,1,1,1
177,6,996,632,13,12,1,1,1
177,7,850,663,14,11,1,1,1
177,8,699,649,13,12,1,1,1
177,9,618,596,16,12,1,1,1
177,10,622,606,17,13,1,1,1
177,11,564,594,19,14,1,1,1
177,12,529,662,19,14,1,1,1
177,13,494,707,27,18,1,1,1
177,14,686,881,27,20,1,1,1
177,15,1071,647,21,14,1,1,1
177,16,1262,689,20,15,1,1,1
178,1,1471,703,18,14,1,1,1
178,2,1360,624,17,13,1,1,1
178,3,1234,667,15,13,1,1,1
178,4,1183,592,15,12,1,1,1
178,5,1109,606,14,11,1,1,1
178,6,996,628,15,11,1,1,1
178,7,852,658,14,12,1,1,1
178,8,701,644,16,12,1,1,1
178,9,622,592,16,12,1,1,1
178,10,626,602,17,12,1,1,1
178,11,570,590,19,13,1,1,1
178,12,536,655,21,14,1,1,1
178,13,504,698,27,17,1,1,1
178,14,694,869,26,19,1,1,1
178,15,1074,639,21,16,1,1,1
178,16,1264,681,19,15,1,1,1
179,1,1470,696,19,15,1,1,1
179,2,1361,618,18,14,1,1,1
179,3,1236,663,16,13,1,1,1
179,4,1184,589,15,12,1,1,1
179,5,1111,603,12,11,1,1,1
179,6,998,624,14,12,1,1,1
179,7,856,654,14,11,1,1,1
179,8,704,640,13,12,1,1,1
179,9,625,589,16,12,1,1,1
179,10,629,598,17,12,1,1,1
179,11,576,585,19,13,1,1,1
179,12,541,648,22,15,1,1,1
179,13,513,689,26,18,1,1,1
179,14,701,857,27,19,1,1,1
179,15,1076,633,22,15,1,1,1
179,16,1264,673,20,14,1,1,1
180,1,1470,689,18,14,1,1,1
180,2,1364,613,16,13,1,1,1
180,3,1238,658,16,13,1,1,1
180,4,1186,586,14,11,1,1,1
180,5,1113,600,12,11,1,1,1
180,6,1001,621,12,11,1,1,1
180,7,857,649,15,12,1,1,1
180,8,708,636,13,11,1,1,1
180,9,629,585,16,12,1,1,1
180,10,634,594,14,12,1,1,1
180,11,582,581,19,13,1,1,1
180,12,548,642,21,15,1,1,1
180,13,523,681,26,17,1,1,1
180,14,709,846,26,18,1,1,1
180,15,1079,626,21,15,1,1,1
180,16,1266,666,20,15,1,1,1
181,1,1470,684,18,14,1,1,1
181,2,1363,609,18,13,1,1,1
181,3,1239,655,16,13,1,1,1
181,4,1189,583,13,12,1,1,1
181,5,1115,598,13,11,1,1,1
181,6,1001,617,15,12,1,1,1
181,7,859,645,14,12,1,1,1
181,8,710,632,15,12,1,1,1
181,9,632,582,14,12,1,1,1
181,10,637,590,14,13,1,1,1
181,11,587,577,19,13,1,1,1
181,12,553,637,21,14,1,1,1
181,13,531,674,26,17,1,1,1
181,14,715,836,26,19,1,1,1
181,15,1081,621,22,15,1,1,1
181,16,1267,660,20,15,1,1,1
182,1,1470,680,18,13,1,1,1
182,2,1364,605,18,14,1,1,1
182,3,1242,652,13,13,1,1,1
182,4,1190,581,14,12,1,1,1
182,5,1116,596,13,11,1,1,1
182,6,1002,615,15,12,1,1,1
182,7,861,643,13,12,1,1,1
182,8,711,629,15,12,1,1,1
182,9,636,580,14,12,1,1,1
182,10,638,587,17,13,1,1,1
182,11,591,574,18,13,1,1,1
182,12,557,633,21,14,1,1,1
182,13,537,668,26,17,1,1,1
182,14,720,830,26,18,1,1,1
182,15,1083,616,21,16,1,1,1
182,16,1268,655,20,15,1,1,1
183,1,1469,674,19,14,1,1,1
183,2,1366,601,17,13,1,1,1
183,3,1242,648,16,13,1,1,1
183,4,1190,578,14,12,1,1,1
183,5,1118,592,13,11,1,1,1
183,6,1004,612,13,11,1,1,1
183,7,863,639,15,11,1,1,1
183,8,713,625,16,12,1,1,1
183,9,638,577,15,12,1,1,1
183,10,641,584,17,12,1,1,1
183,11,596,570,19,13,1,1,1
183,12,563,627,21,15,1,1,1
183,13,546,661,26,17,1,1,1
183,14,727,820,25,18,1,1,1
183,15,1085,611,21,15,1,1,1
183,16,1271,649,18,14,1,1,1
184,1,1470,670,18,14,1,1,1
184,2,1368,598,16,13,1,1,1
184,3,1244,646,15,12,1,1,1
184,4,1192,577,13,11,1,1,1
184,5,1118,591,14,11,1,1,1
184,6,1006,610,12,11,1,1,1
184,7,865,637,15,11,1,1,1
184,8,716,623,13,12,1,1,1
184,9,640,575,16,12,1,1,1
184,10,645,581,15,13,1,1,1
184,11,600,567,18,13,1,1,1
184,12,566,623,21,15,1,1,1
184,13,551,656,26,17,1,1,1
184,14,731,813,26,18,1,1,1
184,15,1088,607,20,14,1,1,1
184,16,1270,644,19,15,1,1,1
185,1,1469,665,19,13,1,1,1
185,2,1368,594,17,13,1,1,1
185,3,1246,642,15,13,1,1,1
185,4,1194,574,14,12,1,1,1
185,5,1119,588,14,10,1,1,1
185,6,1006,607,13,11,1,1,1
185,7,868,633,14,12,1,1,1
185,8,718,619,14,12,1,1,1
185,9,643,572,16,12,1,1,1
185,10,648,578,15,13,1,1,1
185,11,606,564,17,13,1,1,1
185,12,571,618,21,15,1,1,1
185,13,559,650,25,16,1,1,1
185,14,737,805,25,18,1,1,1
185,15,1090,602,20,15,1,1,1
185,16,1271,639,20,15,1,1,1
186,1,1469,659,18,14,1,1,1
186,2,1369,590,17,13,1,1,1
186,3,1246,639,16,12,1,1,1
186,4,1196,571,13,12,1,1,1
186,5,1122,586,13,9,1,1,1
186,6,1008,604,13,11,1,1,1
186,7,869,630,15,12,1,1,1
186,8,721,616,13,12,1,1,1
186,9,648,569,14,12,1,1,1
186,10,650,575,16,12,1,1,1
186,11,611,560,17,13,1,1,1
186,12,577,613,21,15,1,1,1
186,13,567,643,26,17,1,1,1
186,14,743,796,26,18,1,1,1
186,15,1092,597,20,15,1,1,1
186,16,1273,633,19,14,1,1,1
187,1,1469,655,18,14,1,1,1
187,2,1370,586,17,13,1,1,1
187,3,1248,635,14,13,1,1,1
187,4,1196,569,13,12,1,1,1
187,5,1122,583,14,11,1,1,1
187,6,1009,601,15,12,1,1,1
187,7,871,627,15,12,1,1,1
187,8,724,613,13,11,1,1,1
187,9,650,567,13,11,1,1,1
187,10,653,572,16,12,1,1,1
187,11,614,556,16,14,1,1,1
187,12,582,609,20,14,1,1,1
187,13,575,637,25,16,1,1,1
187,14,749,788,26,18,1,1,1
187,15,1094,592,21,15,1,1,1
187,16,1274,628,19,14,1,1,1
188,1,1469,651,18,14,1,1,1
188,2,1371,583,17,13,1,1,1
188,3,1249,633,16,12,1,1,1
188,4,1198,567,12,12,1,1,1
188,5,1123,581,14,12,1,1,1
188,6,1010,599,15,11,1,1,1
188,7,873,625,13,11,1,1,1
188,8,725,610,16,12,1,1,1
188,9,653,564,13,12,1,1,1
188,10,655,569,15,13,1,1,1
188,11,618,554,18,13,1,1,1
188,12,586,605,20,14,1,1,1
188,13,581,632,25,17,1,1,1
188,14,754,782,25,18,1,1,1
188,15,1096,588,21,16,1,1,1
188,16,1274,623,18,15,1,1,1
189,1,1469,645,18,15,1,1,1
189,2,1372,578,17,13,1,1,1
189,3,1252,629,13,13,1,1,1
189,4,1200,564,12,12,1,1,1
189,5,1126,579,12,11,1,1,1
189,6,1012,596,13,11,1,1,1
189,7,876,621,14,12,1,1,1
189,8,728,606,15,12,1,1,1
189,9,657,561,14,12,1,1,1
189,10,659,566,16,12,1,1,1
189,11,623,550,17,13,1,1,1
189,12,591,599,21,15,1,1,1
189,13,589,625,25,16,1,1,1
189,14,761,773,25,18,1,1,1
189,15,1099,583,20,15,1,1,1
189,16,1275,617,20,15,1,1,1
190,1,1469,641,17,14,1,1,1
190,2,1373,575,17,13,1,1,1
190,3,1252,627,14,11,1,1,1
190,4,1201,562,12,12,1,1,1
190,5,1127,577,12,11,1,1,1
190,6,1014,594,14,11,1,1,1
190,7,876,619,14,12,1,1,1
190,8,731,604,13,12,1,1,1
190,9,658,559,16,12,1,1,1
190,11,627,547,18,13,1,1,1
190,12,596,596,20,14,1,1,1
190,13,596,620,24,16,1,1,1
190,14,766,767,25,16,1,1,1
190,15,1100,579,21,16,1,1,1
190,16,1277,613,19,14,1,1,1
191,1,1468,635,18,14,1,1,1
191,2,1374,571,17,13,1,1,1
191,3,1254,622,14,13,1,1,1
191,4,1202,559,13,11,1,1,1
191,5,1129,574,13,11,1,1,1
191,6,1015,590,15,11,1,1,1
191,7,879,615,15,11,1,1,1
191,8,734,600,15,11,1,1,1
191,9,664,555,14,12,1,1,1
191,11,633,542,18,13,1,1,1
191,12,602,590,20,14,1,1,1
191,13,605,612,25,17,1,1,1
191,14,774,757,24,18,1,1,1
191,15,1103,573,21,16,1,1,1
191,16,1278,606,19,15,1,1,1
192,1,1468,633,18,14,1,1,1
192,2,1376,569,14,13,1,1,1
192,3,1254,621,16,13,1,1,1
192,4,1202,558,15,11,1,1,1
192,5,1130,573,12,11,1,1,1
192,6,1016,589,13,11,1,1,1
192,7,880,614,15,12,1,1,1
192,8,736,599,13,11,1,1,1
192,9,665,555,14,10,1,1,1
192,11,635,541,18,13,1,1,1
192,12,604,588,20,14,1,1,1
192,13,609,610,24,16,1,1,1
192,14,776,754,25,17,1,1,1
192,15,1104,571,21,16,1,1,1
192,16,1279,604,19,14,1,1,1
193,1,1468,629,18,13,1,1,1
193,2,1376,565,16,14,1,1,1
193,3,1257,618,14,12,1,1,1
193,4,1205,555,12,12,1,1,1
193,5,1132,570,11,11,1,1,1
193,6,1019,586,13,12,1,1,1
193,7,882,611,15,12,1,1,1
193,8,737,595,16,12,1,1,1
193,9,667,551,15,12,1,1,1
193,11,640,537,18,13,1,1,1
193,12,610,583,18,14,1,1,1
193,13,617,604,24,16,1,1,1
193,14,783,747,24,17,1,1,1
193,15,1107,567,20,15,1,1,1
193,16,1280,599,19,14,1,1,1
194,1,1468,626,18,13,1,1,1
194,2,1376,563,17,13,1,1,1
194,3,1258,616,14,12,1,1,1
194,4,1205,554,14,11,1,1,1
194,5,1132,569,13,10,1,1,1
194,6,1019,585,12,11,1,1,1
194,7,885,609,12,12,1,1,1
194,8,739,593,15,12,1,1,1
194,9,669,550,13,11,1,1,1
194,11,642,535,19,12,1,1,1
194,12,612,580,21,13,1,1,1
194,13,620,600,25,17,1,1,1
194,14,787,742,24,18,1,1,1
194,15,1108,564,20,15,1,1,1
194,16,1282,596,17,14,1,1,1
195,1,1468,622,18,14,1,1,1
195,2,1377,560,17,13,1,1,1
195,3,1257,614,15,12,1,1,1
195,4,1206,551,14,12,1,1,1
195,5,1133,567,14,11,1,1,1
195,6,1020,583,14,11,1,1,1
195,7,885,607,15,12,1,1,1
195,8,741,591,14,12,1,1,1
195,9,672,548,15,11,1,1,1
195,11,646,532,18,13,1,1,1
195,12,618,577,18,14,1,1,1
195,13,627,596,24,16,1,1,1
195,14,791,737,25,16,1,1,1
195,15,1110,561,20,15,1,1,1
195,16,1281,592,19,14,1,1,1
196,1,1468,618,18,14,1,1,1
196,2,1378,557,16,13,1,1,1
196,3,1259,611,16,12,1,1,1
196,4,1208,550,14,11,1,1,1
196,5,1134,565,14,11,1,1,1
196,6,1022,581,13,11,1,1,1
196,7,887,605,15,12,1,1,1
196,8,743,588,16,12,1,1,1
196,9,674,545,15,11,1,1,1
196,11,650,530,18,12,1,1,1
196,12,621,573,18,14,1,1,1
196,13,633,592,24,15,1,1,1
196,14,796,731,25,17,1,1,1
196,15,1112,557,20,15,1,1,1
196,16,1282,587,19,15,1,1,1
197,1,1468,615,18,14,1,1,1
197,2,1379,555,16,13,1,1,1
197,3,1261,609,14,12,1,1,1
197,4,1208,548,15,11,1,1,1
197,5,1136,563,12,11,1,1,1
197,6,1023,579,13,11,1,1,1
197,7,888,603,15,12,1,1,1
197,8,745,586,16,12,1,1,1
197,9,676,543,16,11,1,1,1
197,11,653,527,18,13,1,1,1
197,12,624,570,20,14,1,1,1
197,13,637,588,24,15,1,1,1
197,14,801,726,24,17,1,1,1
197,15,1114,554,19,15,1,1,1
197,16,1283,584,19,14,1,1,1
198,1,1468,610,18,14,1,1,1
198,2,1380,550,16,13,1,1,1
198,3,1263,605,14,12,1,1,1
198,4,1211,544,13,11,1,1,1
198,5,1138,560,12,11,1,1,1
198,6,1025,576,13,11,1,1,1
198,7,891,600,13,11,1,1,1
198,8,750,582,14,11,1,1,1
198,9,680,540,14,10,1,1,1
198,11,658,523,18,13,1,1,1
198,12,630,564,20,14,1,1,1
198,13,646,580,24,16,1,1,1
198,14,808,718,24,17,1,1,1
198,15,1117,549,20,14,1,1,1
198,16,1286,578,17,14,1,1,1
199,1,1468,606,18,14,1,1,1
199,2,1381,547,16,13,1,1,1
199,3,1264,602,14,13,1,1,1
199,4,1211,542,13,11,1,1,1
199,5,1138,558,13,11,1,1,1
199,6,1025,573,13,11,1,1,1
199,7,893,597,15,12,1,1,1
199,8,751,579,15,12,1,1,1
199,9,683,537,14,12,1,1,1
199,11,665,520,15,13,1,1,1
199,12,635,560,17,14,1,1,1
199,13,653,575,24,16,1,1,1
199,14,814,712,23,16,1,1,1
199,15,1119,545,20,15,1,1,1
199,16,1285,573,20,15,1,1,1
200,1,1468,601,18,14,1,1,1
200,2,1382,543,16,13,1,1,1
200,3,1264,599,16,12,1,1,1
200,4,1213,540,14,10,1,1,1
200,5,1141,556,12,10,1,1,1
200,6,1028,570,13,10,1,1,1
200,7,896,595,12,11,1,1,1
200,8,755,576,14,12,1,1,1
200,9,688,534,14,12,1,1,1
200,11,667,516,18,13,1,1,1
200,12,640,556,20,13,1,1,1
200,13,660,570,23,15,1,1,1
200,14,819,705,24,16,1,1,1
200,15,1121,540,20,15,1,1,1
200,16,1287,568,19,15,1,1,1
201,1,1468,597,18,13,1,1,1
201,2,1383,540,16,13,1,1,1
201,3,1267,596,13,12,1,1,1
201,4,1214,537,15,11,1,1,1
201,5,1142,553,13,10,1,1,1
201,6,1030,568,13,11,1,1,1
201,7,897,592,14,12,1,1,1
201,8,758,573,12,12,1,1,1
201,9,690,531,14,12,1,1,1
201,11,673,513,16,12,1,1,1
201,12,645,551,18,14,1,1,1
201,13,668,564,22,16,1,1,1
201,14,826,698,23,16,1,1,1
201,15,1124,536,20,14,1,1,1
201,16,1288,563,19,14,1,1,1
202,1,1468,591,18,14,1,1,1
202,2,1384,536,16,12,1,1,1
202,3,1268,593,15,11,1,1,1
202,4,1216,534,14,11,1,1,1
202,5,1143,550,14,10,1,1,1
202,6,1030,564,14,12,1,1,1
202,7,900,589,13,11,1,1,1
202,8,761,569,14,12,1,1,1
202,9,694,528,15,10,1,1,1
202,11,678,509,16,11,1,1,1
202,12,651,546,19,13,1,1,1
202,13,675,558,24,15,1,1,1
202,14,833,690,23,16,1,1,1
202,15,1127,531,20,14,1,1,1
202,16,1289,557,19,15,1,1,1
203,1,1469,589,17,13,1,1,1
203,2,1384,533,17,13,1,1,1
203,3,1268,590,16,12,1,1,1
203,4,1218,532,12,11,1,1,1
203,5,1146,548,11,11,1,1,1
203,6,1032,563,13,11,1,1,1
203,7,903,587,13,12,1,1,1
203,8,763,568,14,11,1,1,1
203,9,696,526,15,11,1,1,1
203,11,679,506,18,13,1,1,1
203,12,654,543,20,13,1,1,1
203,13,680,554,23,15,1,1,1
203,14,837,686,23,15,1,1,1
203,15,1130,528,18,14,1,1,1
203,16,1290,554,19,14,1,1,1
204,1,1469,584,18,14,1,1,1
204,2,1385,530,17,13,1,1,1
204,3,1271,587,14,12,1,1,1
204,4,1219,529,14,12,1,1,1
204,5,1147,546,13,11,1,1,1
204,6,1034,560,11,11,1,1,1
204,7,904,585,13,11,1,1,1
204,8,764,564,16,12,1,1,1
204,9,699,523,15,11,1,1,1
204,11,685,503,16,13,1,1,1
204,12,659,538,19,14,1,1,1
204,13,686,548,24,16,1,1,1
204,14,842,680,24,16,1,1,1
204,15,1131,524,20,14,1,1,1
204,16,1291,549,19,15,1,1,1
205,1,1469,580,18,13,1,1,1
205,2,1386,526,17,13,1,1,1
205,3,1271,584,14,12,1,1,1
205,4,1220,527,14,10,1,1,1
205,5,1148,543,14,9,1,1,1
205,6,1036,557,11,11,1,1,1
205,7,906,582,13,11,1,1,1
205,8,767,561,14,11,1,1,1
205,9,702,520,14,10,1,1,1
205,11,688,499,18,13,1,1,1
205,12,664,533,19,14,1,1,1
205,13,693,543,24,15,1,1,1
205,14,849,673,23,16,1,1,1
205,15,1133,519,20,15,1,1,1
205,16,1293,544,19,14,1,1,1
206,1,1469,577,18,13,1,1,1
206,2,1387,523,16,13,1,1,1
206,3,1272,581,14,13,1,1,1
206,4,1222,525,13,11,1,1,1
206,5,1150,541,13,11,1,1,1
206,6,1037,555,12,11,1,1,1
206,7,909,580,12,12,1,1,1
206,8,769,559,14,11,1,1,1
206,9,705,518,15,10,1,1,1
206,11,691,497,16,12,1,1,1
206,12,667,530,20,14,1,1,1
206,13,698,539,23,15,1,1,1
206,14,853,668,23,16,1,1,1
206,15,1135,516,20,15,1,1,1
206,16,1294,541,18,14,1,1,1
207,1,1470,574,17,13,1,1,1
207,2,1388,521,16,13,1,1,1
207,3,1273,579,14,13,1,1,1
207,4,1223,523,13,11,1,1,1
207,5,1151,539,12,11,1,1,1
207,6,1037,553,14,11,1,1,1
207,7,909,578,15,10,1,1,1
207,8,771,557,14,11,1,1,1
207,9,707,516,15,11,1,1,1
207,11,694,494,17,13,1,1,1
207,12,671,527,19,14,1,1,1
207,13,702,535,23,16,1,1,1
207,14,857,664,23,16,1,1,1
207,15,1137,513,18,15,1,1,1
207,16,1295,538,18,14,1,1,1
208,1,1470,570,17,13,1,1,1
208,2,1388,518,16,13,1,1,1
208,3,1274,577,14,12,1,1,1
208,4,1224,521,12,11,1,1,1
208,5,1151,537,13,11,1,1,1
208,6,1039,552,12,10,1,1,1
208,7,911,576,14,12,1,1,1
208,8,774,554,13,11,1,1,1
208,9,711,514,12,11,1,1,1
208,11,699,492,16,12,1,1,1
208,12,675,524,19,13,1,1,1
208,13,708,531,23,15,1,1,1
208,14,862,658,22,16,1,1,1
208,15,1139,510,20,14,1,1,1
208,16,1296,534,18,14,1,1,1
209,1,1470,564,18,14,1,1,1
209,2,1389,513,16,13,1,1,1
209,3,1276,572,15,12,1,1,1
209,4,1226,517,12,12,1,1,1
209,5,1153,534,14,11,1,1,1
209,6,1041,548,13,11,1,1,1
209,7,914,573,15,11,1,1,1
209,8,777,550,15,11,1,1,1
209,9,715,509,12,12,1,1,1
209,11,703,487,16,13,1,1,1
209,12,684,518,17,12,1,1,1
209,13,716,523,23,16,1,1,1
209,14,869,650,23,15,1,1,1
209,15,1143,504,19,14,1,1,1
209,16,1298,527,18,14,1,1,1
210,1,1470,561,18,14,1,1,1
210,2,1390,511,16,12,1,1,1
210,3,1278,570,14,12,1,1,1
210,4,1226,516,14,11,1,1,1
210,5,1154,532,13,11,1,1,1
210,6,1041,546,14,11,1,1,1
210,7,917,571,12,11,1,1,1
210,8,779,547,15,12,1,1,1
210,9,717,507,12,12,1,1,1
210,11,708,485,15,12,1,1,1
210,12,685,515,19,11,1,1,1
210,13,721,520,22,15,1,1,1
210,14,873,646,23,15,1,1,1
210,15,1144,501,20,15,1,1,1
210,16,1299,524,18,14,1,1,1
211,1,1470,557,18,14,1,1,1
211,2,1391,508,16,13,1,1,1
211,3,1278,567,15,12,1,1,1
211,4,1227,513,14,12,1,1,1
211,5,1156,530,13,9,1,1,1
211,6,1043,544,13,11,1,1,1
211,7,918,569,13,11,1,1,1
211,8,781,545,14,11,1,1,1
211,9,719,505,13,10,1,1,1
211,11,709,482,17,13,1,1,1
211,12,689,511,17,14,1,1,1
211,13,725,516,23,15,1,1,1
211,14,878,640,22,16,1,1,1
211,15,1147,498,19,14,1,1,1
211,16,1300,520,18,14,1,1,1
212,1,1471,554,18,12,1,1,1
212,2,1391,505,16,12,1,1,1
212,3,1279,565,14,12,1,1,1
212,4,1229,511,12,11,1,1,1
212,5,1158,528,12,10,1,1,1
212,6,1046,541,10,11,1,1,1
212,7,921,567,13,11,1,1,1
212,8,785,542,14,12,1,1,1
212,9,721,502,14,11,1,1,1
212,11,714,479,15,13,1,1,1
212,12,693,507,17,14,1,1,1
212,13,731,511,22,15,1,1,1
212,14,883,635,22,14,1,1,1
212,15,1149,494,19,14,1,1,1
212,16,1301,516,18,14,1,1,1
213,1,1472,548,17,14,1,1,1
213,2,1392,500,16,13,1,1,1
213,3,1281,560,15,12,1,1,1
213,4,1231,508,13,11,1,1,1
213,5,1159,524,13,11,1,1,1
213,6,1046,538,14,9,1,1,1
213,7,924,563,12,12,1,1,1
213,8,787,538,14,11,1,1,1
213,9,726,499,13,11,1,1,1
213,11,719,475,14,12,1,1,1
213,12,699,502,19,12,1,1,1
213,13,739,504,21,15,1,1,1
213,14,890,627,22,14,1,1,1
213,15,1152,489,19,14,1,1,1
213,16,1303,510,17,14,1,1,1
214,1,1472,544,17,14,1,1,1
214,2,1393,497,16,13,1,1,1
214,3,1283,558,14,12,1,1,1
214,4,1232,506,13,11,1,1,1
214,5,1160,522,13,11,1,1,1
214,6,1048,536,12,10,1,1,1
214,7,924,561,13,11,1,1,1
214,8,790,536,14,11,1,1,1
214,9,729,496,12,11,1,1,1
214,11,721,472,17,13,1,1,1
214,12,703,498,18,13,1,1,1
214,13,745,500,20,15,1,1,1
214,14,895,622,21,15,1,1,1
214,15,1154,486,19,14,1,1,1
214,16,1303,506,19,14,1,1,1
215,1,1472,541,17,13,1,1,1
215,2,1394,495,15,13,1,1,1
215,3,1282,556,16,11,1,1,1
215,4,1233,504,13,11,1,1,1
215,5,1163,520,11,11,1,1,1
215,6,1049,534,13,11,1,1,1
215,7,927,559,13,12,1,1,1
215,8,793,533,12,12,1,1,1
215,9,731,494,12,11,1,1,1
215,11,725,470,13,12,1,1,1
215,12,706,495,17,13,1,1,1
215,13,747,497,22,15,1,1,1
215,14,898,618,22,15,1,1,1
215,15,1156,483,19,14,1,1,1
215,16,1306,503,16,13,1,1,1
216,1,1472,539,17,14,1,1,1
216,2,1394,493,16,13,1,1,1
216,3,1283,554,14,12,1,1,1
216,4,1232,503,14,11,1,1,1
216,5,1162,519,14,11,1,1,1
216,6,1050,532,11,10,1,1,1
216,7,927,558,12,11,1,1,1
216,8,792,532,15,11,1,1,1
216,9,732,493,13,11,1,1,1
216,11,726,468,16,13,1,1,1
216,12,708,493,18,13,1,1,1
216,13,750,494,21,15,1,1,1
216,14,901,615,20,15,1,1,1
216,15,1157,481,19,14,1,1,1
216,16,1305,501,18,13,1,1,1
217,1,1472,535,18,14,1,1,1
217,2,1395,490,15,13,1,1,1
217,3,1286,551,14,10,1,1,1
217,4,1234,500,13,11,1,1,1
217,5,1164,516,13,12,1,1,1
217,6,1050,530,14,11,1,1,1
217,7,930,555,14,12,1,1,1
217,8,795,529,15,9,1,1,1
217,9,734,490,12,11,1,1,1
217,11,729,465,17,12,1,1,1
217,12,713,489,18,13,1,1,1
217,13,755,489,22,15,1,1,1
217,14,906,609,21,15,1,1,1
217,15,1160,477,18,14,1,1,1
217,16,1306,496,17,14,1,1,1
218,1,1473,531,17,13,1,1,1
218,2,1395,487,16,12,1,1,1
218,3,1287,548,14,12,1,1,1
218,4,1237,498,10,11,1,1,1
218,5,1166,514,13,11,1,1,1
218,6,1053,527,11,11,1,1,1
218,7,931,553,13,11,1,1,1
218,8,797,526,15,11,1,1,1
218,9,737,487,12,11,1,1,1
218,11,734,462,15,12,1,1,1
218,12,717,485,18,13,1,1,1
218,13,760,485,22,15,1,1,1
218,14,910,603,22,16,1,1,1
218,15,1162,473,19,14,1,1,1
218,16,1308,492,17,14,1,1,1
219,1,1473,528,17,13,1,1,1
219,2,1396,484,16,12,1,1,1
219,3,1288,545,14,12,1,1,1
219,4,1238,496,10,11,1,1,1
219,5,1166,512,14,11,1,1,1
219,6,1054,525,11,11,1,1,1
219,7,934,551,12,11,1,1,1
219,8,801,523,12,12,1,1,1
219,9,739,484,14,12,1,1,1
219,11,735,459,16,13,1,1,1
219,12,720,482,19,13,1,1,1
219,13,765,481,21,15,1,1,1
219,14,915,600,21,14,1,1,1
219,15,1164,470,17,14,1,1,1
219,16,1309,488,18,14,1,1,1
220,1,1474,524,17,13,1,1,1
220,2,1396,480,16,13,1,1,1
220,3,1288,542,15,12,1,1,1
220,4,1237,493,14,12,1,1,1
220,5,1169,509,11,11,1,1,1
220,6,1054,522,13,11,1,1,1
220,7,937,548,12,12,1,1,1
220,8,802,520,15,11,1,1,1
220,9,742,482,14,11,1,1,1
220,11,740,456,16,13,1,1,1
220,12,725,478,18,13,1,1,1
220,13,770,476,21,15,1,1,1
220,14,920,593,21,15,1,1,1
220,15,1166,466,19,14,1,1,1
220,16,1310,484,18,13,1,1,1
221,1,1474,520,17,13,1,1,1
221,2,1397,477,16,11,1,1,1
221,3,1289,539,14,12,1,1,1
221,4,1239,491,12,12,1,1,1
221,5,1170,507,11,11,1,1,1
221,6,1056,520,13,9,1,1,1
221,7,937,546,13,11,1,1,1
221,8,806,517,12,11,1,1,1
221,9,746,479,11,11,1,1,1
221,11,743,454,15,12,1,1,1
221,12,729,474,18,13,1,1,1
221,13,775,472,21,15,1,1,1
221,14,924,587,22,15,1,1,1
221,15,1169,463,18,13,1,1,1
221,16,1311,480,18,13,1,1,1
222,1,1475,516,16,13,1,1,1
222,2,1398,474,16,12,1,1,1
222,3,1290,536,14,12,1,1,1
222,4,1239,489,14,11,1,1,1
222,5,1171,504,13,10,1,1,1
222,6,1057,517,14,11,1,1,1
222,7,939,543,13,11,1,1,1
222,8,807,514,15,11,1,1,1
222,9,749,476,11,11,1,1,1
222,11,748,450,15,12,1,1,1
222,12,733,470,17,13,1,1,1
222,13,780,467,21,15,1,1,1
222,14,929,581,22,15,1,1,1
222,15,1171,459,19,13,1,1,1
222,16,1313,475,17,14,1,1,1
223,1,1475,512,17,12,1,1,1
223,2,1399,471,14,12,1,1,1
223,3,1292,533,15,12,1,1,1
223,4,1240,487,14,11,1,1,1
223,5,1174,502,10,11,1,1,1
223,6,1059,514,13,12,1,1,1
223,7,941,541,15,11,1,1,1
223,8,812,511,11,11,1,1,1
223,9,751,473,13,12,1,1,1
223,11,750,448,16,12,1,1,1
223,12,737,466,18,13,1,1,1
223,13,785,463,21,14,1,1,1
223,14,934,576,21,15,1,1,1
223,15,1173,455,19,14,1,1,1
223,16,1314,471,16,14,1,1,1
224,1,1475,508,17,13,1,1,1
224,2,1399,468,16,12,1,1,1
224,3,1293,530,15,12,1,1,1
224,4,1243,484,11,11,1,1,1
224,5,1173,500,14,11,1,1,1
224,6,1061,512,11,11,1,1,1
224,7,944,539,13,11,1,1,1
224,8,813,508,11,11,1,1,1
224,9,753,471,13,10,1,1,1
224,11,753,445,16,12,1,1,1
224,12,741,462,18,13,1,1,1
224,13,791,458,19,15,1,1,1
224,14,938,571,21,15,1,1,1
224,15,1176,451,18,14,1,1,1
224,16,1315,467,18,14,1,1,1
225,1,1476,504,17,13,1,1,1
225,2,1400,465,15,12,1,1,1
225,3,1295,527,14,12,1,1,1
225,4,1242,482,13,11,1,1,1
225,5,1174,498,14,11,1,1,1
225,6,1062,510,12,11,1,1,1
225,7,945,536,13,11,1,1,1
225,8,815,505,12,12,1,1,1
225,9,757,468,12,11,1,1,1
225,11,756,442,17,11,1,1,1
225,12,745,459,18,13,1,1,1
225,13,794,454,20,15,1,1,1
225,14,944,566,19,15,1,1,1
225,15,1178,448,18,14,1,1,1
225,16,1316,463,18,14,1,1,1
226,1,1476,502,17,13,1,1,1
226,2,1400,463,16,12,1,1,1
226,3,1296,525,13,10,1,1,1
226,4,1243,481,14,11,1,1,1
226,5,1176,497,12,10,1,1,1
226,6,1063,508,13,11,1,1,1
226,7,946,535,15,10,1,1,1
226,8,815,504,15,11,1,1,1
226,9,757,467,14,10,1,1,1
226,11,758,440,17,12,1,1,1
226,12,747,456,18,14,1,1,1
226,13,796,452,21,14,1,1,1
226,14,945,563,21,15,1,1,1
226,15,1179,446,18,14,1,1,1
226,16,1317,461,16,14,1,1,1
227,1,1477,498,16,13,1,1,1
227,2,1401,460,15,12,1,1,1
227,3,1297,522,13,11,1,1,1
227,4,1245,478,12,11,1,1,1
227,5,1178,494,11,11,1,1,1
227,6,1064,506,13,11,1,1,1
227,7,948,532,13,11,1,1,1
227,8,818,501,14,11,1,1,1
227,9,761,464,12,11,1,1,1
227,11,763,437,15,12,1,1,1
227,12,751,453,18,13,1,1,1
227,13,801,448,21,14,1,1,1
227,14,949,558,21,13,1,1,1
227,15,1183,443,17,13,1,1,1
227,16,1318,457,16,14,1,1,1
228,1,1477,495,16,13,1,1,1
228,2,1402,457,15,12,1,1,1
228,3,1298,519,14,12,1,1,1
228,4,1245,476,14,11,1,1,1
228,5,1178,492,13,11,1,1,1
228,6,1067,503,10,11,1,1,1
228,7,950,530,14,10,1,1,1
228,8,821,498,12,11,1,1,1
228,9,762,461,14,12,1,1,1
228,11,765,435,16,12,1,1,1
228,12,755,449,17,13,1,1,1
228,13,805,444,21,14,1,1,1
228,14,953,553,21,13,1,1,1
228,15,1183,439,17,14,1,1,1
228,16,1319,453,18,14,1,1,1
229,1,1478,490,16,14,1,1,1
229,2,1403,453,15,12,1,1,1
229,3,1298,516,14,12,1,1,1
229,4,1247,473,13,11,1,1,1
229,5,1180,490,12,10,1,1,1
229,6,1067,501,12,10,1,1,1
229,7,953,527,14,11,1,1,1
229,8,822,495,15,11,1,1,1
229,9,765,459,15,11,1,1,1
229,11,769,431,16,12,1,1,1
229,12,759,445,18,13,1,1,1
229,13,810,439,20,14,1,1,1
229,14,958,547,21,14,1,1,1
229,15,1186,435,18,13,1,1,1
229,16,1321,449,17,13,1,1,1
230,1,1478,488,16,13,1,1,1
230,2,1403,451,15,13,1,1,1
230,3,1299,514,14,12,1,1,1
230,4,1247,472,14,9,1,1,1
230,5,1180,488,12,10,1,1,1
230,6,1067,499,13,11,1,1,1
230,7,955,525,12,12,1,1,1
230,8,825,493,12,11,1,1,1
230,9,768,457,12,11,1,1,1
230,11,770,430,17,12,1,1,1
230,12,763,443,16,13,1,1,1
230,13,813,436,20,15,1,1,1
230,14,960,544,21,14,1,1,1
230,15,1187,433,18,14,1,1,1
230,16,1321,447,17,13,1,1,1
231,1,1478,486,16,12,1,1,1
231,2,1404,449,15,12,1,1,1
231,3,1301,512,12,12,1,1,1
231,4,1249,470,11,11,1,1,1
231,5,1182,486,12,11,1,1,1
231,6,1069,497,11,11,1,1,1
231,7,955,524,14,11,1,1,1
231,8,825,491,15,11,1,1,1
231,9,770,455,12,12,1,1,1
231,11,774,428,15,12,1,1,1
231,12,764,441,18,12,1,1,1
231,13,816,433,20,15,1,1,1
231,14,963,541,20,14,1,1,1
231,15,1189,431,18,13,1,1,1
231,16,1322,444,18,13,1,1,1
232,1,1478,481,17,13,1,1,1
232,2,1404,446,15,12,1,1,1
232,3,1301,508,14,12,1,1,1
232,4,1250,467,10,11,1,1,1
232,5,1184,484,11,11,1,1,1
232,6,1069,494,14,11,1,1,1
232,7,957,521,14,10,1,1,1
232,8,828,487,14,12,1,1,1
232,9,771,453,14,11,1,1,1
232,11,776,425,15,12,1,1,1
232,12,769,437,17,13,1,1,1
232,13,821,429,20,14,1,1,1
232,14,968,534,20,15,1,1,1
232,15,1191,427,18,14,1,1,1
232,16,1325,439,16,14,1,1,1
233,1,1479,478,16,13,1,1,1
233,2,1404,443,16,12,1,1,1
233,3,1303,506,14,12,1,1,1
233,4,1251,465,12,11,1,1,1
233,5,1183,483,14,11,1,1,1
233,6,1072,492,11,11,1,1,1
233,7,959,519,14,11,1,1,1
233,8,831,485,12,12,1,1,1
233,9,775,451,11,11,1,1,1
233,11,779,423,15,12,1,1,1
233,12,773,434,16,13,1,1,1
233,13,824,425,20,15,1,1,1
233,14,971,530,20,15,1,1,1
233,15,1193,424,16,14,1,1,1
233,16,1326,436,14,14,1,1,1
234,1,1479,475,16,12,1,1,1
234,2,1405,440,15,13,1,1,1
234,3,1305,503,13,12,1,1,1
234,4,1250,463,14,11,1,1,1
234,5,1185,481,13,10,1,1,1
234,6,1072,490,13,11,1,1,1
234,7,962,516,12,11,1,1,1
234,8,833,482,12,12,1,1,1
234,9,776,449,13,11,1,1,1
234,11,783,420,14,13,1,1,1
234,12,775,431,18,13,1,1,1
234,13,828,422,20,14,1,1,1
234,14,975,526,20,14,1,1,1
234,15,1195,421,18,13,1,1,1
234,16,1326,433,17,13,1,1,1
235,1,1480,471,16,13,1,1,1
235,2,1406,438,15,12,1,1,1
235,3,1304,501,14,11,1,1,1
235,4,1251,461,13,11,1,1,1
235,5,1188,479,10,11,1,1,1
235,6,1074,487,12,11,1,1,1
235,7,964,514,10,11,1,1,1
235,8,835,480,12,11,1,1,1
235,9,779,447,13,11,1,1,1
235,11,786,418,14,13,1,1,1
235,12,779,428,17,13,1,1,1
235,13,832,418,18,14,1,1,1
235,14,978,521,20,14,1,1,1
235,15,1197,418,17,14,1,1,1
235,16,1327,430,17,13,1,1,1
236,1,1480,466,16,13,1,1,1
236,2,1407,434,15,12,1,1,1
236,3,1306,497,15,11,1,1,1
236,4,1254,457,12,11,1,1,1
236,5,1188,477,13,11,1,1,1
236,6,1076,484,11,11,1,1,1
236,7,966,510,13,12,1,1,1
236,8,838,476,12,11,1,1,1
236,9,783,445,13,11,1,1,1
236,11,791,415,15,12,1,1,1
236,12,785,424,16,13,1,1,1
236,13,837,412,20,14,1,1,1
236,14,984,514,18,15,1,1,1
236,15,1201,413,16,13,1,1,1
236,16,1328,425,17,13,1,1,1
237,1,1480,465,16,12,1,1,1
237,2,1407,433,15,12,1,1,1
237,3,1308,496,14,9,1,1,1
237,4,1254,456,12,10,1,1,1
237,5,1188,476,14,11,1,1,1
237,6,1075,483,14,11,1,1,1
237,7,967,510,12,10,1,1,1
237,8,838,475,14,11,1,1,1
237,9,784,444,12,12,1,1,1
237,10,788,442,15,11,1,1,1
237,11,791,414,16,12,1,1,1
237,12,787,422,16,14,1,1,1
237,13,839,410,20,14,1,1,1
237,14,985,512,20,14,1,1,1
237,15,1200,412,18,13,1,1,1
237,16,1329,424,17,13,1,1,1
238,1,1481,461,16,13,1,1,1
238,2,1408,430,14,12,1,1,1
238,3,1308,492,15,12,1,1,1
238,4,1255,453,11,12,1,1,1
238,5,1191,474,12,11,1,1,1
238,6,1078,480,11,11,1,1,1
238,7,969,507,12,11,1,1,1
238,8,840,472,14,11,1,1,1
238,9,785,442,15,12,1,1,1
238,11,794,412,16,12,1,1,1
238,12,789,420,17,13,1,1,1
238,13,843,406,20,14,1,1,1
238,14,989,507,20,15,1,1,1
238,15,1202,408,16,14,1,1,1
238,16,1330,421,17,13,1,1,1
239,1,1481,458,16,12,1,1,1
239,2,1408,428,15,12,1,1,1
239,3,1310,490,12,12,1,1,1
239,4,1255,451,12,11,1,1,1
239,5,1191,473,13,10,1,1,1
239,6,1079,478,11,11,1,1,1
239,7,969,505,15,9,1,1,1
239,8,843,470,12,11,1,1,1
239,9,788,441,13,11,1,1,1
239,10,794,438,12,12,1,1,1
239,11,797,410,16,12,1,1,1
239,12,792,418,17,13,1,1,1
239,13,847,403,19,14,1,1,1
239,14,992,503,20,14,1,1,1
239,15,1204,406,17,13,1,1,1
239,16,1331,419,17,13,1,1,1
240,1,1481,453,16,13,1,1,1
240,2,1409,424,14,12,1,1,1
240,3,1311,486,14,12,1,1,1
240,4,1257,448,12,11,1,1,1
240,5,1193,470,12,10,1,1,1
240,6,1080,476,12,10,1,1,1
240,7,972,502,14,11,1,1,1
240,8,845,466,14,11,1,1,1
240,9,790,440,15,10,1,1,1
240,10,796,435,14,12,1,1,1
240,11,801,408,16,11,1,1,1
240,12,796,414,18,13,1,1,1
240,13,852,398,19,14,1,1,1
240,14,997,497,19,14,1,1,1
240,15,1206,401,17,14,1,1,1
240,16,1333,415,17,13,1,1,1
241,1,1482,450,16,12,1,1,1
241,2,1409,422,15,12,1,1,1
241,3,1312,484,14,11,1,1,1
241,4,1256,446,14,9,1,1,1
241,5,1193,469,13,11,1,1,1
241,6,1082,473,11,11,1,1,1
241,7,975,499,12,11,1,1,1
241,8,848,463,13,11,1,1,1
241,9,794,438,12,11,1,1,1
241,10,799,434,13,11,1,1,1
241,11,804,406,16,12,1,1,1
241,12,800,412,17,13,1,1,1
241,13,856,394,19,14,1,1,1
241,14,1002,492,18,15,1,1,1
241,15,1208,398,17,14,1,1,1
241,16,1334,413,17,13,1,1,1
242,1,1482,446,16,13,1,1,1
242,2,1410,419,14,12,1,1,1
242,3,1314,481,12,12,1,1,1
242,4,1258,443,12,11,1,1,1
242,5,1195,468,12,9,1,1,1
242,6,1084,471,10,11,1,1,1
242,7,976,497,12,10,1,1,1
242,8,849,461,14,11,1,1,1
242,9,796,437,12,11,1,1,1
242,10,800,432,14,11,1,1,1
242,11,808,404,15,12,1,1,1
242,12,803,410,18,13,1,1,1
242,13,859,391,19,14,1,1,1
242,14,1005,488,18,15,1,1,1
242,15,1210,395,16,14,1,1,1
242,16,1335,411,17,13,1,1,1
243,1,1482,443,16,13,1,1,1
243,2,1410,417,15,12,1,1,1
243,3,1314,479,15,11,1,1,1
243,4,1259,441,11,12,1,1,1
243,5,1195,466,12,10,1,1,1
243,6,1085,469,11,11,1,1,1
243,7,977,495,13,11,1,1,1
243,8,852,458,12,12,1,1,1
243,9,798,436,12,11,1,1,1
243,10,804,430,13,12,1,1,1
243,11,811,402,14,12,1,1,1
243,12,806,408,17,12,1,1,1
243,13,862,387,20,14,1,1,1
243,14,1007,485,19,14,1,1,1
243,15,1211,393,16,13,1,1,1
243,16,1336,409,17,13,1,1,1
244,1,1483,440,16,13,1,1,1
244,2,1410,415,15,12,1,1,1
244,3,1316,476,12,11,1,1,1
244,4,1260,439,12,11,1,1,1
244,5,1196,465,13,9,1,1,1
244,6,1085,468,13,9,1,1,1
244,7,980,493,13,11,1,1,1
244,8,852,456,12,11,1,1,1
244,9,800,435,13,11,1,1,1
244,10,806,428,14,12,1,1,1
244,12,811,405,16,14,1,1,1
244,13,866,384,19,14,1,1,1
244,14,1010,480,19,15,1,1,1
244,15,1213,390,16,13,1,1,1
244,16,1337,407,17,13,1,1,1
245,1,1483,438,16,12,1,1,1
245,2,1411,413,14,12,1,1,1
245,3,1317,474,12,12,1,1,1
245,4,1259,438,13,11,1,1,1
245,5,1197,464,13,10,1,1,1
245,6,1087,466,10,11,1,1,1
245,7,980,491,13,11,1,1,1
245,8,854,454,14,12,1,1,1
245,9,802,434,11,12,1,1,1
245,10,808,427,13,12,1,1,1
245,11,814,399,16,12,1,1,1
245,12,812,404,15,13,1,1,1
245,13,868,382,19,13,1,1,1
245,14,1012,477,19,15,1,1,1
245,15,1214,388,16,13,1,1,1
245,16,1338,405,17,13,1,1,1
246,1,1484,435,15,13,1,1,1
246,2,1411,412,14,11,1,1,1
246,3,1316,472,15,12,1,1,1
246,4,1260,436,13,10,1,1,1
246,5,1199,463,12,11,1,1,1
246,6,1086,465,12,10,1,1,1
246,7,983,489,11,11,1,1,1
246,8,855,453,13,11,1,1,1
246,9,803,433,13,12,1,1,1
246,10,808,426,14,11,1,1,1
246,12,814,403,17,13,1,1,1
246,13,871,379,19,14,1,1,1
246,14,1014,475,19,13,1,1,1
246,15,1215,385,16,14,1,1,1
246,16,1340,404,16,13,1,1,1
247,1,1484,431,16,13,1,1,1
247,2,1411,408,15,13,1,1,1
247,3,1318,469,14,11,1,1,1
247,4,1262,433,12,11,1,1,1
247,5,1199,461,13,10,1,1,1
247,6,1088,463,13,10,1,1,1
247,7,984,486,14,12,1,1,1
247,8,859,450,13,12,1,1,1
247,9,807,432,10,11,1,1,1
247,10,811,424,15,11,1,1,1
247,12,818,400,17,13,1,1,1
247,13,875,374,19,14,1,1,1
247,14,1018,469,19,14,1,1,1
247,15,1217,382,15,13,1,1,1
247,16,1340,402,17,13,1,1,1
248,1,1484,428,16,12,1,1,1
248,2,1412,407,14,12,1,1,1
248,3,1320,466,12,11,1,1,1
248,4,1261,431,14,11,1,1,1
248,5,1201,459,11,11,1,1,1
248,6,1089,461,13,11,1,1,1
248,7,987,484,11,11,1,1,1
248,8,861,448,12,12,1,1,1
248,9,808,431,12,11,1,1,1
248,10,814,422,13,11,1,1,1
248,12,822,398,16,13,1,1,1
248,13,879,371,19,14,1,1,1
248,14,1021,465,19,14,1,1,1
248,15,1218,379,15,13,1,1,1
248,16,1341,400,16,12,1,1,1
249,1,1485,424,16,13,1,1,1
249,2,1412,404,15,12,1,1,1
249,3,1321,463,12,12,1,1,1
249,4,1263,428,12,10,1,1,1
249,5,1201,458,12,9,1,1,1
249,6,1090,459,12,11,1,1,1
249,7,987,482,13,11,1,1,1
249,8,862,447,12,11,1,1,1
249,9,809,430,13,11,1,1,1
249,10,816,420,14,12,1,1,1
249,12,826,396,14,12,1,1,1
249,13,882,367,19,14,1,1,1
249,14,1024,461,19,14,1,1,1
249,15,1219,376,16,14,1,1,1
249,16,1343,398,17,13,1,1,1
250,1,1485,421,17,12,1,1,1
250,2,1412,402,14,12,1,1,1
250,3,1321,460,15,12,1,1,1
250,4,1264,426,12,11,1,1,1
250,5,1203,456,11,11,1,1,1
250,6,1093,457,11,11,1,1,1
250,7,991,480,12,11,1,1,1
250,8,863,445,14,12,1,1,1
250,9,811,429,13,11,1,1,1
250,10,819,418,14,10,1,1,1
250,12,828,394,15,13,1,1,1
250,13,886,364,17,14,1,1,1
250,14,1027,457,19,14,1,1,1
250,15,1220,374,16,14,1,1,1
250,16,1344,396,17,13,1,1,1
251,1,1486,417,16,13,1,1,1
251,2,1412,399,15,13,1,1,1
251,3,1322,457,15,12,1,1,1
251,4,1263,424,14,11,1,1,1
251,5,1203,455,12,10,1,1,1
251,6,1092,455,14,10,1,1,1
251,7,991,478,13,9,1,1,1
251,8,866,444,12,11,1,1,1
251,9,813,428,13,12,1,1,1
251,10,822,416,13,12,1,1,1
251,12,831,392,17,13,1,1,1
251,13,889,360,19,14,1,1,1
251,14,1032,453,17,14,1,1,1
251,15,1222,370,15,14,1,1,1
251,16,1346,395,17,13,1,1,1
252,1,1486,415,17,12,1,1,1
252,2,1412,398,15,12,1,1,1
252,3,1323,456,15,11,1,1,1
252,4,1265,422,12,11,1,1,1
252,5,1204,454,13,11,1,1,1
252,6,1093,454,14,10,1,1,1
252,7,993,476,12,10,1,1,1
252,8,867,443,12,10,1,1,1
252,9,816,427,12,11,1,1,1
252,10,824,416,13,11,1,1,1
252,12,833,390,17,14,1,1,1
252,13,892,358,17,14,1,1,1
252,14,1032,450,19,14,1,1,1
252,15,1222,369,15,14,1,1,1
252,16,1348,393,16,13,1,1,1
253,1,1486,412,17,13,1,1,1
253,2,1414,396,13,12,1,1,1
253,3,1325,454,12,11,1,1,1
253,4,1265,420,12,11,1,1,1
253,5,1205,453,12,10,1,1,1
253,6,1095,453,11,11,1,1,1
253,7,993,475,14,10,1,1,1
253,8,869,442,12,11,1,1,1
253,9,816,426,14,12,1,1,1
253,10,824,414,14,11,1,1,1
253,12,836,389,16,13,1,1,1
253,13,895,355,17,14,1,1,1
253,14,1035,447,19,14,1,1,1
253,15,1223,366,16,14,1,1,1
253,16,1348,392,17,13,1,1,1
254,1,1487,408,17,13,1,1,1
254,2,1413,394,14,12,1,1,1
254,3,1325,450,13,11,1,1,1
254,4,1265,418,13,11,1,1,1
254,5,1206,451,12,11,1,1,1
254,6,1096,451,12,11,1,1,1
254,7,996,473,12,11,1,1,1
254,8,872,440,11,11,1,1,1
254,9,819,425,12,12,1,1,1
254,10,827,412,13,11,1,1,1
254,12,841,387,15,12,1,1,1
254,13,898,351,19,14,1,1,1
254,14,1038,443,19,14,1,1,1
254,15,1224,364,15,13,1,1,1
254,16,1349,390,18,13,1,1,1
255,1,1488,405,15,13,1,1,1
255,2,1413,392,14,12,1,1,1
255,3,1327,448,12,12,1,1,1
255,4,1267,416,12,11,1,1,1
255,5,1207,450,12,11,1,1,1
255,6,1098,450,11,11,1,1,1
255,7,997,471,13,11,1,1,1
255,8,872,439,13,12,1,1,1
255,9,820,425,13,11,1,1,1
255,10,829,411,13,11,1,1,1
255,12,842,386,15,12,1,1,1
255,13,901,349,19,14,1,1,1
255,14,1041,440,18,14,1,1,1
255,15,1225,361,15,13,1,1,1
255,16,1351,389,17,13,1,1,1
256,1,1490,402,14,12,1,1,1
256,2,1413,390,14,12,1,1,1
256,3,1327,446,13,11,1,1,1
256,4,1266,414,13,11,1,1,1
256,5,1207,449,13,9,1,1,1
256,6,1098,448,12,11,1,1,1
256,7,998,469,14,11,1,1,1
256,8,874,438,13,12,1,1,1
256,9,822,424,13,11,1,1,1
256,10,831,409,13,11,1,1,1
256,12,845,384,16,12,1,1,1
256,13,905,345,18,14,1,1,1
256,14,1045,436,17,14,1,1,1
256,15,1226,358,15,14,1,1,1
256,16,1352,387,17,13,1,1,1
257,1,1489,400,17,12,1,1,1
257,2,1412,388,16,13,1,1,1
257,3,1328,443,13,11,1,1,1
257,4,1267,412,12,11,1,1,1
257,5,1208,448,12,11,1,1,1
257,6,1099,447,11,11,1,1,1
257,7,1000,468,12,11,1,1,1
257,8,876,438,11,11,1,1,1
257,9,823,423,14,12,1,1,1
257,10,833,408,13,11,1,1,1
257,12,847,382,15,13,1,1,1
257,13,907,343,18,14,1,1,1
257,14,1045,434,19,14,1,1,1
257,15,1226,357,16,13,1,1,1
257,16,1353,386,15,13,1,1,1
258,1,1490,396,17,12,1,1,1
258,2,1414,386,13,12,1,1,1
258,3,1330,441,13,11,1,1,1
258,4,1268,410,12,11,1,1,1
258,5,1209,447,12,10,1,1,1
258,6,1102,446,12,10,1,1,1
258,7,1002,465,12,11,1,1,1
258,8,878,437,11,11,1,1,1
258,9,825,423,13,11,1,1,1
258,10,835,406,14,11,1,1,1
258,12,850,380,15,13,1,1,1
258,13,911,340,18,14,1,1,1
258,14,1048,431,19,14,1,1,1
258,15,1227,355,15,12,1,1,1
258,16,1355,384,17,13,1,1,1
259,1,1490,394,17,13,1,1,1
259,2,1413,385,14,12,1,1,1
259,3,1331,439,12,11,1,1,1
259,4,1269,408,11,11,1,1,1
259,5,1210,445,12,10,1,1,1
259,6,1101,444,14,11,1,1,1
259,7,1002,464,14,11,1,1,1
259,8,881,437,12,10,1,1,1
259,9,828,422,12,12,1,1,1
259,10,837,405,12,11,1,1,1
259,12,853,379,16,13,1,1,1
259,13,913,337,18,14,1,1,1
259,14,1050,428,17,14,1,1,1
259,15,1227,352,16,14,1,1,1
259,16,1356,383,18,13,1,1,1
260,1,1491,392,17,12,1,1,1
260,2,1414,383,13,12,1,1,1
260,3,1330,437,14,11,1,1,1
260,4,1268,407,12,11,1,1,1
260,5,1210,445,13,11,1,1,1
260,6,1102,443,14,11,1,1,1
260,7,1003,463,14,11,1,1,1
260,8,880,435,13,12,1,1,1
260,9,828,422,12,11,1,1,1
260,10,839,404,14,11,1,1,1
260,12,856,378,15,13,1,1,1
260,13,915,335,18,14,1,1,1
260,14,1052,426,18,14,1,1,1
260,15,1228,351,15,13,1,1,1
260,16,1357,382,18,13,1,1,1
261,1,1492,389,17,13,1,1,1
261,2,1412,381,16,12,1,1,1
261,3,1332,435,13,11,1,1,1
261,4,1270,405,11,11,1,1,1
261,5,1211,443,12,10,1,1,1
261,6,1104,442,11,11,1,1,1
261,7,1006,461,12,11,1,1,1
261,8,883,435,13,10,1,1,1
261,9,831,421,12,12,1,1,1
261,10,842,402,13,12,1,1,1
261,12,857,377,15,12,1,1,1
261,13,918,333,18,14,1,1,1
261,14,1054,424,19,14,1,1,1
261,15,1228,349,16,14,1,1,1
261,16,1359,381,17,13,1,1,1
262,1,1494,386,16,13,1,1,1
262,2,1412,380,14,10,1,1,1
262,3,1332,432,13,12,1,1,1
262,4,1269,403,13,11,1,1,1
262,5,1212,442,11,10,1,1,1
262,6,1106,441,11,10,1,1,1
262,7,1007,459,11,11,1,1,1
262,8,884,434,14,11,1,1,1
262,9,832,421,12,10,1,1,1
262,10,842,401,13,11,1,1,1
262,12,861,375,15,13,1,1,1
262,13,921,330,18,13,1,1,1
262,14,1057,421,18,14,1,1,1
262,15,1229,347,15,13,1,1,1
262,16,1361,380,16,13,1,1,1
263,1,1495,383,16,12,1,1,1
263,2,1412,377,15,12,1,1,1
263,3,1333,429,13,11,1,1,1
263,4,1270,401,12,11,1,1,1
263,5,1212,441,13,11,1,1,1
263,6,1107,439,11,11,1,1,1
263,7,1009,457,11,11,1,1,1
263,8,886,433,12,10,1,1,1
263,9,833,420,12,11,1,1,1
263,10,845,399,13,12,1,1,1
263,12,863,373,16,13,1,1,1
263,13,926,327,17,13,1,1,1
263,14,1059,418,17,14,1,1,1
263,15,1229,344,16,14,1,1,1
263,16,1362,378,18,13,1,1,1
264,1,1495,380,17,12,1,1,1
264,2,1412,375,15,12,1,1,1
264,3,1334,427,13,11,1,1,1
264,4,1271,399,12,11,1,1,1
264,5,1213,440,12,10,1,1,1
264,6,1108,438,13,10,1,1,1
264,7,1009,456,13,10,1,1,1
264,8,888,433,14,11,1,1,1
264,9,836,419,11,12,1,1,1
264,10,847,398,13,11,1,1,1
264,12,865,371,17,13,1,1,1
264,13,927,324,18,13,1,1,1
264,14,1062,415,18,15,1,1,1
264,15,1230,342,15,13,1,1,1
264,16,1364,377,16,13,1,1,1
265,1,1497,377,16,13,1,1,1
265,2,1413,374,14,12,1,1,1
265,3,1334,425,13,11,1,1,1
265,4,1272,397,11,11,1,1,1
265,5,1214,439,11,9,1,1,1
265,6,1110,436,12,11,1,1,1
265,7,1011,454,12,11,1,1,1
265,8,890,432,12,12,1,1,1
265,9,836,419,12,10,1,1,1
265,10,850,396,13,12,1,1,1
265,12,869,370,15,13,1,1,1
265,13,930,321,18,14,1,1,1
265,14,1064,413,16,14,1,1,1
265,15,1230,341,15,12,1,1,1
265,16,1366,376,17,12,1,1,1
266,1,1498,375,14,13,1,1,1
266,2,1413,373,13,12,1,1,1
266,3,1335,423,13,11,1,1,1
266,4,1271,396,13,11,1,1,1
266,5,1214,438,12,11,1,1,1
266,6,1110,435,13,11,1,1,1
266,7,1011,453,13,11,1,1,1
266,8,891,432,14,11,1,1,1
266,9,838,418,12,10,1,1,1
266,10,852,395,13,11,1,1,1
266,12,871,369,15,13,1,1,1
266,13,932,319,18,13,1,1,1
266,14,1066,411,17,14,1,1,1
266,15,1230,339,16,13,1,1,1
266,16,1367,375,17,12,1,1,1
267,1,1498,371,17,13,1,1,1
267,2,1411,370,14,12,1,1,1
267,3,1336,420,13,11,1,1,1
267,4,1272,393,12,11,1,1,1
267,5,1215,437,12,10,1,1,1
267,6,1112,434,13,10,1,1,1
267,7,1013,451,13,10,1,1,1
267,8,894,431,13,11,1,1,1
267,9,840,417,12,11,1,1,1
267,10,855,393,13,12,1,1,1
267,12,875,367,15,12,1,1,1
267,13,936,315,18,14,1,1,1
267,14,1069,408,17,13,1,1,1
267,15,1231,336,15,13,1,1,1
267,16,1369,373,16,13,1,1,1
268,1,1499,369,17,13,1,1,1
268,2,1413,369,13,12,1,1,1
268,3,1336,418,13,12,1,1,1
268,4,1273,392,11,11,1,1,1
268,5,1216,436,12,10,1,1,1
268,6,1113,433,13,10,1,1,1
268,7,1015,449,11,10,1,1,1
268,8,896,431,11,11,1,1,1
268,9,840,417,12,11,1,1,1
268,10,856,393,13,10,1,1,1
268,12,875,366,16,12,1,1,1
268,13,938,314,16,14,1,1,1
268,14,1070,407,18,14,1,1,1
268,15,1231,335,15,11,1,1,1
268,16,1372,372,16,13,1,1,1
269,1,1500,366,17,12,1,1,1
269,2,1412,367,13,12,1,1,1
269,3,1337,415,13,11,1,1,1
269,4,1274,389,12,12,1,1,1
269,5,1216,434,12,11,1,1,1
269,6,1115,431,11,11,1,1,1
269,7,1017,447,11,11,1,1,1
269,8,898,430,12,11,1,1,1
269,9,842,416,12,10,1,1,1
269,10,859,390,13,12,1,1,1
269,12,880,364,15,12,1,1,1
269,13,941,310,18,14,1,1,1
269,14,1073,404,17,13,1,1,1
269,15,1232,332,15,13,1,1,1
269,16,1373,370,17,13,1,1,1
270,1,1502,362,17,12,1,1,1
270,2,1410,365,14,12,1,1,1
270,3,1338,412,13,11,1,1,1
270,4,1275,387,12,11,1,1,1
270,5,1218,433,11,10,1,1,1
270,6,1116,429,11,10,1,1,1
270,7,1017,445,12,10,1,1,1
270,8,901,429,11,11,1,1,1
270,9,845,415,12,10,1,1,1
270,10,860,388,13,11,1,1,1
270,12,882,362,16,12,1,1,1
270,13,946,307,17,13,1,1,1
270,14,1076,400,17,13,1,1,1
270,15,1232,329,15,13,1,1,1
270,16,1375,369,17,13,1,1,1
271,1,1503,359,16,12,1,1,1
271,2,1410,362,15,12,1,1,1
271,3,1339,409,13,10,1,1,1
271,4,1275,384,12,11,1,1,1
271,5,1219,431,11,10,1,1,1
271,6,1120,427,11,11,1,1,1
271,7,1020,443,11,11,1,1,1
271,8,903,428,11,11,1,1,1
271,9,847,414,12,11,1,1,1
271,10,863,386,13,11,1,1,1
271,12,885,360,16,12,1,1,1
271,13,949,303,18,14,1,1,1
271,14,1080,397,15,15,1,1,1
271,15,1232,327,15,12,1,1,1
271,16,1378,367,17,13,1,1,1
272,1,1505,356,17,12,1,1,1
272,2,1410,361,13,11,1,1,1
272,3,1339,407,13,11,1,1,1
272,4,1275,383,12,10,1,1,1
272,5,1218,430,13,10,1,1,1
272,6,1119,426,12,11,1,1,1
272,7,1021,441,11,11,1,1,1
272,8,907,428,12,10,1,1,1
272,9,848,414,13,9,1,1,1
272,10,865,384,13,11,1,1,1
272,12,888,358,16,13,1,1,1
272,13,952,300,18,14,1,1,1
272,14,1081,395,16,14,1,1,1
272,15,1233,325,15,11,1,1,1
272,16,1380,366,17,13,1,1,1
273,1,1507,352,15,13,1,1,1
273,2,1409,358,15,12,1,1,1
273,3,1340,404,13,11,1,1,1
273,4,1276,380,12,11,1,1,1
273,5,1220,428,11,11,1,1,1
273,6,1121,424,12,10,1,1,1
273,7,1022,439,12,11,1,1,1
273,8,908,426,12,12,1,1,1
273,9,850,412,12,11,1,1,1
273,10,868,382,14,11,1,1,1
273,12,892,356,15,13,1,1,1
273,13,957,298,16,13,1,1,1
273,14,1083,393,17,12,1,1,1
273,15,1233,323,15,12,1,1,1
273,16,1383,364,15,13,1,1,1
274,1,1509,350,16,12,1,1,1
274,2,1410,357,14,12,1,1,1
274,3,1340,402,13,11,1,1,1
274,4,1276,379,12,10,1,1,1
274,5,1220,427,12,11,1,1,1
274,6,1122,423,12,11,1,1,1
274,7,1023,438,12,11,1,1,1
274,8,910,426,12,11,1,1,1
274,9,851,412,13,9,1,1,1
274,10,871,380,12,11,1,1,1
274,12,893,355,16,12,1,1,1
274,13,958,295,15,14,1,1,1
274,14,1085,390,16,14,1,1,1
274,15,1233,321,15,13,1,1,1
274,16,1385,364,14,11,1,1,1
275,1,1510,347,16,13,1,1,1
275,2,1408,355,15,12,1,1,1
275,3,1341,399,13,12,1,1,1
275,4,1276,377,13,11,1,1,1
275,5,1220,426,12,11,1,1,1
275,6,1125,422,11,10,1,1,1
275,7,1024,436,12,11,1,1,1
275,8,913,425,12,11,1,1,1
275,9,853,410,12,11,1,1,1
275,10,872,379,14,11,1,1,1
275,12,896,353,14,13,1,1,1
275,13,963,292,15,14,1,1,1
275,14,1088,388,15,14,1,1,1
275,15,1235,319,13,13,1,1,1
275,16,1388,362,14,13,1,1,1
276,1,1510,346,17,12,1,1,1
276,2,1410,354,13,12,1,1,1
276,3,1341,398,13,11,1,1,1
276,4,1277,375,12,10,1,1,1
276,5,1221,425,12,11,1,1,1
276,6,1125,421,12,11,1,1,1
276,7,1025,435,11,11,1,1,1
276,8,914,425,11,11,1,1,1
276,9,853,410,13,11,1,1,1
276,10,874,378,12,10,1,1,1
276,12,898,352,14,13,1,1,1
276,13,964,290,16,14,1,1,1
276,14,1088,387,16,14,1,1,1
276,15,1234,318,14,12,1,1,1
276,16,1388,361,17,13,1,1,1
277,1,1511,344,17,13,1,1,1
277,2,1408,354,14,12,1,1,1
277,3,1341,397,13,11,1,1,1
277,4,1277,374,12,10,1,1,1
277,5,1221,425,12,10,1,1,1
277,6,1127,420,11,11,1,1,1
277,7,1026,435,11,10,1,1,1
277,8,914,424,14,10,1,1,1
277,9,853,409,12,11,1,1,1
277,10,875,377,12,10,1,1,1
277,12,899,351,14,13,1,1,1
277,13,964,289,17,14,1,1,1
277,14,1089,386,16,14,1,1,1
277,15,1234,317,14,12,1,1,1
277,16,1389,361,17,12,1,1,1
278,1,1513,341,17,12,1,1,1
278,2,1409,351,13,12,1,1,1
278,3,1342,394,13,11,1,1,1
278,4,1277,372,12,12,1,1,1
278,5,1222,423,12,11,1,1,1
278,6,1129,418,12,11,1,1,1
278,7,1027,432,11,11,1,1,1
278,8,918,424,13,11,1,1,1
278,9,856,408,12,9,1,1,1
278,10,877,374,14,10,1,1,1
278,12,903,349,15,12,1,1,1
278,13,968,286,17,13,1,1,1
278,14,1091,383,16,14,1,1,1
278,15,1234,314,15,12,1,1,1
278,16,1392,359,17,13,1,1,1
279,1,1516,338,15,12,1,1,1
279,2,1407,350,14,11,1,1,1
279,3,1342,392,13,11,1,1,1
279,4,1278,370,12,10,1,1,1
279,5,1223,422,11,11,1,1,1
279,6,1129,417,12,10,1,1,1
279,7,1027,431,13,9,1,1,1
279,8,919,423,13,11,1,1,1
279,9,858,407,11,10,1,1,1
279,10,879,372,14,11,1,1,1
279,12,905,347,14,12,1,1,1
279,13,970,283,16,13,1,1,1
279,14,1093,381,16,14,1,1,1
279,15,1235,312,14,12,1,1,1
279,16,1394,357,17,13,1,1,1
280,1,1517,336,15,12,1,1,1
280,2,1407,349,13,11,1,1,1
280,3,1342,390,13,11,1,1,1
280,4,1278,369,11,10,1,1,1
280,5,1224,421,11,10,1,1,1
280,6,1130,416,12,11,1,1,1
280,7,1029,430,12,11,1,1,1
280,8,922,423,12,10,1,1,1
280,9,859,406,11,10,1,1,1
280,10,880,370,13,11,1,1,1
280,12,908,346,14,12,1,1,1
280,13,972,281,16,13,1,1,1
280,14,1094,380,16,13,1,1,1
280,15,1236,310,14,12,1,1,1
280,16,1395,356,17,13,1,1,1
281,1,1517,334,14,12,1,1,1
281,2,1407,347,14,11,1,1,1
281,3,1343,388,13,11,1,1,1
281,4,1278,367,12,10,1,1,1
281,5,1223,420,12,11,1,1,1
281,6,1132,415,13,11,1,1,1
281,7,1030,428,11,11,1,1,1
281,8,923,422,12,9,1,1,1
281,9,861,404,10,11,1,1,1
281,10,883,369,12,10,1,1,1
281,12,909,344,15,13,1,1,1
281,13,975,278,17,14,1,1,1
281,14,1096,377,15,14,1,1,1
281,15,1235,308,15,13,1,1,1
281,16,1397,355,17,13,1,1,1
282,1,1520,331,15,12,1,1,1
282,2,1406,345,14,12,1,1,1
282,3,1343,386,13,11,1,1,1
282,4,1278,365,12,12,1,1,1
282,5,1224,419,11,10,1,1,1
282,6,1134,413,11,11,1,1,1
282,7,1031,427,12,11,1,1,1
282,8,926,421,12,11,1,1,1
282,9,861,403,12,9,1,1,1
282,10,884,366,12,11,1,1,1
282,12,911,342,16,12,1,1,1
282,13,977,275,18,14,1,1,1
282,14,1098,376,15,13,1,1,1
282,15,1236,306,15,13,1,1,1
282,16,1400,353,16,13,1,1,1
283,1,1520,329,16,13,1,1,1
283,2,1407,344,13,11,1,1,1
283,3,1344,384,13,11,1,1,1
283,4,1279,364,11,11,1,1,1
283,5,1224,418,12,10,1,1,1
283,6,1135,412,11,11,1,1,1
283,7,1031,425,12,10,1,1,1
283,8,927,421,12,11,1,1,1
283,9,861,402,13,11,1,1,1
283,10,886,365,14,11,1,1,1
283,11,906,343,15,11,1,1,1
283,12,913,340,14,13,1,1,1
283,13,979,274,17,14,1,1,1
283,14,1099,375,15,13,1,1,1
283,15,1237,304,14,13,1,1,1
283,16,1401,352,16,12,1,1,1
284,1,1521,327,16,11,1,1,1
284,2,1406,342,14,11,1,1,1
284,3,1344,382,13,11,1,1,1
284,4,1279,362,11,12,1,1,1
284,5,1225,417,12,9,1,1,1
284,6,1136,411,12,11,1,1,1
284,7,1032,424,11,10,1,1,1
284,8,929,420,12,11,1,1,1
284,9,863,401,11,10,1,1,1
284,10,888,362,13,12,1,1,1
284,11,910,341,12,11,1,1,1
284,12,915,338,15,12,1,1,1
284,13,983,271,14,13,1,1,1
284,14,1100,372,16,13,1,1,1
284,15,1236,302,16,13,1,1,1
284,16,1403,351,17,12,1,1,1
285,1,1522,325,16,12,1,1,1
285,2,1406,341,13,11,1,1,1
285,3,1344,381,13,11,1,1,1
285,4,1279,361,11,12,1,1,1
285,5,1225,416,12,11,1,1,1
285,6,1138,410,11,11,1,1,1
285,7,1033,423,11,11,1,1,1
285,8,930,420,14,11,1,1,1
285,9,864,400,12,10,1,1,1
285,10,890,361,12,11,1,1,1
285,11,911,340,12,11,1,1,1
285,12,916,338,16,11,1,1,1
285,13,983,270,15,14,1,1,1
285,14,1101,372,15,12,1,1,1
285,15,1236,301,16,13,1,1,1
285,16,1404,350,15,12,1,1,1
286,1,1523,322,17,12,1,1,1
286,2,1406,339,12,12,1,1,1
286,3,1344,379,12,11,1,1,1
286,4,1279,359,11,12,1,1,1
286,5,1226,415,12,9,1,1,1
286,6,1139,408,11,11,1,1,1
286,7,1033,422,12,11,1,1,1
286,8,934,419,11,11,1,1,1
286,9,864,398,14,11,1,1,1
286,10,892,359,11,11,1,1,1
286,11,913,338,11,11,1,1,1
286,12,920,335,13,12,1,1,1
286,13,987,267,15,13,1,1,1
286,14,1102,369,16,13,1,1,1
286,15,1237,298,16,13,1,1,1
286,16,1406,348,15,12,1,1,1
287,1,1525,320,16,12,1,1,1
287,2,1405,337,14,12,1,1,1
287,3,1345,377,12,11,1,1,1
287,4,1279,357,11,11,1,1,1
287,5,1227,413,11,11,1,1,1
287,6,1140,407,13,11,1,1,1
287,7,1035,420,11,11,1,1,1
287,8,936,419,13,10,1,1,1
287,9,868,396,10,11,1,1,1
287,10,893,356,13,12,1,1,1
287,11,914,336,15,11,1,1,1
287,12,921,332,16,12,1,1,1
287,13,988,265,15,13,1,1,1
287,14,1104,368,15,13,1,1,1
287,15,1238,296,16,13,1,1,1
287,16,1408,346,16,13,1,1,1
288,1,1528,317,13,12,1,1,1
288,2,1405,335,14,11,1,1,1
288,3,1345,374,13,11,1,1,1
288,4,1278,355,12,11,1,1,1
288,5,1227,412,12,10,1,1,1
288,6,1143,405,10,11,1,1,1
288,7,1035,418,12,11,1,1,1
288,8,938,418,12,11,1,1,1
288,9,868,395,12,10,1,1,1
288,10,896,354,13,10,1,1,1
288,11,916,334,15,11,1,1,1
288,12,925,330,14,11,1,1,1
288,13,992,261,15,13,1,1,1
288,14,1105,365,15,13,1,1,1
288,15,1239,293,16,12,1,1,1
288,16,1410,344,16,12,1,1,1
289,1,1528,314,15,12,1,1,1
289,2,1405,333,14,12,1,1,1
289,3,1345,372,13,11,1,1,1
289,4,1278,353,11,11,1,1,1
289,5,1229,410,10,10,1,1,1
289,6,1143,403,12,11,1,1,1
289,7,1037,417,11,11,1,1,1
289,8,940,417,12,11,1,1,1
289,9,870,392,11,11,1,1,1
289,10,897,351,14,11,1,1,1
289,11,919,332,14,11,1,1,1
289,12,926,327,14,12,1,1,1
289,13,993,258,16,13,1,1,1
289,14,1107,364,15,13,1,1,1
289,15,1240,290,16,12,1,1,1
289,16,1414,342,14,13,1,1,1
290,1,1529,311,15,13,1,1,1
290,2,1406,332,12,11,1,1,1
290,3,1345,370,13,11,1,1,1
290,4,1278,351,11,12,1,1,1
290,5,1229,409,11,10,1,1,1
290,6,1144,402,13,10,1,1,1
290,7,1037,416,12,9,1,1,1
290,8,943,417,11,10,1,1,1
290,9,870,391,12,10,1,1,1
290,10,899,349,13,11,1,1,1
290,11,922,330,12,11,1,1,1
290,12,928,324,16,12,1,1,1
290,13,995,256,16,13,1,1,1
290,14,1108,362,15,13,1,1,1
290,15,1241,288,16,12,1,1,1
290,16,1414,341,15,12,1,1,1
291,1,1531,309,14,13,1,1,1
291,2,1406,330,13,11,1,1,1
291,3,1345,368,13,11,1,1,1
291,4,1276,350,13,10,1,1,1
291,5,1229,408,11,9,1,1,1
291,6,1147,400,12,10,1,1,1
291,7,1038,414,11,11,1,1,1
291,8,945,416,12,9,1,1,1
291,9,873,389,9,10,1,1,1
291,10,901,346,13,12,1,1,1
291,11,924,328,13,11,1,1,1
291,12,930,322,14,12,1,1,1
291,13,997,253,16,13,1,1,1
291,14,1109,361,15,12,1,1,1
291,15,1242,286,16,13,1,1,1
291,16,1416,338,15,12,1,1,1
292,1,1533,308,13,12,1,1,1
292,2,1404,328,13,12,1,1,1
292,3,1346,367,12,11,1,1,1
292,4,1276,349,12,11,1,1,1
292,5,1229,407,11,10,1,1,1
292,6,1148,399,12,10,1,1,1
292,7,1039,413,11,11,1,1,1
292,8,945,415,13,11,1,1,1
292,9,872,388,12,11,1,1,1
292,10,902,345,13,9,1,1,1
292,11,924,327,14,10,1,1,1
292,12,933,320,14,12,1,1,1
292,13,1000,251,14,14,1,1,1
292,14,1109,360,16,13,1,1,1
292,15,1243,285,15,12,1,1,1
292,16,1417,337,15,12,1,1,1
293,1,1532,306,15,12,1,1,1
293,2,1405,327,14,12,1,1,1
293,3,1346,365,12,11,1,1,1
293,4,1277,347,12,11,1,1,1
293,5,1229,406,12,10,1,1,1
293,6,1148,398,12,10,1,1,1
293,7,1039,412,11,11,1,1,1
293,8,947,414,14,11,1,1,1
293,9,874,386,12,11,1,1,1
293,10,903,343,14,11,1,1,1
293,11,925,325,15,11,1,1,1
293,12,935,318,12,11,1,1,1
293,13,1000,250,15,13,1,1,1
293,14,1110,358,16,13,1,1,1
293,15,1244,283,14,12,1,1,1
293,16,1418,336,15,13,1,1,1
294,1,1533,305,14,13,1,1,1
294,2,1406,326,13,11,1,1,1
294,3,1346,363,13,12,1,1,1
294,4,1276,347,11,11,1,1,1
294,5,1230,405,11,9,1,1,1
294,6,1149,397,12,10,1,1,1
294,7,1040,411,11,11,1,1,1
294,8,950,413,11,11,1,1,1
294,9,875,385,11,11,1,1,1
294,10,906,342,11,10,1,1,1
294,11,926,324,15,10,1,1,1
294,12,934,317,16,11,1,1,1
294,13,1001,248,15,13,1,1,1
294,14,1111,357,15,13,1,1,1
294,15,1244,281,16,13,1,1,1
294,16,1420,335,13,13,1,1,1
295,1,1534,301,15,13,1,1,1
295,2,1405,322,14,12,1,1,1
295,3,1346,361,13,11,1,1,1
295,4,1275,344,14,11,1,1,1
295,5,1230,403,12,10,1,1,1
295,6,1152,394,11,11,1,1,1
295,7,1041,409,11,11,1,1,1
295,8,953,412,11,10,1,1,1
295,9,877,383,12,10,1,1,1
295,10,907,338,14,11,1,1,1
295,11,930,320,14,12,1,1,1
295,12,937,313,15,11,1,1,1
295,13,1004,243,15,15,1,1,1
295,14,1113,355,15,13,1,1,1
295,15,1246,278,16,13,1,1,1
295,16,1421,332,15,13,1,1,1
296,1,1535,298,15,13,1,1,1
296,2,1406,320,14,12,1,1,1
296,3,1346,358,13,11,1,1,1
296,4,1275,343,13,11,1,1,1
296,5,1232,401,11,9,1,1,1
296,6,1152,392,12,10,1,1,1
296,7,1042,407,11,11,1,1,1
296,8,954,411,13,10,1,1,1
296,9,877,380,12,11,1,1,1
296,10,910,335,12,10,1,1,1
296,11,932,317,14,12,1,1,1
296,12,940,309,15,12,1,1,1
296,13,1006,241,15,13,1,1,1
296,14,1114,353,15,12,1,1,1
296,15,1248,275,14,13,1,1,1
296,16,1422,330,15,12,1,1,1
297,1,1537,295,14,14,1,1,1
297,2,1406,317,13,12,1,1,1
297,3,1347,355,12,12,1,1,1
297,4,1275,341,11,11,1,1,1
297,5,1231,399,12,11,1,1,1
297,6,1155,389,11,10,1,1,1
297,7,1043,405,11,11,1,1,1
297,8,957,409,14,11,1,1,1
297,9,881,377,9,10,1,1,1
297,10,912,331,12,10,1,1,1
297,11,936,314,12,12,1,1,1
297,12,944,305,14,12,1,1,1
297,13,1009,237,14,13,1,1,1
297,14,1115,350,16,13,1,1,1
297,15,1250,272,14,14,1,1,1
297,16,1425,326,14,12,1,1,1
298,1,1536,293,15,12,1,1,1
298,2,1406,315,13,12,1,1,1
298,3,1347,354,12,11,1,1,1
298,4,1276,340,12,10,1,1,1
298,5,1232,398,11,10,1,1,1
298,6,1156,387,12,11,1,1,1
298,7,1043,404,12,9,1,1,1
298,8,959,408,13,11,1,1,1
298,9,880,375,11,11,1,1,1
298,10,915,329,12,11,1,1,1
298,11,936,312,13,11,1,1,1
298,12,946,302,13,12,1,1,1
298,13,1010,235,14,13,1,1,1
298,14,1116,349,15,12,1,1,1
298,15,1251,271,16,13,1,1,1
298,16,1424,324,16,12,1,1,1
299,1,1536,290,16,13,1,1,1
299,2,1408,314,13,11,1,1,1
299,3,1346,352,13,11,1,1,1
299,4,1275,339,11,11,1,1,1
299,5,1232,396,12,10,1,1,1
299,6,1156,386,12,10,1,1,1
299,7,1044,402,11,11,1,1,1
299,8,961,407,12,9,1,1,1
299,9,882,374,12,9,1,1,1
299,10,915,326,13,12,1,1,1
299,11,939,310,12,12,1,1,1
299,12,946,300,14,12,1,1,1
299,13,1011,233,15,14,1,1,1
299,14,1117,347,14,13,1,1,1
299,15,1253,270,13,13,1,1,1
299,16,1427,322,14,13,1,1,1
300,1,1537,288,14,13,1,1,1
300,2,1408,311,14,12,1,1,1
300,3,1346,349,13,11,1,1,1
300,4,1274,338,12,10,1,1,1
300,5,1233,394,11,11,1,1,1
300,6,1159,383,11,11,1,1,1
300,7,1045,400,11,11,1,1,1
300,8,964,405,12,11,1,1,1
300,9,883,370,12,11,1,1,1
300,10,918,323,13,11,1,1,1
300,11,942,307,11,11,1,1,1
300,12,949,296,15,12,1,1,1
300,13,1014,229,14,15,1,1,1
300,14,1118,345,15,12,1,1,1
300,15,1255,268,14,13,1,1,1
300,16,1426,319,16,13,1,1,1
301,1,1537,287,14,13,1,1,1
301,2,1408,310,14,11,1,1,1
301,3,1346,348,13,11,1,1,1
301,4,1274,337,13,11,1,1,1
301,5,1233,393,11,11,1,1,1
301,6,1159,382,12,10,1,1,1
301,7,1044,399,12,11,1,1,1
301,8,966,404,12,9,1,1,1
301,9,885,369,11,11,1,1,1
301,10,920,322,12,11,1,1,1
301,11,943,305,11,11,1,1,1
301,12,950,295,15,11,1,1,1
301,13,1014,229,15,13,1,1,1
301,14,1120,344,14,12,1,1,1
301,15,1256,268,14,12,1,1,1
301,16,1426,318,16,12,1,1,1
302,1,1537,284,15,13,1,1,1
302,2,1409,308,14,12,1,1,1
302,3,1346,346,13,11,1,1,1
302,4,1274,336,13,11,1,1,1
302,5,1233,392,12,9,1,1,1
302,6,1160,380,12,10,1,1,1
302,7,1046,397,11,11,1,1,1
302,8,967,402,11,11,1,1,1
302,9,885,367,11,11,1,1,1
302,10,922,320,10,11,1,1,1
302,11,946,303,11,12,1,1,1
302,12,952,292,14,12,1,1,1
302,13,1016,227,14,13,1,1,1
302,14,1120,341,15,13,1,1,1
302,15,1257,266,14,13,1,1,1
302,16,1429,315,14,12,1,1,1
303,1,1537,280,16,13,1,1,1
303,2,1410,304,13,12,1,1,1
303,3,1347,342,12,11,1,1,1
303,4,1274,335,12,11,1,1,1
303,5,1234,389,11,10,1,1,1
303,6,1162,376,11,10,1,1,1
303,7,1046,394,13,11,1,1,1
303,8,973,399,11,11,1,1,1
303,9,888,362,12,11,1,1,1
303,10,925,315,11,12,1,1,1
303,11,948,298,12,12,1,1,1
303,12,956,288,14,12,1,1,1
303,13,1020,223,14,13,1,1,1
303,14,1123,337,14,12,1,1,1
303,15,1261,264,13,12,1,1,1
303,16,1429,310,15,12,1,1,1
304,1,1538,278,15,13,1,1,1
304,2,1411,302,15,12,1,1,1
304,3,1346,339,13,12,1,1,1
304,4,1274,334,11,10,1,1,1
304,5,1235,387,11,10,1,1,1
304,6,1163,374,12,11,1,1,1
304,7,1047,392,13,10,1,1,1
304,8,974,397,12,10,1,1,1
304,9,891,360,12,10,1,1,1
304,10,927,312,12,12,1,1,1
304,11,951,295,12,12,1,1,1
304,12,960,286,13,10,1,1,1
304,13,1022,222,14,12,1,1,1
304,14,1124,334,14,12,1,1,1
304,15,1263,262,14,13,1,1,1
304,16,1428,307,15,13,1,1,1
305,1,1537,276,17,13,1,1,1
305,2,1412,300,13,12,1,1,1
305,3,1346,337,13,11,1,1,1
305,4,1274,334,11,9,1,1,1
305,5,1235,386,11,10,1,1,1
305,6,1165,372,11,11,1,1,1
305,7,1048,390,12,9,1,1,1
305,8,976,395,11,11,1,1,1
305,9,892,358,11,9,1,1,1
305,10,929,311,12,11,1,1,1
305,11,953,293,11,13,1,1,1
305,12,961,284,14,11,1,1,1
305,13,1023,220,15,12,1,1,1
305,14,1124,331,15,12,1,1,1
305,15,1265,262,13,13,1,1,1
305,16,1428,304,16,12,1,1,1
306,1,1537,275,17,12,1,1,1
306,2,1413,299,13,13,1,1,1
306,3,1347,335,12,10,1,1,1
306,4,1274,333,11,10,1,1,1
306,5,1236,384,11,10,1,1,1
306,6,1166,371,12,10,1,1,1
306,7,1049,388,11,11,1,1,1
306,8,977,394,12,10,1,1,1
306,9,894,356,11,10,1,1,1
306,10,931,309,12,11,1,1,1
306,11,955,293,13,11,1,1,1
306,12,962,281,13,12,1,1,1
306,13,1025,219,13,13,1,1,1
306,14,1124,329,16,12,1,1,1
306,15,1267,261,13,13,1,1,1
306,16,1428,301,17,13,1,1,1
307,1,1537,273,17,13,1,1,1
307,2,1414,298,14,12,1,1,1
307,3,1346,333,13,11,1,1,1
307,4,1274,333,10,11,1,1,1
307,5,1237,383,11,10,1,1,1
307,6,1167,369,11,9,1,1,1
307,7,1049,386,12,11,1,1,1
307,8,979,392,11,10,1,1,1
307,9,895,354,12,11,1,1,1
307,10,933,308,12,11,1,1,1
307,11,957,291,12,11,1,1,1
307,12,964,279,13,12,1,1,1
307,13,1026,217,15,11,1,1,1
307,14,1125,326,16,13,1,1,1
307,15,1269,262,13,12,1,1,1
307,16,1428,299,15,12,1,1,1
308,1,1537,273,16,12,1,1,1
308,2,1415,298,14,11,1,1,1
308,3,1346,332,13,11,1,1,1
308,4,1273,333,12,11,1,1,1
308,5,1236,382,11,11,1,1,1
308,6,1167,368,12,11,1,1,1
308,7,1050,385,11,11,1,1,1
308,8,980,391,12,10,1,1,1
308,9,896,353,11,11,1,1,1
308,10,935,307,11,11,1,1,1
308,11,958,290,12,12,1,1,1
308,12,965,279,15,11,1,1,1
308,13,1027,217,15,13,1,1,1
308,14,1125,325,16,12,1,1,1
308,15,1270,261,13,12,1,1,1
308,16,1428,298,15,11,1,1,1
309,1,1537,271,16,12,1,1,1
309,2,1416,297,14,11,1,1,1
309,3,1347,330,12,11,1,1,1
309,4,1274,332,11,11,1,1,1
309,5,1237,381,11,10,1,1,1
309,6,1168,367,11,10,1,1,1
309,7,1051,384,11,9,1,1,1
309,8,982,388,11,10,1,1,1
309,9,897,351,12,11,1,1,1
309,10,935,306,12,11,1,1,1
309,11,960,288,12,12,1,1,1
309,12,967,278,13,12,1,1,1
309,13,1028,216,14,12,1,1,1
309,14,1126,322,16,13,1,1,1
309,15,1271,261,13,12,1,1,1
309,16,1428,295,15,12,1,1,1
310,1,1537,270,15,12,1,1,1
310,2,1417,296,12,11,1,1,1
310,3,1347,328,12,10,1,1,1
310,4,1274,332,11,10,1,1,1
310,5,1237,379,12,11,1,1,1
310,6,1170,366,12,10,1,1,1
310,7,1051,382,11,9,1,1,1
310,8,983,387,12,11,1,1,1
310,9,898,349,12,11,1,1,1
310,10,938,305,11,11,1,1,1
310,11,962,287,12,11,1,1,1
310,12,970,276,13,12,1,1,1
310,13,1030,215,13,13,1,1,1
310,14,1128,320,15,10,1,1,1
310,15,1273,261,13,13,1,1,1
310,16,1428,292,16,12,1,1,1
311,1,1538,269,14,12,1,1,1
311,2,1418,295,13,12,1,1,1
311,3,1346,327,12,10,1,1,1
311,4,1273,332,12,10,1,1,1
311,5,1238,379,11,10,1,1,1
311,6,1171,364,12,11,1,1,1
311,7,1052,380,11,11,1,1,1
311,8,985,385,11,10,1,1,1
311,9,900,348,11,11,1,1,1
311,10,940,303,11,11,1,1,1
311,11,963,285,12,11,1,1,1
311,12,972,275,13,11,1,1,1
311,13,1031,214,16,12,1,1,1
311,14,1129,317,14,13,1,1,1
311,15,1275,261,13,12,1,1,1
311,16,1430,290,14,12,1,1,1
312,1,1537,268,16,12,1,1,1
312,2,1418,294,14,12,1,1,1
312,3,1346,326,12,11,1,1,1
312,4,1273,332,12,10,1,1,1
312,5,1239,378,10,10,1,1,1
312,6,1171,364,11,11,1,1,1
312,7,1052,379,11,11,1,1,1
312,8,986,384,11,11,1,1,1
312,9,902,347,10,10,1,1,1
312,10,940,303,12,11,1,1,1
312,11,965,285,11,12,1,1,1
312,12,972,274,12,12,1,1,1
312,13,1032,214,14,13,1,1,1
312,14,1128,316,16,12,1,1,1
312,15,1276,261,13,12,1,1,1
312,16,1428,289,15,12,1,1,1
313,1,1537,267,16,12,1,1,1
313,2,1419,294,14,12,1,1,1
313,3,1345,324,13,11,1,1,1
313,4,1273,332,12,10,1,1,1
313,5,1239,377,10,10,1,1,1
313,6,1172,363,11,10,1,1,1
313,7,1052,378,12,9,1,1,1
313,8,987,382,12,10,1,1,1
313,9,902,346,11,9,1,1,1
313,10,941,302,14,12,1,1,1
313,11,967,284,13,12,1,1,1
313,12,973,273,14,13,1,1,1
313,13,1033,213,16,12,1,1,1
313,14,1130,314,15,12,1,1,1
313,15,1277,261,13,12,1,1,1
313,16,1428,287,16,12,1,1,1
314,1,1537,266,14,12,1,1,1
314,2,1421,293,12,13,1,1,1
314,3,1346,321,12,11,1,1,1
314,4,1274,332,12,10,1,1,1
314,5,1240,376,10,11,1,1,1
314,6,1175,361,10,11,1,1,1
314,7,1054,376,10,9,1,1,1
314,8,988,379,13,11,1,1,1
314,9,904,343,11,12,1,1,1
314,10,945,300,13,11,1,1,1
314,11,969,283,12,12,1,1,1
314,12,976,272,13,11,1,1,1
314,13,1035,212,16,14,1,1,1
314,14,1131,310,15,11,1,1,1
314,15,1281,261,14,13,1,1,1
314,16,1429,283,14,12,1,1,1
315,1,1537,265,16,12,1,1,1
315,2,1422,293,13,12,1,1,1
315,3,1346,319,12,12,1,1,1
315,4,1274,332,12,10,1,1,1
315,5,1240,375,12,10,1,1,1
315,6,1175,360,11,10,1,1,1
315,7,1054,374,12,10,1,1,1
315,8,991,377,11,9,1,1,1
315,9,906,342,10,11,1,1,1
315,10,946,300,13,11,1,1,1
315,11,972,283,13,11,1,1,1
315,12,978,271,13,11,1,1,1
315,13,1037,212,16,12,1,1,1
315,14,1130,307,15,13,1,1,1
315,15,1282,261,14,13,1,1,1
315,16,1429,281,14,11,1,1,1
316,1,1537,264,16,12,1,1,1
316,2,1423,293,13,12,1,1,1
316,3,1345,318,13,10,1,1,1
316,4,1274,332,12,11,1,1,1
316,5,1241,375,11,10,1,1,1
316,6,1176,359,12,10,1,1,1
316,7,1055,372,11,10,1,1,1
316,8,992,375,11,11,1,1,1
316,9,908,341,9,10,1,1,1
316,10,949,299,11,12,1,1,1
316,11,973,282,13,11,1,1,1
316,12,979,270,14,13,1,1,1
316,13,1039,212,13,13,1,1,1
316,14,1131,304,16,13,1,1,1
316,15,1284,262,16,12,1,1,1
316,16,1429,279,15,11,1,1,1
317,1,1538,263,15,12,1,1,1
317,2,1425,292,12,12,1,1,1
317,3,1345,316,12,12,1,1,1
317,4,1273,332,13,10,1,1,1
317,5,1242,374,12,10,1,1,1
317,6,1178,359,11,9,1,1,1
317,7,1055,371,12,10,1,1,1
317,8,992,373,12,10,1,1,1
317,9,908,340,12,10,1,1,1
317,10,951,299,11,11,1,1,1
317,11,976,281,12,12,1,1,1
317,12,981,270,13,11,1,1,1
317,13,1041,211,15,14,1,1,1
317,14,1132,301,15,13,1,1,1
317,15,1287,262,14,12,1,1,1
317,16,1430,277,14,12,1,1,1
318,1,1538,263,15,12,1,1,1
318,2,1426,292,12,12,1,1,1
318,3,1345,315,11,12,1,1,1
318,4,1273,332,13,10,1,1,1
318,5,1242,373,11,10,1,1,1
318,6,1177,357,11,10,1,1,1
318,7,1055,369,12,11,1,1,1
318,8,994,371,11,11,1,1,1
318,9,910,339,10,11,1,1,1
318,10,952,299,11,10,1,1,1
318,11,976,281,13,12,1,1,1
318,12,982,269,13,13,1,1,1
318,13,1042,212,14,12,1,1,1
318,14,1134,299,15,13,1,1,1
318,15,1288,261,15,13,1,1,1
318,16,1429,276,15,11,1,1,1
319,1,1538,262,13,12,1,1,1
319,2,1427,293,13,11,1,1,1
319,3,1345,314,11,11,1,1,1
319,4,1275,332,11,11,1,1,1
319,5,1243,372,11,11,1,1,1
319,6,1178,357,11,10,1,1,1
319,7,1056,368,11,10,1,1,1
319,8,995,369,11,10,1,1,1
319,9,910,338,12,11,1,1,1
319,10,953,298,13,11,1,1,1
319,11,979,281,12,11,1,1,1
319,12,984,269,14,12,1,1,1
319,13,1042,212,16,13,1,1,1
319,14,1133,297,15,12,1,1,1
319,15,1290,262,16,12,1,1,1
319,16,1430,274,14,11,1,1,1
320,1,1539,262,14,12,1,1,1
320,2,1428,293,14,12,1,1,1
320,3,1345,312,12,11,1,1,1
320,4,1275,332,11,12,1,1,1
320,5,1244,371,11,10,1,1,1
320,6,1181,357,12,9,1,1,1
320,7,1057,367,12,10,1,1,1
320,8,996,367,12,11,1,1,1
320,9,912,337,12,11,1,1,1
320,10,957,298,11,10,1,1,1
320,11,982,280,12,11,1,1,1
320,12,987,269,13,11,1,1,1
320,13,1044,212,16,13,1,1,1
320,14,1134,293,15,12,1,1,1
320,15,1295,261,14,13,1,1,1
320,16,1428,271,16,12,1,1,1
321,1,1539,262,14,12,1,1,1
321,2,1430,293,12,12,1,1,1
321,3,1345,311,12,12,1,1,1
321,4,1275,333,11,10,1,1,1
321,5,1245,370,13,10,1,1,1
321,6,1181,355,11,11,1,1,1
321,7,1058,365,11,10,1,1,1
321,8,998,366,11,10,1,1,1
321,9,916,336,11,11,1,1,1
321,10,959,297,12,11,1,1,1
321,11,983,280,13,11,1,1,1
321,12,988,269,14,12,1,1,1
321,13,1046,211,14,14,1,1,1
321,14,1135,290,15,12,1,1,1
321,15,1296,262,16,11,1,1,1
321,16,1428,269,15,13,1,1,1
322,1,1539,261,14,13,1,1,1
322,2,1432,293,13,12,1,1,1
322,3,1345,310,11,12,1,1,1
322,4,1275,333,12,10,1,1,1
322,5,1246,370,12,10,1,1,1
322,6,1183,356,11,10,1,1,1
322,7,1058,364,11,10,1,1,1
322,8,999,364,11,11,1,1,1
322,9,916,335,11,12,1,1,1
322,10,961,297,11,11,1,1,1
322,11,985,280,12,12,1,1,1
322,12,989,268,14,12,1,1,1
322,13,1047,211,14,12,1,1,1
322,14,1136,288,16,12,1,1,1
322,15,1298,262,15,12,1,1,1
322,16,1429,268,15,13,1,1,1
323,1,1539,261,14,13,1,1,1
323,2,1432,294,14,11,1,1,1
323,3,1345,309,11,12,1,1,1
323,4,1275,333,11,11,1,1,1
323,5,1247,369,11,11,1,1,1
323,6,1184,356,10,9,1,1,1
323,7,1058,363,12,10,1,1,1
323,8,1001,362,11,11,1,1,1
323,9,916,335,12,11,1,1,1
323,10,961,296,13,12,1,1,1
323,11,987,279,12,12,1,1,1
323,12,991,268,13,13,1,1,1
323,13,1049,211,14,12,1,1,1
323,14,1137,284,16,13,1,1,1
323,15,1302,261,14,12,1,1,1
323,16,1428,266,15,13,1,1,1
324,1,1539,261,14,13,1,1,1
324,2,1434,294,13,12,1,1,1
324,3,1345,308,11,12,1,1,1
324,4,1276,334,12,11,1,1,1
324,5,1248,368,12,10,1,1,1
324,6,1184,355,11,11,1,1,1
324,7,1060,362,10,10,1,1,1
324,8,1002,361,12,10,1,1,1
324,9,918,334,12,11,1,1,1
324,10,964,297,11,11,1,1,1
324,11,989,280,12,11,1,1,1
324,12,993,269,13,11,1,1,1
324,13,1051,211,15,13,1,1,1
324,14,1138,281,16,12,1,1,1
324,15,1305,261,13,13,1,1,1
324,16,1430,264,14,12,1,1,1
325,1,1539,261,14,12,1,1,1
325,2,1437,295,12,11,1,1,1
325,3,1345,308,11,11,1,1,1
325,4,1277,335,10,11,1,1,1
325,5,1250,367,10,10,1,1,1
325,6,1186,355,12,10,1,1,1
325,7,1060,361,12,10,1,1,1
325,8,1003,358,13,12,1,1,1
325,9,921,334,11,10,1,1,1
325,10,966,296,12,11,1,1,1
325,11,992,279,12,12,1,1,1
325,12,996,269,12,11,1,1,1
325,13,1053,212,14,13,1,1,1
325,14,1140,277,15,12,1,1,1
325,15,1308,262,12,12,1,1,1
325,16,1429,263,14,12,1,1,1
326,1,1540,261,13,12,1,1,1
326,2,1439,295,12,11,1,1,1
326,3,1344,307,12,10,1,1,1
326,4,1277,336,11,9,1,1,1
326,5,1252,366,12,10,1,1,1
326,6,1188,354,11,10,1,1,1
326,7,1061,359,11,11,1,1,1
326,8,1005,357,12,10,1,1,1
326,9,922,333,12,11,1,1,1
326,10,967,297,12,11,1,1,1
326,11,994,279,12,12,1,1,1
326,12,998,268,13,12,1,1,1
326,13,1055,212,14,13,1,1,1
326,14,1141,273,15,13,1,1,1
326,15,1309,261,14,12,1,1,1
326,16,1429,262,16,11,1,1,1
327,1,1540,262,15,11,1,1,1
327,2,1439,294,15,12,1,1,1
327,3,1345,306,13,12,1,1,1
327,4,1277,336,12,11,1,1,1
327,5,1252,366,11,10,1,1,1
327,6,1188,354,11,11,1,1,1
327,7,1062,360,9,9,1,1,1
327,8,1006,357,12,11,1,1,1
327,9,922,333,13,10,1,1,1
327,10,969,297,11,11,1,1,1
327,11,995,280,12,11,1,1,1
327,12,999,269,12,11,1,1,1
327,13,1056,213,14,12,1,1,1
327,14,1143,272,14,12,1,1,1
327,15,1312,262,14,12,1,1,1
327,16,1429,261,16,13,1,1,1
328,1,1540,263,14,12,1,1,1
328,2,1441,295,15,12,1,1,1
328,3,1344,306,12,10,1,1,1
328,4,1278,337,12,11,1,1,1
328,5,1253,365,13,11,1,1,1
328,6,1190,354,10,10,1,1,1
328,7,1063,359,11,9,1,1,1
328,8,1006,355,11,10,1,1,1
328,9,925,332,11,11,1,1,1
328,10,972,296,11,12,1,1,1
328,11,997,280,12,11,1,1,1
328,12,1001,268,12,12,1,1,1
328,13,1059,213,11,13,1,1,1
328,14,1144,268,14,13,1,1,1
328,15,1314,262,15,12,1,1,1
328,16,1430,260,13,12,1,1,1
329,1,1542,262,14,12,1,1,1
329,2,1444,294,14,12,1,1,1
329,3,1344,305,14,11,1,1,1
329,4,1280,337,10,11,1,1,1
329,5,1255,364,11,11,1,1,1
329,6,1191,354,10,10,1,1,1
329,7,1063,358,12,10,1,1,1
329,8,1008,354,11,9,1,1,1
329,9,927,333,10,10,1,1,1
329,10,974,297,10,11,1,1,1
329,11,1000,280,11,12,1,1,1
329,12,1001,268,15,11,1,1,1
329,13,1059,214,15,12,1,1,1
329,14,1145,265,14,12,1,1,1
329,15,1316,263,15,11,1,1,1
329,16,1431,259,15,12,1,1,1
330,1,1541,263,13,13,1,1,1
330,2,1447,295,13,12,1,1,1
330,3,1344,305,12,10,1,1,1
330,4,1280,337,10,11,1,1,1
330,5,1257,364,11,11,1,1,1
330,6,1191,354,11,10,1,1,1
330,7,1064,357,10,10,1,1,1
330,8,1010,353,11,11,1,1,1
330,9,929,332,11,10,1,1,1
330,10,976,297,11,10,1,1,1
330,11,1001,280,13,12,1,1,1
330,12,1003,268,15,11,1,1,1
330,13,1063,214,12,12,1,1,1
330,14,1147,262,13,13,1,1,1
330,15,1319,262,15,11,1,1,1
330,16,1432,259,14,11,1,1,1
331,1,1541,265,15,12,1,1,1
331,2,1451,295,12,11,1,1,1
331,3,1345,305,12,10,1,1,1
331,4,1280,338,11,12,1,1,1
331,5,1258,364,11,11,1,1,1
331,6,1193,355,10,10,1,1,1
331,7,1066,356,10,10,1,1,1
331,8,1012,351,12,12,1,1,1
331,9,930,332,11,10,1,1,1
331,10,977,297,12,11,1,1,1
331,11,1004,280,12,11,1,1,1
331,12,1006,268,14,12,1,1,1
331,13,1063,215,14,13,1,1,1
331,14,1148,260,13,12,1,1,1
331,15,1322,263,15,13,1,1,1
331,16,1431,257,14,13,1,1,1
332,1,1543,264,15,14,1,1,1
332,2,1452,296,12,11,1,1,1
332,3,1345,304,13,12,1,1,1
332,4,1281,340,12,10,1,1,1
332,5,1260,364,10,10,1,1,1
332,6,1195,355,10,10,1,1,1
332,7,1065,356,11,11,1,1,1
332,8,1013,351,12,10,1,1,1
332,9,932,332,11,10,1,1,1
332,10,980,297,11,12,1,1,1
332,11,1006,282,12,10,1,1,1
332,12,1008,267,14,12,1,1,1
332,13,1065,216,14,13,1,1,1
332,14,1149,256,13,14,1,1,1
332,15,1325,263,14,13,1,1,1
332,16,1432,257,15,12,1,1,1
333,1,1544,265,14,12,1,1,1
333,2,1453,296,13,11,1,1,1
333,3,1345,304,13,11,1,1,1
333,4,1282,339,11,12,1,1,1
333,5,1261,364,10,10,1,1,1
333,6,1194,355,13,11,1,1,1
333,7,1066,355,12,11,1,1,1
333,8,1014,349,11,11,1,1,1
333,9,934,332,10,9,1,1,1
333,10,980,298,13,10,1,1,1
333,11,1007,282,12,11,1,1,1
333,12,1010,268,13,12,1,1,1
333,13,1067,217,14,12,1,1,1
333,14,1150,255,14,13,1,1,1
333,15,1327,264,14,13,1,1,1
333,16,1433,257,13,12,1,1,1
334,1,1544,266,13,13,1,1,1
334,2,1455,296,12,11,1,1,1
334,3,1346,304,12,10,1,1,1
334,4,1284,340,11,11,1,1,1
334,5,1262,363,12,10,1,1,1
334,6,1195,356,12,10,1,1,1
334,7,1066,355,12,10,1,1,1
334,8,1016,349,11,11,1,1,1
334,9,934,331,12,11,1,1,1
334,10,983,299,10,11,1,1,1
334,11,1010,282,11,13,1,1,1
334,12,1012,268,13,12,1,1,1
334,13,1070,218,14,13,1,1,1
334,14,1151,253,15,13,1,1,1
334,15,1331,265,13,13,1,1,1
334,16,1433,256,14,13,1,1,1
335,1,1544,267,16,13,1,1,1
335,2,1459,296,13,11,1,1,1
335,3,1346,304,12,11,1,1,1
335,4,1283,341,13,11,1,1,1
335,5,1263,363,11,11,1,1,1
335,6,1198,357,10,9,1,1,1
335,7,1068,355,10,11,1,1,1
335,8,1018,348,11,11,1,1,1
335,9,937,331,11,11,1,1,1
335,10,985,300,11,11,1,1,1
335,11,1012,284,11,11,1,1,1
335,12,1014,268,13,13,1,1,1
335,13,1071,218,15,13,1,1,1
335,14,1153,250,15,13,1,1,1
335,15,1334,266,14,12,1,1,1
335,16,1434,256,14,12,1,1,1
336,1,1545,269,16,12,1,1,1
336,2,1460,296,13,12,1,1,1
336,3,1345,304,13,12,1,1,1
336,4,1285,342,11,11,1,1,1
336,5,1265,364,11,10,1,1,1
336,6,1198,357,13,10,1,1,1
336,7,1069,355,10,11,1,1,1
336,8,1018,348,11,10,1,1,1
336,9,939,331,10,11,1,1,1
336,10,986,301,12,10,1,1,1
336,11,1014,284,11,12,1,1,1
336,12,1016,268,13,12,1,1,1
336,13,1074,219,13,13,1,1,1
336,14,1154,249,15,13,1,1,1
336,15,1335,267,15,12,1,1,1
336,16,1435,256,14,12,1,1,1
337,1,1547,270,14,12,1,1,1
337,2,1465,296,11,13,1,1,1
337,3,1347,305,10,9,1,1,1
337,4,1287,343,10,9,1,1,1
337,5,1267,364,12,11,1,1,1
337,6,1200,357,12,11,1,1,1
337,7,1069,354,11,11,1,1,1
337,8,1021,347,11,11,1,1,1
337,9,940,332,11,10,1,1,1
337,10,988,301,12,11,1,1,1
337,11,1015,286,12,12,1,1,1
337,12,1018,269,13,12,1,1,1
337,13,1075,219,16,13,1,1,1
337,14,1156,247,15,12,1,1,1
337,15,1340,269,14,12,1,1,1
337,16,1436,257,14,11,1,1,1
338,1,1549,272,14,12,1,1,1
338,2,1467,298,12,11,1,1,1
338,3,1347,305,12,11,1,1,1
338,4,1287,344,11,10,1,1,1
338,5,1269,365,10,10,1,1,1
338,6,1202,359,10,9,1,1,1
338,7,1071,355,10,10,1,1,1
338,8,1022,347,11,11,1,1,1
338,9,941,331,12,11,1,1,1
338,10,991,303,10,11,1,1,1
338,11,1018,287,12,12,1,1,1
338,12,1020,270,13,11,1,1,1
338,13,1078,220,15,13,1,1,1
338,14,1158,246,15,12,1,1,1
338,15,1343,270,12,11,1,1,1
338,16,1437,256,13,13,1,1,1
339,1,1549,272,14,13,1,1,1
339,2,1468,298,12,12,1,1,1
339,3,1347,305,12,11,1,1,1
339,4,1288,344,11,11,1,1,1
339,5,1269,364,12,11,1,1,1
339,6,1203,358,11,11,1,1,1
339,7,1070,354,12,12,1,1,1
339,8,1022,346,12,12,1,1,1
339,9,942,332,11,10,1,1,1
339,10,990,303,13,11,1,1,1
339,11,1017,288,13,11,1,1,1
339,12,1021,270,14,11,1,1,1
339,13,1078,220,16,11,1,1,1
339,14,1158,244,16,13,1,1,1
339,15,1342,270,16,13,1,1,1
339,16,1438,257,12,13,1,1,1
340,1,1550,274,14,11,1,1,1
340,2,1472,298,11,12,1,1,1
340,3,1347,305,12,11,1,1,1
340,4,1289,345,11,10,1,1,1
340,5,1272,365,10,10,1,1,1
340,6,1202,359,11,10,1,1,1
340,7,1071,354,12,12,1,1,1
340,8,1025,347,10,11,1,1,1
340,9,944,333,11,10,1,1,1
340,10,993,304,12,12,1,1,1
340,11,1021,289,11,12,1,1,1
340,12,1024,270,13,12,1,1,1
340,13,1082,221,12,12,1,1,1
340,14,1160,243,16,12,1,1,1
340,15,1347,271,14,12,1,1,1
340,16,1438,258,15,11,1,1,1
341,1,1551,275,13,12,1,1,1
341,2,1471,300,15,11,1,1,1
341,3,1348,306,11,11,1,1,1
341,4,1290,346,11,10,1,1,1
341,5,1272,365,11,11,1,1,1
341,6,1205,359,11,11,1,1,1
341,7,1073,355,10,10,1,1,1
341,8,1024,347,12,10,1,1,1
341,9,944,332,12,12,1,1,1
341,10,993,305,13,11,1,1,1
341,11,1020,290,13,12,1,1,1
341,12,1024,271,14,11,1,1,1
341,13,1082,222,15,12,1,1,1
341,14,1162,242,15,13,1,1,1
341,15,1348,272,14,12,1,1,1
341,16,1439,259,12,12,1,1,1
342,1,1552,276,14,13,1,1,1
342,2,1473,300,13,11,1,1,1
342,3,1347,306,12,11,1,1,1
342,4,1292,346,11,11,1,1,1
342,5,1272,366,12,10,1,1,1
342,6,1205,360,11,10,1,1,1
342,7,1072,355,11,11,1,1,1
342,8,1027,346,11,10,1,1,1
342,9,945,333,12,11,1,1,1
342,10,994,307,13,10,1,1,1
342,11,1022,291,12,13,1,1,1
342,12,1026,271,13,12,1,1,1
342,13,1085,222,12,12,1,1,1
342,14,1163,241,15,13,1,1,1
342,15,1350,274,14,11,1,1,1
342,16,1439,259,14,12,1,1,1
343,1,1553,278,13,12,1,1,1
343,2,1475,301,14,11,1,1,1
343,3,1348,307,13,11,1,1,1
343,4,1292,347,12,11,1,1,1
343,5,1275,367,11,10,1,1,1
343,6,1205,360,12,11,1,1,1
343,7,1074,355,11,10,1,1,1
343,8,1028,347,10,11,1,1,1
343,9,947,334,11,9,1,1,1
343,10,997,307,11,12,1,1,1
343,11,1023,293,13,12,1,1,1
343,12,1029,272,12,12,1,1,1
343,13,1086,223,14,12,1,1,1
343,14,1166,240,14,13,1,1,1
343,15,1352,275,15,11,1,1,1
343,16,1440,259,15,12,1,1,1
344,1,1554,280,13,12,1,1,1
344,2,1477,302,14,12,1,1,1
344,3,1349,307,12,12,1,1,1
344,4,1293,348,12,11,1,1,1
344,5,1275,367,11,10,1,1,1
344,6,1207,361,11,9,1,1,1
344,7,1074,354,12,11,1,1,1
344,8,1030,347,10,10,1,1,1
344,9,949,334,10,11,1,1,1
344,10,997,310,13,10,1,1,1
344,11,1025,295,13,11,1,1,1
344,12,1030,273,13,12,1,1,1
344,13,1088,224,15,12,1,1,1
344,14,1168,239,14,13,1,1,1
344,15,1354,275,15,13,1,1,1
344,16,1441,260,15,12,1,1,1
345,1,1556,281,13,11,1,1,1
345,2,1479,304,14,11,1,1,1
345,3,1349,307,12,11,1,1,1
345,4,1294,349,13,10,1,1,1
345,5,1277,368,12,10,1,1,1
345,6,1209,361,11,10,1,1,1
345,7,1075,354,11,12,1,1,1
345,8,1029,347,13,10,1,1,1
345,9,949,334,12,12,1,1,1
345,10,1000,311,11,11,1,1,1
345,11,1027,297,11,11,1,1,1
345,12,1032,274,13,12,1,1,1
345,13,1090,224,14,13,1,1,1
345,14,1169,239,15,12,1,1,1
345,15,1357,277,13,13,1,1,1
345,16,1442,262,15,11,1,1,1
346,1,1557,282,14,11,1,1,1
346,2,1481,304,14,11,1,1,1
346,3,1349,307,12,12,1,1,1
346,4,1295,350,11,10,1,1,1
346,5,1278,367,11,11,1,1,1
346,6,1209,361,11,11,1,1,1
346,7,1076,355,11,11,1,1,1
346,8,1030,348,12,10,1,1,1
346,9,951,335,10,11,1,1,1
346,10,1002,312,10,11,1,1,1
346,11,1027,298,13,11,1,1,1
346,12,1034,275,12,11,1,1,1
346,13,1092,225,14,12,1,1,1
346,14,1169,238,16,12,1,1,1
346,15,1357,279,16,11,1,1,1
346,16,1443,263,15,11,1,1,1
347,1,1557,283,14,12,1,1,1
347,2,1483,306,14,10,1,1,1
347,3,1350,308,13,11,1,1,1
347,4,1296,351,13,11,1,1,1
347,5,1281,369,10,10,1,1,1
347,6,1211,362,10,11,1,1,1
347,7,1077,354,11,11,1,1,1
347,8,1031,348,13,11,1,1,1
347,9,951,336,11,11,1,1,1
347,10,1001,314,13,11,1,1,1
347,11,1029,300,12,11,1,1,1
347,12,1035,276,13,12,1,1,1
347,13,1094,226,14,12,1,1,1
347,14,1171,237,16,12,1,1,1
347,15,1360,280,15,12,1,1,1
347,16,1444,264,14,11,1,1,1
348,1,1558,285,16,12,1,1,1
348,2,1485,307,15,11,1,1,1
348,3,1352,309,11,11,1,1,1
348,4,1297,352,13,11,1,1,1
348,5,1280,369,11,10,1,1,1
348,6,1211,363,11,10,1,1,1
348,7,1078,354,11,11,1,1,1
348,8,1033,348,11,10,1,1,1
348,9,952,336,12,11,1,1,1
348,10,1003,315,11,10,1,1,1
348,11,1031,302,11,12,1,1,1
348,12,1035,278,13,11,1,1,1
348,13,1095,227,15,12,1,1,1
348,14,1173,236,14,13,1,1,1
348,15,1362,281,14,13,1,1,1
348,16,1445,265,16,13,1,1,1
349,1,1560,286,15,12,1,1,1
349,2,1489,307,14,12,1,1,1
349,3,1352,309,11,11,1,1,1
349,4,1298,353,13,11,1,1,1
349,5,1283,370,10,9,1,1,1
349,6,1213,364,10,10,1,1,1
349,7,1079,354,11,11,1,1,1
349,8,1033,349,12,10,1,1,1
349,9,953,337,12,11,1,1,1
349,10,1005,317,11,11,1,1,1
349,11,1032,304,11,11,1,1,1
349,12,1037,278,13,12,1,1,1
349,13,1097,227,15,13,1,1,1
349,14,1175,236,16,12,1,1,1
349,15,1364,283,14,12,1,1,1
349,16,1447,267,15,11,1,1,1
350,1,1562,287,13,12,1,1,1
350,2,1492,308,11,12,1,1,1
350,3,1353,309,11,11,1,1,1
350,4,1301,354,10,11,1,1,1
350,5,1283,370,12,11,1,1,1
350,6,1213,364,11,11,1,1,1
350,7,1080,354,11,11,1,1,1
350,8,1035,350,11,10,1,1,1
350,9,955,339,11,10,1,1,1
350,10,1005,318,13,11,1,1,1
350,11,1032,306,13,11,1,1,1
350,12,1040,280,13,12,1,1,1
350,13,1099,229,14,12,1,1,1
350,14,1178,235,13,12,1,1,1
350,15,1366,285,16,12,1,1,1
350,16,1448,268,13,11,1,1,1
351,1,1563,288,13,12,1,1,1
351,2,1491,309,15,12,1,1,1
351,3,1352,309,14,11,1,1,1
351,4,1301,355,11,11,1,1,1
351,5,1285,371,10,9,1,1,1
351,6,1214,364,11,10,1,1,1
351,7,1081,354,11,11,1,1,1
351,8,1036,350,11,10,1,1,1
351,9,956,339,10,11,1,1,1
351,10,1007,320,11,11,1,1,1
351,11,1034,307,12,11,1,1,1
351,12,1041,282,13,11,1,1,1
351,13,1100,229,14,12,1,1,1
351,14,1178,235,15,13,1,1,1
351,15,1369,286,14,13,1,1,1
351,16,1449,269,15,13,1,1,1
352,1,1564,290,16,12,1,1,1
352,2,1493,311,14,11,1,1,1
352,3,1353,309,14,10,1,1,1
352,4,1301,357,12,10,1,1,1
352,5,1286,372,11,10,1,1,1
352,6,1214,365,12,11,1,1,1
352,7,1082,354,11,11,1,1,1
352,8,1036,349,12,11,1,1,1
352,9,956,340,11,11,1,1,1
352,10,1008,322,12,11,1,1,1
352,11,1034,309,13,11,1,1,1
352,12,1041,283,13,11,1,1,1
352,13,1102,231,14,12,1,1,1
352,14,1180,234,16,13,1,1,1
352,15,1371,288,13,13,1,1,1
352,16,1451,271,13,12,1,1,1
353,1,1566,291,14,12,1,1,1
353,2,1495,313,15,11,1,1,1
353,3,1355,309,11,10,1,1,1
353,4,1303,358,12,11,1,1,1
353,5,1288,372,11,10,1,1,1
353,6,1215,366,11,10,1,1,1
353,7,1083,354,11,11,1,1,1
353,8,1038,351,12,10,1,1,1
353,9,957,341,12,10,1,1,1
353,10,1008,324,13,11,1,1,1
353,11,1035,311,14,11,1,1,1
353,12,1043,285,14,11,1,1,1
353,13,1105,232,13,12,1,1,1
353,14,1182,234,13,13,1,1,1
353,15,1373,290,14,13,1,1,1
353,16,1451,272,15,13,1,1,1
354,1,1569,293,13,12,1,1,1
354,2,1498,315,15,11,1,1,1
354,3,1355,310,14,10,1,1,1
354,4,1305,360,12,10,1,1,1
354,5,1291,374,10,9,1,1,1
354,6,1217,367,11,11,1,1,1
354,7,1084,355,11,10,1,1,1
354,8,1039,351,12,11,1,1,1
354,9,958,342,12,10,1,1,1
354,10,1010,326,13,11,1,1,1
354,11,1037,315,12,11,1,1,1
354,12,1045,287,14,11,1,1,1
354,13,1106,234,15,12,1,1,1
354,14,1184,235,16,11,1,1,1
354,15,1375,294,14,12,1,1,1
354,16,1454,275,14,12,1,1,1
355,1,1572,296,14,12,1,1,1
355,2,1502,317,15,11,1,1,1
355,3,1357,311,13,11,1,1,1
355,4,1306,363,12,11,1,1,1
355,5,1292,375,10,11,1,1,1
355,6,1218,368,12,11,1,1,1
355,7,1086,355,11,11,1,1,1
355,8,1042,351,11,12,1,1,1
355,9,962,344,10,9,1,1,1
355,10,1013,330,12,11,1,1,1
355,11,1039,319,11,11,1,1,1
355,12,1049,290,13,12,1,1,1
355,13,1109,237,14,12,1,1,1
355,14,1187,235,14,12,1,1,1
355,15,1380,298,14,11,1,1,1
355,16,1457,277,13,12,1,1,1
356,1,1573,297,16,12,1,1,1
356,2,1505,319,13,11,1,1,1
356,3,1358,311,13,11,1,1,1
356,4,1308,365,12,9,1,1,1
356,5,1293,375,11,11,1,1,1
356,6,1220,370,10,10,1,1,1
356,7,1086,355,12,11,1,1,1
356,8,1042,352,11,10,1,1,1
356,9,962,344,10,11,1,1,1
356,10,1013,331,12,11,1,1,1
356,11,1040,320,13,12,1,1,1
356,12,1049,292,14,11,1,1,1
356,13,1110,238,15,12,1,1,1
356,14,1190,234,15,13,1,1,1
356,15,1381,299,15,13,1,1,1
356,16,1458,278,14,12,1,1,1
357,1,1574,298,16,12,1,1,1
357,2,1507,319,11,13,1,1,1
357,3,1359,312,11,10,1,1,1
357,4,1309,365,12,11,1,1,1
357,5,1294,376,10,10,1,1,1
357,6,1219,370,11,10,1,1,1
357,7,1088,356,10,9,1,1,1
357,8,1044,352,10,11,1,1,1
357,9,961,345,11,10,1,1,1
357,10,1013,333,12,10,1,1,1
357,11,1041,322,12,11,1,1,1
357,12,1050,293,13,12,1,1,1
357,13,1113,239,14,12,1,1,1
357,14,1190,235,16,12,1,1,1
357,15,1381,301,15,12,1,1,1
357,16,1458,280,14,12,1,1,1
358,1,1578,301,15,12,1,1,1
358,2,1509,323,12,12,1,1,1
358,3,1361,313,11,10,1,1,1
358,4,1311,368,12,11,1,1,1
358,5,1295,378,12,10,1,1,1
358,6,1221,372,11,10,1,1,1
358,7,1089,356,12,10,1,1,1
358,8,1045,353,11,11,1,1,1
358,9,963,347,11,9,1,1,1
358,10,1015,337,13,11,1,1,1
358,11,1043,326,12,11,1,1,1
358,12,1054,296,12,12,1,1,1
358,13,1115,242,15,12,1,1,1
358,14,1193,236,16,12,1,1,1
358,15,1385,305,15,13,1,1,1
358,16,1462,283,11,12,1,1,1
359,1,1582,303,13,11,1,1,1
359,2,1511,326,15,11,1,1,1
359,3,1361,313,12,11,1,1,1
359,4,1312,371,12,10,1,1,1
359,5,1298,379,11,11,1,1,1
359,6,1223,374,11,10,1,1,1
359,7,1091,357,10,9,1,1,1
359,8,1046,354,12,10,1,1,1
359,9,965,348,10,11,1,1,1
359,10,1017,340,13,10,1,1,1
359,11,1044,330,13,11,1,1,1
359,12,1056,299,12,12,1,1,1
359,13,1117,245,14,12,1,1,1
359,14,1196,236,16,13,1,1,1
359,15,1389,309,13,12,1,1,1
359,16,1463,285,13,13,1,1,1
360,1,1581,304,16,12,1,1,1
360,2,1513,327,14,11,1,1,1
360,3,1363,313,11,10,1,1,1
360,4,1312,372,14,11,1,1,1
360,5,1298,380,11,9,1,1,1
360,6,1222,374,12,11,1,1,1
360,7,1091,357,11,10,1,1,1
360,8,1047,354,11,11,1,1,1
360,9,964,349,11,10,1,1,1
360,10,1017,341,13,11,1,1,1
360,11,1044,331,13,11,1,1,1
360,12,1057,300,12,12,1,1,1
360,13,1119,246,13,12,1,1,1
360,14,1198,237,15,12,1,1,1
360,15,1388,310,15,12,1,1,1
360,16,1465,286,14,12,1,1,1
361,1,1585,306,15,12,1,1,1
361,2,1517,329,11,11,1,1,1
361,3,1364,314,12,11,1,1,1
361,4,1314,374,12,11,1,1,1
361,5,1300,381,11,11,1,1,1
361,6,1224,375,12,11,1,1,1
361,7,1092,358,11,10,1,1,1
361,8,1048,355,11,11,1,1,1
361,9,965,350,11,11,1,1,1
361,10,1019,344,11,9,1,1,1
361,11,1045,334,13,11,1,1,1
361,12,1058,302,14,12,1,1,1
361,13,1120,248,15,12,1,1,1
361,14,1199,237,16,13,1,1,1
361,15,1391,313,16,12,1,1,1
361,16,1467,289,15,11,1,1,1
362,1,1586,308,13,11,1,1,1
362,2,1516,331,15,11,1,1,1
362,3,1364,315,11,11,1,1,1
362,4,1316,376,12,10,1,1,1
362,5,1302,382,10,11,1,1,1
362,6,1225,377,11,10,1,1,1
362,7,1093,358,11,10,1,1,1
362,8,1048,356,12,11,1,1,1
362,9,967,351,11,10,1,1,1
362,10,1020,345,11,10,1,1,1
362,11,1047,336,12,11,1,1,1
362,12,1060,305,13,11,1,1,1
362,13,1121,250,16,12,1,1,1
362,14,1201,239,14,12,1,1,1
362,15,1394,315,15,12,1,1,1
362,16,1468,290,15,12,1,1,1
363,1,1589,310,16,12,1,1,1
363,2,1522,334,11,11,1,1,1
363,3,1365,316,13,11,1,1,1
363,4,1318,379,12,10,1,1,1
363,5,1304,384,10,11,1,1,1
363,6,1226,379,12,10,1,1,1
363,7,1094,359,11,9,1,1,1
363,8,1050,357,11,10,1,1,1
363,9,967,353,11,10,1,1,1
363,10,1023,349,11,11,1,1,1
363,11,1048,340,13,11,1,1,1
363,12,1062,307,14,12,1,1,1
363,13,1124,254,16,12,1,1,1
363,14,1205,240,14,13,1,1,1
363,15,1397,320,15,11,1,1,1
363,16,1470,293,16,12,1,1,1
364,1,1593,313,15,12,1,1,1
364,2,1524,337,12,11,1,1,1
364,3,1366,317,13,10,1,1,1
364,4,1320,381,11,11,1,1,1
364,5,1305,386,11,11,1,1,1
364,6,1227,381,12,10,1,1,1
364,7,1096,360,10,11,1,1,1
364,8,1051,358,11,10,1,1,1
364,9,968,355,11,10,1,1,1
364,10,1023,352,11,11,1,1,1
364,11,1050,344,12,11,1,1,1
364,12,1064,310,14,12,1,1,1
364,13,1128,257,13,12,1,1,1
364,14,1206,241,16,12,1,1,1
364,15,1399,323,15,12,1,1,1
364,16,1473,296,16,12,1,1,1
365,1,1595,315,13,12,1,1,1
365,2,1525,339,14,11,1,1,1
365,3,1368,318,12,11,1,1,1
365,4,1320,383,12,11,1,1,1
365,5,1307,387,10,11,1,1,1
365,6,1227,382,12,10,1,1,1
365,7,1098,361,10,10,1,1,1
365,8,1053,358,11,10,1,1,1
365,9,969,356,11,11,1,1,1
365,10,1024,354,11,11,1,1,1
365,11,1051,346,12,11,1,1,1
365,12,1066,312,12,12,1,1,1
365,13,1128,259,16,12,1,1,1
365,14,1208,242,16,13,1,1,1
365,15,1400,325,16,13,1,1,1
365,16,1476,297,13,12,1,1,1
366,1,1597,319,15,11,1,1,1
366,2,1529,343,14,11,1,1,1
366,3,1369,320,12,11,1,1,1
366,4,1324,386,9,11,1,1,1
366,5,1309,390,12,11,1,1,1
366,6,1230,385,10,9,1,1,1
366,7,1098,361,11,11,1,1,1
366,8,1053,360,12,11,1,1,1
366,9,970,359,12,9,1,1,1
366,10,1026,358,11,11,1,1,1
366,11,1051,351,14,11,1,1,1
366,12,1067,316,15,11,1,1,1
366,13,1131,263,16,13,1,1,1
366,14,1211,244,16,13,1,1,1
366,15,1404,330,15,12,1,1,1
366,16,1478,301,16,12,1,1,1
367,1,1599,321,15,12,1,1,1
367,2,1532,345,11,11,1,1,1
367,3,1370,321,12,11,1,1,1
367,4,1324,389,11,10,1,1,1
367,5,1310,391,10,11,1,1,1
367,6,1229,386,13,10,1,1,1
367,7,1099,363,11,10,1,1,1
367,8,1054,361,11,10,1,1,1
367,9,970,360,12,11,1,1,1
367,10,1026,361,13,11,1,1,1
367,11,1053,353,12,12,1,1,1
367,12,1069,318,13,11,1,1,1
367,13,1134,266,13,11,1,1,1
367,14,1213,246,16,13,1,1,1
367,15,1406,333,16,12,1,1,1
367,16,1480,303,16,12,1,1,1
368,1,1601,322,16,12,1,1,1
368,2,1531,347,15,11,1,1,1
368,3,1370,322,13,11,1,1,1
368,4,1324,390,13,10,1,1,1
368,5,1310,393,13,10,1,1,1
368,6,1231,388,11,10,1,1,1
368,7,1101,364,11,10,1,1,1
368,8,1055,362,11,10,1,1,1
368,9,971,361,12,10,1,1,1
368,10,1026,363,13,9,1,1,1
368,11,1053,355,12,12,1,1,1
368,12,1070,319,15,12,1,1,1
368,13,1134,268,16,11,1,1,1
368,14,1215,247,14,13,1,1,1
368,15,1407,335,15,12,1,1,1
368,16,1483,304,15,12,1,1,1
369,1,1603,325,15,12,1,1,1
369,2,1534,349,13,12,1,1,1
369,3,1371,323,13,11,1,1,1
369,4,1326,392,13,10,1,1,1
369,5,1312,395,11,10,1,1,1
369,6,1231,389,12,10,1,1,1
369,7,1102,365,11,10,1,1,1
369,9,971,363,12,10,1,1,1
369,10,1027,365,12,11,1,1,1
369,11,1055,358,12,11,1,1,1
369,12,1071,321,15,12,1,1,1
369,13,1136,270,16,13,1,1,1
369,14,1216,249,16,12,1,1,1
369,15,1409,338,15,11,1,1,1
369,16,1485,306,15,12,1,1,1
370,1,1605,327,17,12,1,1,1
370,2,1535,351,13,12,1,1,1
370,3,1372,324,12,11,1,1,1
370,4,1328,394,12,10,1,1,1
370,5,1313,396,12,10,1,1,1
370,6,1233,390,10,10,1,1,1
370,7,1102,366,11,10,1,1,1
370,9,972,364,12,11,1,1,1
370,10,1029,367,11,10,1,1,1
370,11,1054,361,14,10,1,1,1
370,12,1073,323,15,12,1,1,1
370,13,1138,273,14,12,1,1,1
370,14,1219,250,14,13,1,1,1
370,15,1411,341,17,12,1,1,1
370,16,1487,308,15,12,1,1,1
371,1,1607,329,14,12,1,1,1
371,2,1538,353,14,12,1,1,1
371,3,1373,325,12,11,1,1,1
371,4,1329,395,10,11,1,1,1
371,5,1315,397,12,11,1,1,1
371,6,1232,392,13,10,1,1,1
371,7,1104,366,9,10,1,1,1
371,9,973,365,11,11,1,1,1
371,10,1031,369,10,11,1,1,1
371,11,1056,363,13,11,1,1,1
371,12,1074,325,14,12,1,1,1
371,13,1139,275,16,12,1,1,1
371,14,1220,252,14,12,1,1,1
371,15,1414,343,15,12,1,1,1
371,16,1487,310,16,12,1,1,1
372,1,1609,331,16,11,1,1,1
372,2,1538,355,14,11,1,1,1
372,3,1376,326,9,11,1,1,1
372,4,1330,397,12,10,1,1,1
372,5,1316,398,12,11,1,1,1
372,6,1234,393,10,10,1,1,1
372,7,1102,367,11,11,1,1,1
372,9,974,366,11,11,1,1,1
372,10,1031,371,12,11,1,1,1
372,11,1057,365,12,11,1,1,1
372,12,1075,327,15,11,1,1,1
372,13,1140,277,16,12,1,1,1
372,14,1221,253,16,12,1,1,1
372,15,1415,345,16,11,1,1,1
372,16,1490,311,15,12,1,1,1
373,1,1611,333,16,12,1,1,1
373,2,1541,357,12,11,1,1,1
373,3,1377,327,11,11,1,1,1
373,4,1332,398,10,10,1,1,1
373,5,1316,400,12,9,1,1,1
373,6,1234,394,11,11,1,1,1
373,7,1103,368,12,11,1,1,1
373,9,975,368,11,9,1,1,1
373,10,1031,374,12,10,1,1,1
373,11,1058,367,12,11,1,1,1
373,12,1077,329,14,11,1,1,1
373,13,1142,279,16,13,1,1,1
373,14,1223,254,16,13,1,1,1
373,15,1416,348,17,12,1,1,1
373,16,1491,313,16,12,1,1,1
374,1,1613,335,17,12,1,1,1
374,2,1542,360,16,11,1,1,1
374,3,1376,329,12,11,1,1,1
374,4,1332,401,12,10,1,1,1
374,5,1318,402,11,10,1,1,1
374,6,1235,396,11,11,1,1,1
374,7,1106,369,11,11,1,1,1
374,9,975,370,11,10,1,1,1
374,10,1031,376,14,11,1,1,1
374,11,1058,370,13,11,1,1,1
374,12,1078,331,14,12,1,1,1
374,13,1144,282,16,13,1,1,1
374,14,1225,257,14,12,1,1,1
374,15,1418,351,17,12,1,1,1
374,16,1494,315,16,12,1,1,1
375,1,1617,338,15,12,1,1,1
375,2,1546,362,12,11,1,1,1
375,3,1378,330,12,11,1,1,1
375,4,1334,402,11,11,1,1,1
375,5,1320,403,12,11,1,1,1
375,6,1236,398,11,11,1,1,1
375,7,1106,371,12,10,1,1,1
375,9,977,371,10,9,1,1,1
375,10,1033,379,11,10,1,1,1
375,11,1059,373,13,11,1,1,1
375,12,1081,333,14,12,1,1,1
375,13,1146,285,14,12,1,1,1
375,14,1227,259,16,12,1,1,1
375,15,1420,353,17,13,1,1,1
375,16,1496,318,16,11,1,1,1
376,1,1618,341,15,11,1,1,1
376,2,1546,365,16,11,1,1,1
376,3,1379,332,11,11,1,1,1
376,4,1335,405,12,10,1,1,1
376,5,1322,405,10,11,1,1,1
376,6,1238,400,10,11,1,1,1
376,7,1106,372,11,10,1,1,1
376,8,1061,371,11,10,1,1,1
376,9,976,373,12,9,1,1,1
376,10,1033,381,14,11,1,1,1
376,11,1060,376,12,11,1,1,1
376,12,1082,336,14,10,1,1,1
376,13,1148,288,14,12,1,1,1
376,14,1229,261,15,12,1,1,1
376,15,1424,357,15,12,1,1,1
376,16,1498,320,15,12,1,1,1
377,1,1620,343,15,11,1,1,1
377,2,1549,367,14,11,1,1,1
377,3,1380,333,11,11,1,1,1
377,4,1335,406,14,11,1,1,1
377,5,1322,406,11,11,1,1,1
377,6,1237,402,12,10,1,1,1
377,7,1107,373,11,10,1,1,1
377,8,1062,372,12,9,1,1,1
377,9,977,374,11,10,1,1,1
377,10,1034,383,13,9,1,1,1
377,11,1061,378,11,11,1,1,1
377,12,1084,337,14,12,1,1,1
377,13,1149,290,14,12,1,1,1
377,14,1231,262,16,13,1,1,1
377,15,1425,359,16,12,1,1,1
377,16,1500,322,15,11,1,1,1
378,1,1623,346,14,12,1,1,1
378,2,1552,370,14,11,1,1,1
378,3,1382,335,10,11,1,1,1
378,4,1338,409,12,10,1,1,1
378,5,1323,409,13,10,1,1,1
378,6,1238,404,11,10,1,1,1
378,7,1108,375,12,9,1,1,1
378,8,1064,374,11,9,1,1,1
378,9,978,376,10,9,1,1,1
378,10,1035,386,13,11,1,1,1
378,11,1061,381,12,12,1,1,1
378,12,1085,340,15,11,1,1,1
378,13,1151,293,16,13,1,1,1
378,14,1234,265,15,12,1,1,1
378,15,1428,363,14,12,1,1,1
378,16,1504,324,15,12,1,1,1
379,1,1627,349,15,12,1,1,1
379,2,1555,373,12,11,1,1,1
379,3,1381,337,12,10,1,1,1
379,4,1339,411,12,11,1,1,1
379,5,1324,411,13,10,1,1,1
379,6,1239,406,11,11,1,1,1
379,7,1110,377,11,10,1,1,1
379,8,1064,375,12,11,1,1,1
379,9,978,378,12,10,1,1,1
379,10,1036,389,14,11,1,1,1
379,11,1062,385,13,11,1,1,1
379,12,1088,342,13,11,1,1,1
379,13,1153,297,16,11,1,1,1
379,14,1237,268,14,12,1,1,1
379,15,1429,366,17,13,1,1,1
379,16,1506,327,16,12,1,1,1
380,1,1629,351,13,12,1,1,1
380,2,1554,375,16,11,1,1,1
380,3,1383,338,11,11,1,1,1
380,4,1342,412,9,10,1,1,1
380,5,1325,412,12,11,1,1,1
380,6,1240,408,11,10,1,1,1
380,7,1110,377,11,11,1,1,1
380,8,1065,377,11,10,1,1,1
380,9,978,379,12,9,1,1,1
380,10,1038,390,11,11,1,1,1
380,11,1062,387,14,11,1,1,1
380,12,1088,343,15,12,1,1,1
380,13,1154,298,16,12,1,1,1
380,14,1237,270,16,12,1,1,1
380,15,1432,369,15,12,1,1,1
380,16,1507,329,17,12,1,1,1
381,1,1632,355,15,12,1,1,1
381,2,1559,379,14,11,1,1,1
381,3,1383,341,14,11,1,1,1
381,4,1344,415,9,11,1,1,1
381,5,1327,415,13,10,1,1,1
381,6,1241,411,11,10,1,1,1
381,7,1112,380,12,10,1,1,1
381,8,1065,379,12,10,1,1,1
381,9,980,382,10,10,1,1,1
381,10,1038,394,14,11,1,1,1
381,11,1063,391,14,11,1,1,1
381,12,1090,347,14,11,1,1,1
381,13,1157,303,16,12,1,1,1
381,14,1241,273,15,12,1,1,1
381,15,1434,373,16,12,1,1,1
381,16,1512,332,16,12,1,1,1
382,1,1634,357,15,11,1,1,1
382,2,1560,380,12,11,1,1,1
382,3,1385,342,11,11,1,1,1
382,4,1345,417,10,10,1,1,1
382,5,1329,416,11,10,1,1,1
382,6,1241,412,12,10,1,1,1
382,7,1112,380,11,11,1,1,1
382,8,1065,380,13,10,1,1,1
382,9,980,382,11,11,1,1,1
382,10,1040,395,11,11,1,1,1
382,11,1065,392,11,12,1,1,1
382,12,1091,348,14,12,1,1,1
382,13,1159,304,14,12,1,1,1
382,14,1241,274,15,13,1,1,1
382,15,1436,375,16,12,1,1,1
382,16,1514,334,13,12,1,1,1
383,1,1636,361,17,11,1,1,1
383,2,1563,384,13,11,1,1,1
383,3,1386,344,13,11,1,1,1
383,4,1346,419,10,11,1,1,1
383,5,1331,418,11,11,1,1,1
383,6,1243,415,10,9,1,1,1
383,7,1114,383,11,10,1,1,1
383,8,1067,382,11,10,1,1,1
383,9,981,385,11,10,1,1,1
383,10,1040,399,14,11,1,1,1
383,11,1066,396,12,12,1,1,1
383,12,1095,351,12,12,1,1,1
383,13,1162,308,15,11,1,1,1
383,14,1244,278,15,12,1,1,1
383,15,1438,379,17,13,1,1,1
383,16,1517,337,16,12,1,1,1
384,1,1640,363,14,12,1,1,1
384,2,1565,386,14,12,1,1,1
384,3,1386,346,13,11,1,1,1
384,4,1347,421,12,9,1,1,1
384,5,1332,420,11,11,1,1,1
384,6,1242,416,12,11,1,1,1
384,7,1114,384,11,9,1,1,1
384,8,1068,383,12,11,1,1,1
384,9,981,386,12,11,1,1,1
384,10,1041,401,13,9,1,1,1
384,11,1065,399,14,11,1,1,1
384,12,1095,353,15,11,1,1,1
384,13,1162,310,17,13,1,1,1
384,14,1247,280,15,12,1,1,1
384,15,1440,382,16,12,1,1,1
384,16,1519,340,16,11,1,1,1
385,1,1644,369,17,12,1,1,1
385,2,1569,392,15,12,1,1,1
385,3,1391,350,9,11,1,1,1
385,4,1350,425,12,11,1,1,1
385,5,1334,424,12,11,1,1,1
385,6,1244,421,13,10,1,1,1
385,7,1117,387,10,10,1,1,1
385,8,1070,388,10,10,1,1,1
385,9,982,390,12,9,1,1,1
385,10,1044,406,11,11,1,1,1
385,11,1067,405,13,11,1,1,1
385,12,1099,357,15,12,1,1,1
385,13,1166,316,17,13,1,1,1
385,14,1252,286,15,12,1,1,1
385,15,1446,390,16,12,1,1,1
385,16,1526,345,15,12,1,1,1
386,1,1647,373,17,11,1,1,1
386,2,1572,396,13,11,1,1,1
386,3,1391,352,11,11,1,1,1
386,4,1351,427,12,11,1,1,1
386,5,1338,426,10,11,1,1,1
386,6,1246,423,10,11,1,1,1
386,7,1117,389,11,10,1,1,1
386,8,1071,390,10,10,1,1,1
386,9,983,391,11,11,1,1,1
386,10,1044,409,14,11,1,1,1
386,11,1068,408,13,11,1,1,1
386,12,1101,360,15,12,1,1,1
386,13,1169,320,16,12,1,1,1
386,14,1253,289,16,12,1,1,1
386,15,1447,393,17,12,1,1,1
386,16,1528,348,15,12,1,1,1
387,1,1653,378,15,11,1,1,1
387,2,1574,400,16,11,1,1,1
387,3,1393,355,12,11,1,1,1
387,4,1355,431,12,10,1,1,1
387,5,1340,429,9,10,1,1,1
387,6,1247,426,11,11,1,1,1
387,7,1119,392,12,10,1,1,1
387,8,1072,393,10,10,1,1,1
387,9,983,394,11,10,1,1,1
387,10,1046,413,13,10,1,1,1
387,11,1069,413,15,11,1,1,1
387,12,1105,363,14,12,1,1,1
387,13,1172,324,15,11,1,1,1
387,14,1257,294,16,12,1,1,1
387,15,1451,399,17,12,1,1,1
387,16,1532,352,17,12,1,1,1
388,1,1657,381,15,11,1,1,1
388,2,1577,404,16,11,1,1,1
388,3,1393,358,13,11,1,1,1
388,4,1357,434,12,10,1,1,1
388,5,1340,432,13,10,1,1,1
388,6,1248,429,11,11,1,1,1
388,7,1120,394,11,9,1,1,1
388,8,1073,395,11,10,1,1,1
388,9,985,397,11,10,1,1,1
388,10,1047,416,13,11,1,1,1
388,11,1071,417,13,11,1,1,1
388,12,1106,366,16,12,1,1,1
388,13,1175,327,15,13,1,1,1
388,14,1261,297,15,12,1,1,1
388,15,1454,403,17,13,1,1,1
388,16,1537,355,16,13,1,1,1
389,1,1658,383,16,12,1,1,1
389,2,1579,406,16,11,1,1,1
389,3,1394,360,14,11,1,1,1
389,4,1357,435,12,11,1,1,1
389,5,1342,434,11,10,1,1,1
389,6,1250,431,10,11,1,1,1
389,7,1120,395,12,11,1,1,1
389,8,1073,396,11,11,1,1,1
389,9,985,398,12,9,1,1,1
389,10,1048,418,12,11,1,1,1
389,11,1073,419,11,12,1,1,1
389,12,1109,368,12,12,1,1,1
389,13,1178,330,15,11,1,1,1
389,14,1262,299,15,13,1,1,1
389,15,1456,406,17,13,1,1,1
389,16,1540,358,15,12,1,1,1
390,1,1662,388,17,12,1,1,1
390,2,1584,410,12,12,1,1,1
390,3,1396,363,14,11,1,1,1
390,4,1360,438,11,11,1,1,1
390,5,1344,437,11,10,1,1,1
390,6,1250,434,11,11,1,1,1
390,7,1123,398,11,10,1,1,1
390,8,1075,399,10,10,1,1,1
390,9,986,401,11,10,1,1,1
390,10,1050,422,14,9,1,1,1
390,11,1074,424,13,11,1,1,1
390,12,1112,371,14,12,1,1,1
390,13,1181,334,14,12,1,1,1
390,14,1265,303,17,13,1,1,1
390,15,1459,411,18,12,1,1,1
390,16,1545,361,13,13,1,1,1
391,1,1664,390,17,11,1,1,1
391,2,1584,412,16,11,1,1,1
391,3,1399,364,9,11,1,1,1
391,4,1363,439,10,11,1,1,1
391,5,1345,438,13,10,1,1,1
391,6,1250,436,12,10,1,1,1
391,7,1123,399,12,10,1,1,1
391,8,1075,400,11,11,1,1,1
391,9,987,401,11,11,1,1,1
391,10,1051,423,13,12,1,1,1
391,11,1075,425,13,12,1,1,1
391,12,1112,372,14,12,1,1,1
391,13,1181,336,17,12,1,1,1
391,14,1267,305,16,13,1,1,1
391,15,1461,414,15,12,1,1,1
391,16,1545,363,17,12,1,1,1
392,1,1668,394,17,12,1,1,1
392,2,1587,416,16,12,1,1,1
392,3,1398,367,13,11,1,1,1
392,4,1363,442,13,11,1,1,1
392,5,1347,441,12,10,1,1,1
392,6,1252,439,12,10,1,1,1
392,7,1125,401,10,11,1,1,1
392,8,1076,403,11,11,1,1,1
392,9,987,404,12,11,1,1,1
392,10,1052,427,12,11,1,1,1
392,11,1076,430,13,11,1,1,1
392,12,1115,376,15,11,1,1,1
392,13,1184,339,17,13,1,1,1
392,14,1270,309,17,12,1,1,1
392,15,1466,419,16,12,1,1,1
392,16,1550,366,16,13,1,1,1
393,1,1671,396,17,12,1,1,1
393,2,1591,419,14,11,1,1,1
393,3,1401,369,11,11,1,1,1
393,4,1365,444,12,11,1,1,1
393,5,1349,443,12,10,1,1,1
393,6,1253,441,10,11,1,1,1
393,7,1125,403,12,9,1,1,1
393,8,1076,405,12,9,1,1,1
393,9,988,406,12,10,1,1,1
393,10,1054,430,12,11,1,1,1
393,11,1077,433,13,11,1,1,1
393,12,1117,378,15,12,1,1,1
393,13,1188,342,15,13,1,1,1
393,14,1274,312,14,12,1,1,1
393,15,1468,422,16,13,1,1,1
393,16,1553,369,16,12,1,1,1
394,1,1672,398,15,12,1,1,1
394,2,1592,420,13,12,1,1,1
394,3,1400,370,13,11,1,1,1
394,4,1366,445,11,11,1,1,1
394,5,1350,443,11,11,1,1,1
394,6,1254,442,10,10,1,1,1
394,7,1126,404,11,10,1,1,1
394,8,1076,406,13,10,1,1,1
394,9,989,407,10,10,1,1,1
394,10,1055,431,13,10,1,1,1
394,11,1076,434,15,11,1,1,1
394,12,1118,379,15,12,1,1,1
394,13,1187,343,16,13,1,1,1
394,14,1274,313,16,12,1,1,1
394,15,1468,424,17,12,1,1,1
394,16,1556,370,13,11,1,1,1
395,1,1676,401,15,12,1,1,1
395,2,1595,423,12,12,1,1,1
395,3,1401,372,13,11,1,1,1
395,4,1368,447,11,10,1,1,1
395,5,1351,446,13,9,1,1,1
395,6,1254,444,11,11,1,1,1
395,7,1126,405,11,10,1,1,1
395,8,1077,408,12,9,1,1,1
395,9,989,408,11,11,1,1,1
395,10,1057,434,12,10,1,1,1
395,11,1078,437,14,11,1,1,1
395,12,1120,381,15,12,1,1,1
395,13,1190,346,17,13,1,1,1
395,14,1278,316,15,12,1,1,1
395,15,1471,427,17,12,1,1,1
395,16,1559,373,15,11,1,1,1
396,1,1680,404,16,12,1,1,1
396,2,1596,427,14,12,1,1,1
396,3,1403,375,14,11,1,1,1
396,4,1371,450,12,9,1,1,1
396,5,1352,448,12,11,1,1,1
396,6,1256,447,10,11,1,1,1
396,7,1128,408,11,10,1,1,1
396,8,1079,410,10,10,1,1,1
396,9,989,410,11,11,1,1,1
396,10,1058,436,11,11,1,1,1
396,11,1080,441,12,11,1,1,1
396,12,1122,383,16,12,1,1,1
396,13,1193,350,17,12,1,1,1
396,14,1281,320,15,12,1,1,1
396,15,1474,432,17,13,1,1,1
396,16,1562,376,16,12,1,1,1
397,1,1684,408,16,11,1,1,1
397,2,1600,430,14,12,1,1,1
397,3,1404,377,12,11,1,1,1
397,4,1373,452,11,10,1,1,1
397,5,1355,451,12,10,1,1,1
397,6,1255,450,12,11,1,1,1
397,7,1130,410,10,10,1,1,1
397,8,1079,413,11,10,1,1,1
397,9,990,412,12,11,1,1,1
397,10,1059,440,13,10,1,1,1
397,11,1080,444,13,12,1,1,1
397,12,1125,386,13,11,1,1,1
397,13,1195,353,16,12,1,1,1
397,14,1283,323,15,11,1,1,1
397,15,1477,436,15,13,1,1,1
397,16,1567,379,15,12,1,1,1
398,1,1688,412,15,12,1,1,1
398,2,1602,435,16,11,1,1,1
398,3,1407,380,12,11,1,1,1
398,4,1376,455,11,9,1,1,1
398,5,1356,454,14,10,1,1,1
398,6,1257,453,11,10,1,1,1
398,7,1130,412,12,9,1,1,1
398,8,1081,416,10,9,1,1,1
398,9,992,415,11,11,1,1,1
398,10,1062,444,12,11,1,1,1
398,11,1083,448,12,11,1,1,1
398,12,1128,389,16,12,1,1,1
398,13,1199,357,17,13,1,1,1
398,14,1287,327,15,12,1,1,1
398,15,1481,442,17,13,1,1,1
398,16,1573,382,14,13,1,1,1
399,1,1690,413,17,12,1,1,1
399,2,1605,436,14,12,1,1,1
399,3,1408,382,12,10,1,1,1
399,4,1377,456,11,9,1,1,1
399,5,1357,455,12,10,1,1,1
399,6,1258,455,12,10,1,1,1
399,7,1131,413,13,10,1,1,1
399,8,1082,416,10,11,1,1,1
399,9,992,416,12,10,1,1,1
399,10,1062,445,11,10,1,1,1
399,11,1082,450,15,12,1,1,1
399,12,1129,390,16,12,1,1,1
399,13,1202,358,14,12,1,1,1
399,14,1288,328,16,12,1,1,1
399,15,1483,444,16,13,1,1,1
399,16,1574,384,15,12,1,1,1
400,1,1694,417,17,12,1,1,1
400,2,1608,440,13,12,1,1,1
400,3,1410,384,13,11,1,1,1
400,4,1378,458,14,11,1,1,1
400,5,1360,457,12,11,1,1,1
400,6,1260,457,10,11,1,1,1
400,7,1132,415,12,10,1,1,1
400,8,1082,419,12,10,1,1,1
400,9,993,418,12,11,1,1,1
400,10,1063,448,12,11,1,1,1
400,11,1085,454,12,10,1,1,1
400,12,1132,392,14,13,1,1,1
400,13,1204,361,17,13,1,1,1
400,14,1293,331,15,12,1,1,1
400,15,1486,448,15,12,1,1,1
400,16,1578,386,15,12,1,1,1
401,1,1701,421,15,12,1,1,1
401,2,1611,445,13,12,1,1,1
401,3,1412,387,12,11,1,1,1
401,4,1382,461,13,11,1,1,1
401,5,1362,461,11,10,1,1,1
401,6,1259,461,12,10,1,1,1
401,7,1135,418,12,10,1,1,1
401,8,1082,422,13,10,1,1,1
401,9,994,421,13,10,1,1,1
401,10,1066,451,11,11,1,1,1
401,11,1086,458,14,12,1,1,1
401,12,1136,396,14,11,1,1,1
401,13,1208,366,17,13,1,1,1
401,14,1296,335,15,12,1,1,1
401,15,1491,453,16,14,1,1,1
401,16,1584,390,15,13,1,1,1
402,1,1703,424,17,12,1,1,1
402,2,1613,448,13,12,1,1,1
402,3,1412,390,14,11,1,1,1
402,4,1384,463,13,11,1,1,1
402,5,1365,463,12,10,1,1,1
402,6,1261,464,11,10,1,1,1
402,7,1136,419,11,11,1,1,1
402,8,1083,424,13,10,1,1,1
402,9,994,422,11,10,1,1,1
402,10,1067,454,13,12,1,1,1
402,11,1087,460,15,13,1,1,1
402,12,1138,397,16,13,1,1,1
402,13,1211,368,15,13,1,1,1
402,14,1300,338,15,12,1,1,1
402,15,1494,457,16,12,1,1,1
402,16,1588,393,15,12,1,1,1
403,1,1707,427,16,11,1,1,1
403,2,1616,451,15,11,1,1,1
403,3,1414,392,12,10,1,1,1
403,4,1387,465,12,11,1,1,1
403,5,1367,466,11,10,1,1,1
403,6,1262,466,13,10,1,1,1
403,7,1138,422,10,9,1,1,1
403,8,1084,426,12,9,1,1,1
403,9,996,424,11,10,1,1,1
403,10,1069,457,11,10,1,1,1
403,11,1088,463,15,11,1,1,1
403,12,1141,400,15,11,1,1,1
403,13,1215,371,13,13,1,1,1
403,14,1302,341,15,12,1,1,1
403,15,1497,460,16,14,1,1,1
403,16,1592,395,15,12,1,1,1
404,1,1711,430,17,13,1,1,1
404,2,1619,455,13,12,1,1,1
404,3,1416,395,13,11,1,1,1
404,4,1389,467,13,11,1,1,1
404,5,1368,468,11,10,1,1,1
404,6,1264,469,12,10,1,1,1
404,7,1139,424,10,9,1,1,1
404,8,1085,429,11,10,1,1,1
404,9,996,426,12,9,1,1,1
404,10,1070,459,12,12,1,1,1
404,11,1091,466,14,13,1,1,1
404,12,1145,402,13,12,1,1,1
404,13,1217,375,17,13,1,1,1
404,14,1307,344,15,12,1,1,1
404,15,1501,464,15,14,1,1,1
404,16,1597,398,15,13,1,1,1
405,1,1716,434,16,11,1,1,1
405,2,1622,458,14,12,1,1,1
405,3,1419,397,10,11,1,1,1
405,4,1391,469,13,11,1,1,1
405,5,1370,470,12,10,1,1,1
405,6,1266,471,11,11,1,1,1
405,7,1140,426,10,10,1,1,1
405,8,1086,431,11,10,1,1,1
405,9,998,428,11,9,1,1,1
405,10,1073,462,11,11,1,1,1
405,11,1092,469,15,13,1,1,1
405,12,1147,405,15,11,1,1,1
405,13,1220,378,16,13,1,1,1
405,14,1309,347,16,13,1,1,1
405,15,1504,467,16,13,1,1,1
405,16,1601,400,15,13,1,1,1
406,1,1720,437,15,12,1,1,1
406,2,1625,462,14,11,1,1,1
406,3,1418,400,15,9,1,1,1
406,4,1394,471,11,12,1,1,1
406,5,1372,472,12,11,1,1,1
406,6,1265,474,12,10,1,1,1
406,7,1141,428,12,10,1,1,1
406,8,1086,433,12,11,1,1,1
406,9,999,430,11,9,1,1,1
406,10,1074,464,13,12,1,1,1
406,11,1094,472,15,13,1,1,1
406,12,1150,407,15,12,1,1,1
406,13,1224,381,17,14,1,1,1
406,14,1314,350,14,12,1,1,1
406,15,1509,471,15,13,1,1,1
406,16,1606,403,14,13,1,1,1
407,1,1724,440,16,12,1,1,1
407,2,1628,465,13,12,1,1,1
407,3,1420,402,13,11,1,1,1
407,4,1397,473,12,11,1,1,1
407,5,1374,474,11,11,1,1,1
407,6,1267,477,11,10,1,1,1
407,7,1141,429,12,10,1,1,1
407,8,1087,435,12,11,1,1,1
407,9,999,431,13,12,1,1,1
407,10,1076,466,13,11,1,1,1
407,11,1097,475,12,11,1,1,1
407,12,1153,409,14,13,1,1,1
407,13,1227,384,17,14,1,1,1
407,14,1316,353,17,12,1,1,1
407,15,1511,474,16,13,1,1,1
407,16,1611,405,15,14,1,1,1
408,1,1728,443,15,11,1,1,1
408,2,1630,468,15,12,1,1,1
408,3,1423,405,12,10,1,1,1
408,4,1399,475,12,11,1,1,1
408,5,1376,475,12,12,1,1,1
408,6,1269,479,10,9,1,1,1
408,7,1142,431,12,11,1,1,1
408,8,1088,437,13,11,1,1,1
408,9,1000,433,11,11,1,1,1
408,10,1078,468,12,11,1,1,1
408,11,1098,476,14,12,1,1,1
408,12,1155,412,16,13,1,1,1
408,13,1230,387,17,12,1,1,1
408,14,1319,355,17,12,1,1,1
408,15,1514,477,15,14,1,1,1
408,16,1615,407,15,14,1,1,1
409,1,1730,444,16,13,1,1,1
409,2,1633,470,13,11,1,1,1
409,3,1423,406,14,11,1,1,1
409,4,1400,475,12,11,1,1,1
409,5,1376,476,13,12,1,1,1
409,6,1268,480,13,10,1,1,1
409,7,1143,432,12,9,1,1,1
409,8,1088,438,12,11,1,1,1
409,9,1001,434,12,11,1,1,1
409,10,1079,469,13,11,1,1,1
409,11,1100,478,13,13,1,1,1
409,12,1157,413,15,13,1,1,1
409,13,1232,389,17,12,1,1,1
409,14,1321,357,16,12,1,1,1
409,15,1515,479,18,13,1,1,1
409,16,1616,409,15,12,1,1,1
410,1,1734,447,15,13,1,1,1
410,2,1634,473,15,12,1,1,1
410,3,1424,408,13,11,1,1,1
410,4,1403,477,12,11,1,1,1
410,5,1379,478,12,11,1,1,1
410,6,1269,482,12,11,1,1,1
410,7,1145,434,12,9,1,1,1
410,8,1089,440,12,9,1,1,1
410,9,1003,436,11,11,1,1,1
410,10,1081,471,13,11,1,1,1
410,11,1101,480,13,13,1,1,1
410,12,1161,416,14,11,1,1,1
410,13,1235,391,17,13,1,1,1
410,14,1324,359,17,13,1,1,1
410,15,1520,481,16,14,1,1,1
410,16,1620,411,15,14,1,1,1
411,1,1739,450,15,13,1,1,1
411,2,1637,477,14,12,1,1,1
411,3,1426,411,13,10,1,1,1
411,4,1406,479,12,11,1,1,1
411,5,1381,480,12,10,1,1,1
411,6,1271,485,12,11,1,1,1
411,7,1146,436,13,10,1,1,1
411,8,1091,442,12,11,1,1,1
411,9,1003,437,12,12,1,1,1
411,10,1083,474,13,10,1,1,1
411,11,1104,482,13,12,1,1,1
411,12,1163,418,14,13,1,1,1
411,13,1239,395,15,12,1,1,1
411,14,1330,362,15,13,1,1,1
411,15,1522,484,18,14,1,1,1
411,16,1626,414,16,14,1,1,1
412,1,1743,453,16,13,1,1,1
412,2,1640,480,14,12,1,1,1
412,3,1430,414,10,10,1,1,1
412,4,1407,481,14,11,1,1,1
412,5,1382,482,12,10,1,1,1
412,6,1273,488,12,10,1,1,1
412,7,1147,438,12,11,1,1,1
412,8,1092,445,11,11,1,1,1
412,9,1004,439,14,11,1,1,1
412,10,1085,476,13,12,1,1,1
412,11,1107,485,11,12,1,1,1
412,12,1167,421,14,13,1,1,1
412,13,1243,398,16,14,1,1,1
412,14,1332,365,17,12,1,1,1
412,15,1526,488,18,13,1,1,1
412,16,1629,417,16,13,1,1,1
413,1,1747,456,15,13,1,1,1
413,2,1644,482,13,12,1,1,1
413,3,1430,416,14,11,1,1,1
413,4,1411,483,11,10,1,1,1
413,5,1385,483,12,12,1,1,1
413,6,1274,490,12,10,1,1,1
413,7,1149,440,12,10,1,1,1
413,8,1092,447,12,10,1,1,1
413,9,1006,441,12,10,1,1,1
413,10,1087,477,14,13,1,1,1
413,11,1109,487,13,12,1,1,1
413,12,1170,423,14,12,1,1,1
413,13,1246,401,16,13,1,1,1
413,14,1336,367,16,14,1,1,1
413,15,1529,489,18,14,1,1,1
413,16,1633,419,18,13,1,1,1
414,1,1753,459,15,13,1,1,1
414,2,1645,485,16,12,1,1,1
414,3,1431,418,13,11,1,1,1
414,4,1413,484,13,11,1,1,1
414,5,1385,485,13,11,1,1,1
414,6,1275,492,11,12,1,1,1
414,7,1151,442,12,10,1,1,1
414,8,1094,449,10,10,1,1,1
414,9,1007,442,12,12,1,1,1
414,10,1089,479,14,13,1,1,1
414,11,1110,488,13,14,1,1,1
414,12,1173,424,14,14,1,1,1
414,13,1250,404,16,14,1,1,1
414,14,1340,370,16,13,1,1,1
414,15,1533,492,18,14,1,1,1
414,16,1638,422,17,14,1,1,1
415,1,1758,462,15,13,1,1,1
415,2,1648,487,16,13,1,1,1
415,3,1434,421,12,11,1,1,1
415,4,1415,486,14,11,1,1,1
415,5,1389,487,11,10,1,1,1
415,6,1277,494,12,12,1,1,1
415,7,1152,444,12,10,1,1,1
415,8,1095,451,12,11,1,1,1
415,9,1009,444,13,10,1,1,1
415,10,1092,482,12,11,1,1,1
415,11,1114,490,12,14,1,1,1
415,12,1176,427,15,12,1,1,1
415,13,1254,407,16,14,1,1,1
415,14,1344,373,17,12,1,1,1
415,15,1536,495,17,13,1,1,1
415,16,1645,425,15,14,1,1,1
416,1,1760,464,17,13,1,1,1
416,2,1652,490,15,13,1,1,1
416,3,1435,423,13,10,1,1,1
416,4,1418,487,12,11,1,1,1
416,5,1391,488,10,10,1,1,1
416,6,1279,497,12,10,1,1,1
416,7,1154,446,12,10,1,1,1
416,8,1097,453,11,11,1,1,1
416,9,1010,446,12,10,1,1,1
416,10,1093,483,13,13,1,1,1
416,11,1115,493,13,12,1,1,1
416,12,1179,429,14,12,1,1,1
416,13,1258,409,15,14,1,1,1
416,14,1348,375,16,13,1,1,1
416,15,1542,497,16,14,1,1,1
416,16,1647,428,18,13,1,1,1
417,1,1764,466,17,12,1,1,1
417,2,1655,492,14,13,1,1,1
417,3,1436,425,13,11,1,1,1
417,4,1421,488,12,11,1,1,1
417,5,1390,488,14,11,1,1,1
417,6,1280,498,12,11,1,1,1
417,7,1154,447,11,11,1,1,1
417,8,1098,456,10,10,1,1,1
417,9,1012,447,11,10,1,1,1
417,10,1095,485,13,13,1,1,1
417,11,1118,494,14,13,1,1,1
417,12,1183,431,13,12,1,1,1
417,13,1261,412,16,14,1,1,1
417,14,1352,377,16,14,1,1,1
417,15,1544,499,15,15,1,1,1
417,16,1652,430,15,14,1,1,1
418,1,1768,468,18,14,1,1,1
418,2,1656,495,15,12,1,1,1
418,3,1439,428,12,9,1,1,1
418,4,1423,491,12,10,1,1,1
418,5,1393,490,11,11,1,1,1
418,6,1282,501,12,11,1,1,1
418,7,1156,449,11,10,1,1,1
418,8,1098,458,11,11,1,1,1
418,9,1013,449,13,10,1,1,1
418,10,1097,489,14,11,1,1,1
418,11,1121,495,14,14,1,1,1
418,12,1185,432,15,13,1,1,1
418,13,1265,414,16,15,1,1,1
418,14,1356,380,16,13,1,1,1
418,15,1548,502,16,14,1,1,1
418,16,1655,432,18,15,1,1,1
419,1,1772,470,18,14,1,1,1
419,2,1658,496,16,13,1,1,1
419,3,1440,430,12,11,1,1,1
419,4,1426,492,12,11,1,1,1
419,5,1393,492,13,10,1,1,1
419,6,1283,502,12,12,1,1,1
419,7,1158,451,11,10,1,1,1
419,8,1099,460,12,10,1,1,1
419,9,1015,450,11,11,1,1,1
419,10,1099,491,14,11,1,1,1
419,11,1123,497,14,13,1,1,1
419,12,1188,434,15,14,1,1,1
419,13,1269,417,16,13,1,1,1
419,14,1360,382,16,12,1,1,1
419,15,1549,505,18,14,1,1,1
419,16,1659,435,18,14,1,1,1
420,1,1778,472,16,14,1,1,1
420,2,1660,500,17,11,1,1,1
420,3,1442,432,13,11,1,1,1
420,4,1426,493,12,11,1,1,1
420,5,1395,492,12,12,1,1,1
420,6,1283,504,12,11,1,1,1
420,7,1158,452,13,11,1,1,1
420,8,1100,461,12,11,1,1,1
420,9,1016,452,13,10,1,1,1
420,10,1101,493,14,10,1,1,1
420,11,1124,499,15,12,1,1,1
420,12,1192,435,14,13,1,1,1
420,13,1273,419,14,13,1,1,1
420,14,1364,384,15,12,1,1,1
420,15,1555,508,15,13,1,1,1
420,16,1663,437,18,13,1,1,1
421,1,1779,474,18,14,1,1,1
421,2,1664,501,15,13,1,1,1
421,3,1444,434,14,11,1,1,1
421,4,1428,494,14,11,1,1,1
421,5,1396,494,13,11,1,1,1
421,6,1286,506,12,10,1,1,1
421,7,1160,454,11,10,1,1,1
421,8,1101,464,12,10,1,1,1
421,9,1017,452,13,12,1,1,1
421,10,1102,495,15,11,1,1,1
421,11,1128,500,12,13,1,1,1
421,12,1193,437,16,14,1,1,1
421,13,1275,421,17,15,1,1,1
421,14,1368,386,15,14,1,1,1
421,15,1555,510,18,15,1,1,1
421,16,1666,439,18,15,1,1,1
422,1,1783,476,17,13,1,1,1
422,2,1665,504,16,12,1,1,1
422,3,1445,436,15,12,1,1,1
422,4,1433,496,9,10,1,1,1
422,5,1397,494,13,11,1,1,1
422,6,1286,507,13,12,1,1,1
422,7,1161,455,13,11,1,1,1
422,8,1102,465,12,11,1,1,1
422,9,1019,454,12,10,1,1,1
422,10,1104,497,15,10,1,1,1
422,11,1128,503,14,12,1,1,1
422,12,1196,438,15,14,1,1,1
422,13,1278,423,17,15,1,1,1
422,14,1372,388,15,13,1,1,1
422,15,1560,513,16,13,1,1,1
422,16,1670,442,18,14,1,1,1
423,1,1789,478,17,14,1,1,1
423,2,1668,506,16,12,1,1,1
423,3,1448,439,12,11,1,1,1
423,4,1433,497,14,11,1,1,1
423,5,1400,495,12,11,1,1,1
423,6,1289,509,11,11,1,1,1
423,7,1164,457,12,11,1,1,1
423,8,1103,468,11,10,1,1,1
423,9,1021,455,12,11,1,1,1
423,10,1108,498,13,13,1,1,1
423,11,1131,505,14,11,1,1,1
423,12,1199,441,15,13,1,1,1
423,13,1282,425,18,14,1,1,1
423,14,1376,391,16,13,1,1,1
423,15,1562,517,16,12,1,1,1
423,16,1675,444,17,14,1,1,1
424,1,1792,480,17,14,1,1,1
424,2,1672,508,15,13,1,1,1
424,3,1451,441,12,12,1,1,1
424,4,1437,499,13,12,1,1,1
424,5,1402,497,11,11,1,1,1
424,6,1291,510,11,12,1,1,1
424,7,1166,460,11,10,1,1,1
424,8,1104,471,13,10,1,1,1
424,9,1023,457,12,10,1,1,1
424,10,1109,502,12,12,1,1,1
424,11,1134,507,14,12,1,1,1
424,12,1202,441,16,14,1,1,1
424,13,1288,428,17,14,1,1,1
424,14,1381,394,16,13,1,1,1
424,15,1566,520,17,13,1,1,1
424,16,1679,447,17,15,1,1,1
425,1,1797,482,19,14,1,1,1
425,2,1674,512,16,12,1,1,1
425,3,1454,445,12,11,1,1,1
425,4,1441,502,11,11,1,1,1
425,5,1404,498,11,11,1,1,1
425,6,1294,513,10,11,1,1,1
425,7,1168,462,10,10,1,1,1
425,8,1105,473,13,11,1,1,1
425,9,1026,458,12,11,1,1,1
425,10,1113,505,13,11,1,1,1
425,11,1138,509,13,12,1,1,1
425,12,1206,443,16,13,1,1,1
425,13,1293,431,16,15,1,1,1
425,14,1386,398,17,13,1,1,1
425,15,1571,524,15,13,1,1,1
425,16,1684,451,16,13,1,1,1
426,1,1801,484,18,14,1,1,1
426,2,1676,514,16,12,1,1,1
426,3,1455,446,13,11,1,1,1
426,4,1441,503,13,11,1,1,1
426,5,1405,499,11,12,1,1,1
426,6,1294,515,12,10,1,1,1
426,7,1168,463,13,11,1,1,1
426,8,1107,475,10,11,1,1,1
426,9,1028,459,11,12,1,1,1
426,10,1115,506,13,12,1,1,1
426,11,1141,511,14,12,1,1,1
426,12,1208,446,16,12,1,1,1
426,13,1296,433,16,14,1,1,1
426,14,1390,400,16,13,1,1,1
426,15,1573,527,17,14,1,1,1
426,16,1687,453,16,14,1,1,1
427,1,1804,485,17,14,1,1,1
427,2,1678,517,15,11,1,1,1
427,3,1457,448,13,10,1,1,1
427,4,1444,504,11,11,1,1,1
427,5,1406,500,11,12,1,1,1
427,6,1295,515,13,11,1,1,1
427,7,1171,465,11,10,1,1,1
427,8,1107,476,12,12,1,1,1
427,9,1028,460,13,12,1,1,1
427,10,1116,509,13,11,1,1,1
427,11,1143,513,13,12,1,1,1
427,12,1210,445,16,15,1,1,1
427,13,1298,435,18,14,1,1,1
427,14,1393,403,17,14,1,1,1
427,15,1576,530,15,13,1,1,1
427,16,1690,455,16,14,1,1,1
428,1,1808,487,17,13,1,1,1
428,2,1682,519,14,13,1,1,1
428,3,1461,451,11,10,1,1,1
428,4,1445,507,13,10,1,1,1
428,5,1407,502,11,10,1,1,1
428,6,1296,517,13,11,1,1,1
428,7,1173,467,11,11,1,1,1
428,8,1109,479,12,10,1,1,1
428,9,1031,461,12,11,1,1,1
428,10,1120,511,10,12,1,1,1
428,11,1144,514,15,12,1,1,1
428,12,1215,447,14,14,1,1,1
428,13,1301,437,17,16,1,1,1
428,14,1399,405,16,13,1,1,1
428,15,1579,533,17,13,1,1,1
428,16,1694,458,15,14,1,1,1
429,1,1813,489,17,13,1,1,1
429,2,1685,523,14,12,1,1,1
429,3,1463,453,13,12,1,1,1
429,4,1448,510,14,11,1,1,1
429,5,1408,504,12,12,1,1,1
429,6,1300,519,12,12,1,1,1
429,7,1175,469,12,10,1,1,1
429,8,1111,482,12,10,1,1,1
429,9,1034,462,11,11,1,1,1
429,10,1120,515,13,12,1,1,1
429,11,1149,517,13,13,1,1,1
429,12,1218,449,14,15,1,1,1
429,13,1307,441,16,16,1,1,1
429,14,1404,409,17,15,1,1,1
429,15,1583,538,17,14,1,1,1
429,16,1698,462,16,13,1,1,1
430,1,1818,491,16,14,1,1,1
430,2,1689,527,14,12,1,1,1
430,3,1467,457,13,10,1,1,1
430,4,1452,512,13,11,1,1,1
430,5,1410,506,12,11,1,1,1
430,6,1301,521,12,11,1,1,1
430,7,1178,472,11,10,1,1,1
430,8,1113,484,12,12,1,1,1
430,9,1035,464,14,12,1,1,1
430,10,1123,519,13,12,1,1,1
430,11,1151,522,14,11,1,1,1
430,12,1220,451,16,15,1,1,1
430,13,1312,445,17,16,1,1,1
430,14,1410,413,18,15,1,1,1
430,15,1588,544,15,13,1,1,1
430,16,1702,465,16,15,1,1,1
431,1,1822,493,16,13,1,1,1
431,2,1691,530,14,12,1,1,1
431,3,1469,459,14,12,1,1,1
431,4,1454,514,13,11,1,1,1
431,5,1412,508,11,11,1,1,1
431,6,1304,524,12,11,1,1,1
431,7,1180,473,11,10,1,1,1
431,8,1115,486,12,12,1,1,1
431,9,1037,464,13,13,1,1,1
431,10,1125,522,14,12,1,1,1
431,11,1154,523,15,13,1,1,1
431,12,1223,453,15,14,1,1,1
431,13,1316,448,17,14,1,1,1
431,14,1416,416,17,15,1,1,1
431,15,1591,548,16,13,1,1,1
431,16,1705,468,16,14,1,1,1
432,1,1825,494,16,14,1,1,1
432,2,1693,533,14,12,1,1,1
432,3,1472,461,13,12,1,1,1
432,4,1456,517,13,10,1,1,1
432,5,1413,510,11,11,1,1,1
432,6,1304,525,13,11,1,1,1
432,7,1183,474,11,11,1,1,1
432,8,1117,488,11,10,1,1,1
432,9,1039,467,13,10,1,1,1
432,10,1127,526,14,10,1,1,1
432,11,1157,526,13,12,1,1,1
432,12,1227,456,14,13,1,1,1
432,13,1319,452,17,13,1,1,1
432,14,1419,419,18,15,1,1,1
432,15,1594,551,17,14,1,1,1
432,16,1707,471,17,14,1,1,1
433,1,1829,497,15,14,1,1,1
433,2,1695,537,15,12,1,1,1
433,3,1476,463,13,11,1,1,1
433,4,1459,519,11,12,1,1,1
433,5,1414,512,11,11,1,1,1
433,6,1306,527,13,11,1,1,1
433,7,1185,476,10,11,1,1,1
433,8,1119,490,12,11,1,1,1
433,9,1043,467,12,12,1,1,1
433,10,1131,528,12,12,1,1,1
433,11,1160,530,14,11,1,1,1
433,12,1228,457,15,14,1,1,1
433,13,1324,454,16,15,1,1,1
433,14,1424,422,17,14,1,1,1
433,15,1597,556,17,14,1,1,1
433,16,1710,475,17,14,1,1,1
434,1,1831,498,16,15,1,1,1
434,2,1697,539,15,13,1,1,1
434,3,1477,465,13,11,1,1,1
434,4,1461,521,11,12,1,1,1
434,5,1414,513,13,12,1,1,1
434,6,1308,528,12,12,1,1,1
434,7,1187,478,11,10,1,1,1
434,8,1121,492,12,11,1,1,1
434,9,1045,468,11,12,1,1,1
434,10,1131,531,14,11,1,1,1
434,11,1163,531,13,13,1,1,1
434,12,1231,459,14,14,1,1,1
434,13,1327,457,16,16,1,1,1
434,14,1428,425,18,15,1,1,1
434,15,1600,560,17,13,1,1,1
434,16,1712,478,17,13,1,1,1
435,1,1835,501,16,13,1,1,1
435,2,1700,543,15,12,1,1,1
435,3,1480,467,15,11,1,1,1
435,4,1464,523,12,12,1,1,1
435,5,1415,515,13,12,1,1,1
435,6,1311,530,11,12,1,1,1
435,7,1189,479,12,11,1,1,1
435,8,1123,493,12,11,1,1,1
435,9,1047,470,11,12,1,1,1
435,10,1135,535,12,11,1,1,1
435,11,1165,536,14,11,1,1,1
435,12,1233,461,14,15,1,1,1
435,13,1331,461,16,14,1,1,1
435,14,1433,428,17,15,1,1,1
435,15,1603,565,17,12,1,1,1
435,16,1715,481,17,15,1,1,1
436,1,1838,504,17,14,1,1,1
436,2,1703,547,14,12,1,1,1
436,3,1485,469,13,12,1,1,1
436,4,1467,527,10,12,1,1,1
436,5,1417,518,11,11,1,1,1
436,6,1313,533,11,12,1,1,1
436,7,1192,480,12,12,1,1,1
436,8,1126,496,11,10,1,1,1
436,9,1050,472,10,11,1,1,1
436,10,1137,539,13,12,1,1,1
436,11,1169,539,13,11,1,1,1
436,12,1236,464,14,15,1,1,1
436,13,1335,465,16,14,1,1,1
436,14,1438,432,18,14,1,1,1
436,15,1607,570,17,14,1,1,1
436,16,1718,486,17,14,1,1,1
437,1,1842,507,17,14,1,1,1
437,2,1706,552,15,12,1,1,1
437,3,1488,472,15,12,1,1,1
437,4,1468,531,13,10,1,1,1
437,5,1417,521,13,11,1,1,1
437,6,1315,537,12,9,1,1,1
437,7,1196,482,11,11,1,1,1
437,8,1128,497,12,11,1,1,1
437,9,1052,474,11,11,1,1,1
437,10,1140,543,13,12,1,1,1
437,11,1173,544,13,12,1,1,1
437,12,1239,468,14,14,1,1,1
437,13,1340,470,15,15,1,1,1
437,14,1444,436,17,16,1,1,1
437,15,1611,577,17,12,1,1,1
437,16,1721,491,17,14,1,1,1
438,1,1844,509,17,14,1,1,1
438,2,1709,555,13,12,1,1,1
438,3,1490,473,14,11,1,1,1
438,4,1471,532,12,12,1,1,1
438,5,1419,522,12,11,1,1,1
438,6,1316,538,11,10,1,1,1
438,7,1198,484,11,11,1,1,1
438,8,1131,499,12,10,1,1,1
438,9,1053,474,12,12,1,1,1
438,10,1140,546,12,12,1,1,1
438,11,1175,546,13,12,1,1,1
438,12,1240,470,15,14,1,1,1
438,13,1342,473,16,15,1,1,1
438,14,1448,439,16,14,1,1,1
438,15,1613,580,18,12,1,1,1
438,16,1723,493,16,15,1,1,1
439,1,1848,512,16,14,1,1,1
439,2,1711,559,14,11,1,1,1
439,3,1494,474,13,13,1,1,1
439,4,1473,536,11,11,1,1,1
439,5,1420,524,12,12,1,1,1
439,6,1318,540,12,11,1,1,1
439,7,1199,485,11,10,1,1,1
439,8,1132,501,12,10,1,1,1
439,9,1055,476,13,12,1,1,1
439,10,1142,550,14,10,1,1,1
439,11,1176,549,14,12,1,1,1
439,12,1243,472,14,13,1,1,1
439,13,1346,477,15,14,1,1,1
439,14,1452,442,16,16,1,1,1
439,15,1616,585,17,12,1,1,1
439,16,1725,498,16,14,1,1,1
440,1,1848,514,17,13,1,1,1
440,2,1711,561,15,12,1,1,1
440,3,1497,477,14,10,1,1,1
440,4,1473,537,13,11,1,1,1
440,5,1419,526,13,11,1,1,1
440,6,1318,542,13,10,1,1,1
440,7,1202,485,12,12,1,1,1
440,8,1134,501,13,11,1,1,1
440,9,1058,476,12,12,1,1,1
440,10,1145,552,12,11,1,1,1
440,11,1179,552,13,11,1,1,1
440,12,1243,474,15,14,1,1,1
440,13,1347,480,16,15,1,1,1
440,14,1454,445,16,14,1,1,1
440,15,1618,588,17,13,1,1,1
440,16,1725,500,17,14,1,1,1
441,1,1849,515,17,13,1,1,1
441,2,1713,562,14,12,1,1,1
441,3,1497,478,13,10,1,1,1
441,4,1474,538,12,10,1,1,1
441,5,1420,527,11,10,1,1,1
441,6,1319,542,12,12,1,1,1
441,7,1202,487,12,10,1,1,1
441,8,1135,502,13,11,1,1,1
441,9,1058,478,11,11,1,1,1
441,10,1145,553,11,12,1,1,1
441,11,1180,553,13,12,1,1,1
441,12,1244,475,15,13,1,1,1
441,13,1349,481,15,16,1,1,1
441,14,1456,446,15,14,1,1,1
441,15,1619,590,17,13,1,1,1
441,16,1725,502,17,14,1,1,1
442,1,1851,517,17,13,1,1,1
442,2,1713,566,16,11,1,1,1
442,3,1499,478,15,12,1,1,1
442,4,1475,541,13,10,1,1,1
442,5,1421,528,12,11,1,1,1
442,6,1321,545,12,10,1,1,1
442,7,1203,488,13,11,1,1,1
442,8,1137,503,13,10,1,1,1
442,9,1059,479,13,11,1,1,1
442,10,1147,556,12,11,1,1,1
442,11,1181,555,13,12,1,1,1
442,12,1245,477,15,14,1,1,1
442,13,1351,485,15,14,1,1,1
442,14,1459,448,15,15,1,1,1
442,15,1621,593,18,13,1,1,1
442,16,1726,505,18,14,1,1,1
443,1,1853,519,17,14,1,1,1
443,2,1716,568,14,12,1,1,1
443,3,1501,480,14,12,1,1,1
443,4,1476,542,13,12,1,1,1
443,5,1421,530,12,11,1,1,1
443,6,1321,546,12,11,1,1,1
443,7,1205,487,12,13,1,1,1
443,8,1139,504,11,11,1,1,1
443,9,1061,479,12,12,1,1,1
443,10,1148,558,13,11,1,1,1
443,11,1182,557,15,12,1,1,1
443,12,1246,479,15,14,1,1,1
443,13,1353,487,15,14,1,1,1
443,14,1461,452,16,14,1,1,1
443,15,1625,597,15,12,1,1,1
443,16,1727,508,17,13,1,1,1
444,1,1856,521,16,13,1,1,1
444,2,1718,571,14,12,1,1,1
444,3,1504,480,15,12,1,1,1
444,4,1479,544,11,12,1,1,1
444,5,1421,532,12,10,1,1,1
444,6,1323,548,11,10,1,1,1
444,7,1207,489,12,11,1,1,1
444,8,1140,505,13,10,1,1,1
444,9,1062,481,12,11,1,1,1
444,10,1148,561,14,11,1,1,1
444,11,1184,560,15,12,1,1,1
444,12,1247,482,15,12,1,1,1
444,13,1355,491,16,14,1,1,1
444,14,1464,454,16,15,1,1,1
444,15,1625,600,18,13,1,1,1
444,16,1728,511,18,14,1,1,1
445,1,1858,524,16,13,1,1,1
445,2,1718,575,16,11,1,1,1
445,3,1507,483,15,11,1,1,1
445,4,1479,547,13,11,1,1,1
445,5,1423,534,12,11,1,1,1
445,6,1325,550,11,11,1,1,1
445,7,1209,491,14,10,1,1,1
445,8,1143,505,12,12,1,1,1
445,9,1064,483,12,10,1,1,1
445,10,1151,564,13,11,1,1,1
445,11,1188,564,13,12,1,1,1
445,12,1249,484,15,13,1,1,1
445,13,1358,495,16,15,1,1,1
445,14,1467,458,16,15,1,1,1
445,15,1627,605,18,13,1,1,1
445,16,1729,515,18,14,1,1,1
446,1,1859,527,17,14,1,1,1
446,2,1721,578,13,11,1,1,1
446,3,1511,484,12,13,1,1,1
446,4,1482,550,12,11,1,1,1
446,5,1423,537,12,10,1,1,1
446,6,1326,553,11,10,1,1,1
446,7,1213,491,12,12,1,1,1
446,8,1146,506,10,12,1,1,1
446,9,1067,484,11,12,1,1,1
446,10,1153,567,13,11,1,1,1
446,11,1188,567,15,11,1,1,1
446,12,1251,487,14,14,1,1,1
446,13,1360,499,16,14,1,1,1
446,14,1471,461,15,14,1,1,1
446,15,1629,609,18,13,1,1,1
446,16,1730,518,18,14,1,1,1
447,1,1862,531,15,13,1,1,1
447,2,1724,582,14,11,1,1,1
447,3,1514,486,12,13,1,1,1
447,4,1484,553,11,10,1,1,1
447,5,1424,539,11,10,1,1,1
447,6,1328,555,11,11,1,1,1
447,7,1214,494,13,9,1,1,1
447,8,1147,509,12,11,1,1,1
447,9,1068,487,11,10,1,1,1
447,10,1154,570,13,10,1,1,1
447,11,1191,571,12,11,1,1,1
447,12,1251,490,16,13,1,1,1
447,13,1362,503,16,15,1,1,1
447,14,1472,465,17,14,1,1,1
447,15,1632,614,18,12,1,1,1
447,16,1731,523,17,13,1,1,1
448,1,1862,534,17,13,1,1,1
448,2,1723,585,16,12,1,1,1
448,3,1518,488,11,12,1,1,1
448,4,1485,556,12,10,1,1,1
448,5,1423,541,13,10,1,1,1
448,6,1329,557,11,11,1,1,1
448,7,1217,494,11,11,1,1,1
448,8,1148,508,14,12,1,1,1
448,9,1070,488,11,11,1,1,1
448,10,1154,573,14,11,1,1,1
448,11,1194,573,12,12,1,1,1
448,12,1252,493,16,14,1,1,1
448,13,1365,508,15,13,1,1,1
448,14,1475,468,17,15,1,1,1
448,15,1634,618,18,12,1,1,1
448,16,1732,527,17,13,1,1,1
449,1,1864,537,18,13,1,1,1
449,2,1725,589,16,12,1,1,1
449,3,1520,491,13,11,1,1,1
449,4,1487,559,11,10,1,1,1
449,5,1425,544,11,10,1,1,1
449,6,1331,560,11,11,1,1,1
449,7,1219,496,13,11,1,1,1
449,8,1153,511,9,10,1,1,1
449,9,1071,490,12,11,1,1,1
449,10,1156,577,13,11,1,1,1
449,11,1195,577,15,11,1,1,1
449,12,1254,497,15,12,1,1,1
449,13,1367,513,16,13,1,1,1
449,14,1478,473,17,14,1,1,1
449,15,1637,623,18,13,1,1,1
449,16,1732,531,18,13,1,1,1
450,1,1865,539,18,13,1,1,1
450,2,1726,591,15,12,1,1,1
450,3,1520,492,15,12,1,1,1
450,4,1486,560,14,11,1,1,1
450,5,1424,545,13,11,1,1,1
450,6,1331,562,12,10,1,1,1
450,7,1221,498,12,10,1,1,1
450,8,1152,511,12,12,1,1,1
450,9,1073,491,11,11,1,1,1
450,10,1158,578,13,12,1,1,1
450,11,1196,579,15,12,1,1,1
450,12,1254,499,15,12,1,1,1
450,13,1368,515,16,15,1,1,1
450,14,1481,475,15,15,1,1,1
450,15,1638,626,18,12,1,1,1
450,16,1733,534,18,12,1,1,1
451,1,1868,542,16,12,1,1,1
451,2,1728,594,15,12,1,1,1
451,3,1523,495,15,10,1,1,1
451,4,1489,563,11,10,1,1,1
451,5,1425,547,12,11,1,1,1
451,6,1332,564,12,10,1,1,1
451,7,1222,499,13,10,1,1,1
451,8,1154,512,13,12,1,1,1
451,9,1074,492,12,12,1,1,1
451,10,1159,581,13,11,1,1,1
451,11,1198,582,14,11,1,1,1
451,12,1255,502,15,13,1,1,1
451,13,1370,519,16,14,1,1,1
451,14,1482,478,16,14,1,1,1
451,15,1640,630,18,12,1,1,1
451,16,1733,537,18,13,1,1,1
452,1,1869,545,14,11,1,1,1
452,2,1728,596,16,11,1,1,1
452,3,1526,496,12,11,1,1,1
452,4,1488,564,14,11,1,1,1
452,5,1425,549,11,9,1,1,1
452,6,1334,565,10,10,1,1,1
452,7,1223,499,12,11,1,1,1
452,8,1155,514,13,11,1,1,1
452,9,1075,494,12,11,1,1,1
452,10,1160,583,12,11,1,1,1
452,11,1199,584,14,11,1,1,1
452,12,1257,503,14,12,1,1,1
452,13,1371,522,16,14,1,1,1
452,14,1483,481,17,15,1,1,1
452,15,1643,633,15,12,1,1,1
452,16,1733,540,18,14,1,1,1
453,1,1871,550,14,12,1,1,1
453,2,1731,601,14,11,1,1,1
453,3,1531,498,11,12,1,1,1
453,4,1490,568,14,11,1,1,1
453,5,1425,552,13,10,1,1,1
453,6,1334,569,13,9,1,1,1
453,7,1226,502,13,11,1,1,1
453,8,1160,516,12,11,1,1,1
453,9,1077,497,12,12,1,1,1
453,10,1162,587,12,12,1,1,1
453,11,1203,589,12,11,1,1,1
453,12,1258,509,14,13,1,1,1
453,13,1374,529,16,13,1,1,1
453,14,1486,487,17,14,1,1,1
453,15,1644,639,18,13,1,1,1
453,16,1734,547,17,13,1,1,1
454,1,1873,554,15,13,1,1,1
454,2,1732,605,14,12,1,1,1
454,3,1533,503,15,10,1,1,1
454,4,1492,572,13,11,1,1,1
454,5,1426,556,12,9,1,1,1
454,6,1337,572,11,11,1,1,1
454,7,1229,504,12,11,1,1,1
454,8,1163,519,12,10,1,1,1
454,9,1079,501,12,11,1,1,1
454,10,1162,591,14,11,1,1,1
454,11,1204,593,14,12,1,1,1
454,12,1259,514,14,13,1,1,1
454,13,1377,536,15,14,1,1,1
454,14,1489,493,17,13,1,1,1
454,15,1647,645,19,13,1,1,1
454,16,1736,553,15,13,1,1,1
455,1,1874,557,15,13,1,1,1
455,2,1733,608,14,12,1,1,1
455,3,1536,504,12,11,1,1,1
455,4,1493,574,12,10,1,1,1
455,5,1426,558,12,10,1,1,1
455,6,1339,574,11,10,1,1,1
455,7,1231,505,12,12,1,1,1
455,8,1163,520,12,10,1,1,1
455,9,1080,502,12,11,1,1,1
455,10,1164,594,11,11,1,1,1
455,11,1207,595,12,12,1,1,1
455,12,1258,516,16,13,1,1,1
455,13,1378,539,16,14,1,1,1
455,14,1490,496,17,14,1,1,1
455,15,1651,648,16,13,1,1,1
455,16,1735,556,16,12,1,1,1
456,1,1874,560,16,13,1,1,1
456,2,1733,610,14,12,1,1,1
456,3,1537,506,15,11,1,1,1
456,4,1495,576,12,12,1,1,1
456,5,1426,560,12,10,1,1,1
456,6,1339,576,11,11,1,1,1
456,7,1233,508,12,11,1,1,1
456,8,1165,521,13,11,1,1,1
456,9,1082,504,12,11,1,1,1
456,10,1164,596,13,12,1,1,1
456,11,1208,598,12,11,1,1,1
456,12,1259,520,15,13,1,1,1
456,13,1380,543,15,13,1,1,1
456,14,1492,500,17,13,1,1,1
456,15,1652,652,16,13,1,1,1
456,16,1735,560,15,12,1,1,1
457,1,1874,563,17,12,1,1,1
457,2,1735,613,13,12,1,1,1
457,3,1541,508,13,12,1,1,1
457,4,1496,579,11,10,1,1,1
457,5,1427,562,12,9,1,1,1
457,6,1339,579,13,10,1,1,1
457,7,1235,509,12,11,1,1,1
457,8,1167,523,11,10,1,1,1
457,9,1083,506,12,11,1,1,1
457,10,1165,598,13,12,1,1,1
457,11,1209,600,13,13,1,1,1
457,12,1260,523,15,12,1,1,1
457,13,1381,548,15,13,1,1,1
457,14,1493,504,18,14,1,1,1
457,15,1654,656,16,13,1,1,1
457,16,1733,563,19,13,1,1,1
458,1,1876,567,16,13,1,1,1
458,2,1734,616,15,11,1,1,1
458,3,1543,512,14,11,1,1,1
458,4,1496,582,12,11,1,1,1
458,5,1428,564,11,10,1,1,1
458,6,1341,581,11,11,1,1,1
458,7,1237,511,12,11,1,1,1
458,8,1169,525,12,10,1,1,1
458,9,1084,509,12,11,1,1,1
458,10,1166,601,12,12,1,1,1
458,11,1211,603,12,12,1,1,1
458,12,1260,527,15,13,1,1,1
458,13,1382,553,16,12,1,1,1
458,14,1495,508,17,15,1,1,1
458,15,1654,660,16,13,1,1,1
458,16,1733,568,17,12,1,1,1
459,1,1876,571,16,12,1,1,1
459,2,1734,619,15,10,1,1,1
459,3,1545,513,15,12,1,1,1
459,4,1497,583,12,11,1,1,1
459,5,1427,567,11,10,1,1,1
459,6,1341,584,13,9,1,1,1
459,7,1238,513,12,10,1,1,1
459,8,1172,526,12,11,1,1,1
459,9,1085,512,13,9,1,1,1
459,10,1166,604,13,11,1,1,1
459,11,1211,607,12,10,1,1,1
459,12,1261,530,15,12,1,1,1
459,13,1385,557,14,12,1,1,1
459,14,1496,513,17,13,1,1,1
459,15,1655,664,17,13,1,1,1
459,16,1733,571,18,13,1,1,1
460,1,1877,573,16,12,1,1,1
460,2,1734,620,15,11,1,1,1
460,3,1547,516,14,11,1,1,1
460,4,1498,585,11,11,1,1,1
460,5,1428,568,11,11,1,1,1
460,6,1343,585,12,11,1,1,1
460,7,1241,514,11,11,1,1,1
460,8,1172,528,13,10,1,1,1
460,9,1087,513,11,11,1,1,1
460,10,1167,606,12,12,1,1,1
460,11,1211,608,13,12,1,1,1
460,12,1262,532,14,13,1,1,1
460,13,1384,560,16,12,1,1,1
460,14,1497,515,17,13,1,1,1
460,15,1656,666,18,13,1,1,1
460,16,1732,574,19,12,1,1,1
461,1,1877,576,17,12,1,1,1
461,2,1736,622,13,11,1,1,1
461,3,1550,517,14,12,1,1,1
461,4,1498,587,11,12,1,1,1
461,5,1428,570,11,11,1,1,1
461,6,1344,587,12,11,1,1,1
461,7,1242,515,11,12,1,1,1
461,8,1176,529,10,11,1,1,1
461,9,1088,515,11,11,1,1,1
461,10,1167,607,12,11,1,1,1
461,11,1212,609,13,13,1,1,1
461,12,1261,536,15,12,1,1,1
461,13,1386,564,15,12,1,1,1
461,14,1498,519,18,14,1,1,1
461,15,1658,669,17,13,1,1,1
461,16,1732,578,18,11,1,1,1
462,1,1879,579,15,12,1,1,1
462,2,1734,624,13,12,1,1,1
462,3,1553,521,13,11,1,1,1
462,4,1499,590,12,10,1,1,1
462,5,1427,573,12,10,1,1,1
462,6,1346,590,11,9,1,1,1
462,7,1244,518,11,11,1,1,1
462,8,1177,531,12,10,1,1,1
462,9,1089,518,12,10,1,1,1
462,10,1167,610,12,11,1,1,1
462,11,1213,613,12,11,1,1,1
462,12,1261,540,15,12,1,1,1
462,13,1387,569,15,12,1,1,1
462,14,1499,524,18,13,1,1,1
462,15,1659,673,17,14,1,1,1
462,16,1734,582,16,12,1,1,1
463,1,1878,583,17,12,1,1,1
463,2,1733,626,15,12,1,1,1
463,3,1555,523,14,11,1,1,1
463,4,1499,593,12,10,1,1,1
463,5,1428,575,11,10,1,1,1
463,6,1346,592,12,11,1,1,1
463,7,1246,520,10,11,1,1,1
463,8,1179,533,11,11,1,1,1
463,9,1090,520,11,11,1,1,1
463,10,1167,612,11,12,1,1,1
463,11,1213,614,13,13,1,1,1
463,12,1263,543,14,13,1,1,1
463,13,1388,573,15,12,1,1,1
463,14,1500,528,18,14,1,1,1
463,15,1661,676,15,14,1,1,1
463,16,1731,586,18,13,1,1,1
464,1,1879,585,16,11,1,1,1
464,2,1735,628,13,12,1,1,1
464,3,1557,525,11,11,1,1,1
464,4,1499,594,13,11,1,1,1
464,5,1428,576,12,11,1,1,1
464,6,1347,594,11,11,1,1,1
464,7,1246,521,12,12,1,1,1
464,8,1180,534,12,12,1,1,1
464,9,1091,522,11,10,1,1,1
464,10,1166,613,13,12,1,1,1
464,11,1213,617,13,11,1,1,1
464,12,1263,546,14,12,1,1,1
464,13,1388,576,16,12,1,1,1
464,14,1501,531,17,13,1,1,1
464,15,1663,679,14,14,1,1,1
464,16,1731,589,18,12,1,1,1
465,1,1880,588,15,13,1,1,1
465,2,1732,631,14,12,1,1,1
465,3,1560,528,13,11,1,1,1
465,4,1500,597,12,10,1,1,1
465,5,1428,579,12,9,1,1,1
465,6,1347,596,12,10,1,1,1
465,7,1247,524,13,10,1,1,1
465,8,1182,536,12,11,1,1,1
465,9,1091,525,12,9,1,1,1
465,10,1167,616,11,10,1,1,1
465,11,1213,618,14,12,1,1,1
465,12,1262,550,14,10,1,1,1
465,13,1390,581,15,12,1,1,1
465,14,1503,536,16,14,1,1,1
465,15,1663,682,15,14,1,1,1
465,16,1730,593,18,13,1,1,1
466,1,1880,591,16,13,1,1,1
466,2,1731,632,14,13,1,1,1
466,3,1562,531,14,11,1,1,1
466,4,1499,599,14,10,1,1,1
466,5,1428,581,11,10,1,1,1
466,6,1348,599,11,10,1,1,1
466,7,1250,526,12,10,1,1,1
466,8,1184,539,11,11,1,1,1
466,9,1092,527,12,11,1,1,1
466,10,1166,618,12,12,1,1,1
466,11,1215,621,12,12,1,1,1
466,12,1264,554,12,11,1,1,1
466,13,1390,585,16,13,1,1,1
466,14,1503,540,17,14,1,1,1
466,15,1663,685,15,14,1,1,1
466,16,1729,597,17,13,1,1,1
467,1,1881,595,14,12,1,1,1
467,2,1731,634,13,13,1,1,1
467,3,1563,534,14,12,1,1,1
467,4,1501,602,12,11,1,1,1
467,5,1429,584,12,9,1,1,1
467,6,1349,602,11,9,1,1,1
467,7,1252,528,12,11,1,1,1
467,8,1185,542,13,10,1,1,1
467,9,1094,530,12,10,1,1,1
467,10,1166,620,12,12,1,1,1
467,11,1213,623,13,11,1,1,1
467,12,1262,558,15,10,1,1,1
467,13,1392,591,15,13,1,1,1
467,14,1503,546,18,13,1,1,1
467,15,1663,689,15,14,1,1,1
467,16,1728,602,19,12,1,1,1
468,1,1879,597,17,13,1,1,1
468,2,1731,636,13,12,1,1,1
468,3,1565,536,14,11,1,1,1
468,4,1501,603,12,12,1,1,1
468,5,1428,586,13,10,1,1,1
468,6,1349,603,12,11,1,1,1
468,7,1252,530,12,11,1,1,1
468,8,1186,543,12,10,1,1,1
468,9,1094,532,12,11,1,1,1
468,10,1165,622,11,10,1,1,1
468,11,1214,625,12,11,1,1,1
468,12,1264,561,13,11,1,1,1
468,13,1392,594,16,13,1,1,1
468,14,1505,549,16,14,1,1,1
468,15,1664,692,14,13,1,1,1
468,16,1728,605,18,13,1,1,1
469,1,1881,603,14,11,1,1,1
469,2,1728,638,14,13,1,1,1
469,3,1568,540,14,11,1,1,1
469,4,1500,606,13,12,1,1,1
469,5,1428,589,13,10,1,1,1
469,6,1350,606,11,10,1,1,1
469,7,1254,534,12,9,1,1,1
469,8,1188,547,13,10,1,1,1
469,9,1096,536,12,10,1,1,1
469,10,1163,624,13,11,1,1,1
469,11,1213,627,12,13,1,1,1
469,12,1262,566,15,11,1,1,1
469,13,1395,600,14,13,1,1,1
469,14,1504,555,18,14,1,1,1
469,15,1664,695,13,14,1,1,1
469,16,1727,610,18,13,1,1,1
470,1,1880,606,15,13,1,1,1
470,2,1726,640,14,13,1,1,1
470,3,1571,544,14,11,1,1,1
470,4,1499,609,13,10,1,1,1
470,5,1429,592,12,10,1,1,1
470,6,1350,609,11,10,1,1,1
470,7,1256,536,12,11,1,1,1
470,8,1190,549,13,11,1,1,1
470,9,1096,539,13,11,1,1,1
470,10,1162,627,12,10,1,1,1
470,11,1212,629,13,12,1,1,1
470,12,1262,570,15,11,1,1,1
470,13,1394,606,16,11,1,1,1
470,14,1505,561,18,13,1,1,1
470,15,1662,698,14,14,1,1,1
470,16,1726,615,18,13,1,1,1
471,1,1877,609,18,13,1,1,1
471,2,1723,642,15,12,1,1,1
471,3,1575,547,11,12,1,1,1
471,4,1499,611,13,11,1,1,1
471,5,1430,594,10,11,1,1,1
471,6,1350,610,13,12,1,1,1
471,7,1259,539,12,10,1,1,1
471,8,1193,552,12,10,1,1,1
471,9,1097,542,13,10,1,1,1
471,10,1162,629,12,11,1,1,1
471,11,1211,631,13,13,1,1,1
471,12,1263,574,13,12,1,1,1
471,13,1395,610,16,13,1,1,1
471,14,1505,566,18,12,1,1,1
471,15,1661,701,16,15,1,1,1
471,16,1725,619,18,12,1,1,1
472,1,1876,613,18,12,1,1,1
472,2,1721,644,13,11,1,1,1
472,3,1576,551,14,11,1,1,1
472,4,1498,613,14,11,1,1,1
472,5,1430,597,12,10,1,1,1
472,6,1352,612,11,11,1,1,1
472,7,1261,542,11,11,1,1,1
472,8,1195,555,12,10,1,1,1
472,9,1098,546,12,9,1,1,1
472,10,1159,631,13,11,1,1,1
472,11,1210,633,13,12,1,1,1
472,12,1263,579,14,11,1,1,1
472,13,1395,616,16,12,1,1,1
472,14,1505,572,18,13,1,1,1
472,15,1661,705,15,14,1,1,1
472,16,1724,624,17,13,1,1,1
473,1,1876,616,17,12,1,1,1
473,2,1720,645,13,11,1,1,1
473,3,1580,554,14,11,1,1,1
473,4,1499,615,12,11,1,1,1
473,5,1431,599,9,10,1,1,1
473,6,1352,614,10,11,1,1,1
473,7,1261,544,13,11,1,1,1
473,8,1195,557,12,11,1,1,1
473,9,1100,548,12,11,1,1,1
473,10,1158,633,13,11,1,1,1
473,11,1207,635,14,12,1,1,1
473,12,1263,582,14,12,1,1,1
473,13,1396,619,16,12,1,1,1
473,14,1505,576,18,12,1,1,1
473,15,1658,707,17,15,1,1,1
473,16,1725,627,16,13,1,1,1
474,1,1875,618,18,13,1,1,1
474,2,1718,646,13,12,1,1,1
474,3,1580,556,14,11,1,1,1
474,4,1498,617,12,10,1,1,1
474,5,1429,601,13,10,1,1,1
474,6,1352,616,10,10,1,1,1
474,7,1264,546,11,10,1,1,1
474,8,1198,559,11,10,1,1,1
474,9,1101,550,11,11,1,1,1
474,10,1159,634,12,12,1,1,1
474,11,1208,636,12,12,1,1,1
474,12,1263,585,12,12,1,1,1
474,13,1396,622,16,13,1,1,1
474,14,1505,579,18,12,1,1,1
474,15,1660,709,14,14,1,1,1
474,16,1722,630,18,13,1,1,1
475,1,1874,621,18,13,1,1,1
475,2,1715,648,14,12,1,1,1
475,3,1582,559,15,11,1,1,1
475,4,1498,619,12,11,1,1,1
475,5,1430,603,12,11,1,1,1
475,6,1351,618,11,10,1,1,1
475,7,1263,548,13,11,1,1,1
475,8,1198,561,13,11,1,1,1
475,9,1100,553,12,11,1,1,1
475,10,1157,636,13,13,1,1,1
475,11,1205,637,14,13,1,1,1
475,12,1263,588,13,12,1,1,1
475,13,1397,626,16,13,1,1,1
475,14,1507,583,16,13,1,1,1
475,15,1656,711,17,13,1,1,1
475,16,1721,633,18,14,1,1,1
476,1,1873,623,18,14,1,1,1
476,2,1714,649,12,11,1,1,1
476,3,1585,563,14,11,1,1,1
476,4,1496,621,13,12,1,1,1
476,5,1429,605,12,11,1,1,1
476,6,1351,619,12,11,1,1,1
476,7,1266,552,11,10,1,1,1
476,8,1199,564,13,11,1,1,1
476,9,1102,556,11,10,1,1,1
476,10,1156,639,12,11,1,1,1
476,11,1203,639,14,13,1,1,1
476,12,1263,592,13,12,1,1,1
476,13,1398,630,15,14,1,1,1
476,14,1506,588,17,14,1,1,1
476,15,1653,714,18,14,1,1,1
476,16,1722,638,15,13,1,1,1
477,1,1871,626,18,13,1,1,1
477,2,1710,650,14,13,1,1,1
477,3,1588,565,12,12,1,1,1
477,4,1495,623,13,12,1,1,1
477,5,1429,608,13,9,1,1,1
477,6,1351,621,10,11,1,1,1
477,7,1266,554,12,10,1,1,1
477,8,1201,566,13,11,1,1,1
477,9,1102,559,12,10,1,1,1
477,10,1155,641,12,12,1,1,1
477,11,1203,641,12,12,1,1,1
477,12,1261,596,15,12,1,1,1
477,13,1398,634,15,12,1,1,1
477,14,1505,593,18,13,1,1,1
477,15,1652,717,17,13,1,1,1
477,16,1719,642,18,11,1,1,1
478,1,1870,628,18,13,1,1,1
478,2,1709,651,14,13,1,1,1
478,3,1589,568,15,11,1,1,1
478,4,1496,624,12,12,1,1,1
478,5,1431,609,12,10,1,1,1
478,6,1349,621,13,11,1,1,1
478,7,1267,556,12,10,1,1,1
478,8,1202,568,12,11,1,1,1
478,9,1103,561,11,10,1,1,1
478,10,1153,643,13,12,1,1,1
478,11,1201,642,13,13,1,1,1
478,12,1261,599,14,11,1,1,1
478,13,1398,637,15,12,1,1,1
478,14,1507,596,16,13,1,1,1
478,15,1650,718,17,14,1,1,1
478,16,1719,644,17,14,1,1,1
479,1,1869,630,17,13,1,1,1
479,2,1707,653,13,11,1,1,1
479,3,1592,570,12,11,1,1,1
479,4,1495,627,12,10,1,1,1
479,5,1431,611,12,10,1,1,1
479,6,1350,623,11,11,1,1,1
479,7,1268,558,12,10,1,1,1
479,8,1203,570,12,11,1,1,1
479,9,1103,563,12,9,1,1,1
479,10,1152,646,12,11,1,1,1
479,11,1200,643,13,12,1,1,1
479,12,1262,602,12,11,1,1,1
479,13,1398,640,15,14,1,1,1
479,14,1505,600,18,12,1,1,1
479,15,1648,720,18,14,1,1,1
479,16,1718,647,17,14,1,1,1
480,1,1868,631,17,12,1,1,1
480,2,1704,655,14,12,1,1,1
480,3,1592,573,15,11,1,1,1
480,4,1494,629,12,11,1,1,1
480,5,1430,613,12,9,1,1,1
480,6,1349,624,11,10,1,1,1
480,7,1269,559,13,11,1,1,1
480,8,1203,572,12,10,1,1,1
480,9,1104,565,11,11,1,1,1
480,10,1151,647,12,12,1,1,1
480,11,1199,645,12,13,1,1,1
480,12,1262,604,12,12,1,1,1
480,13,1398,643,15,14,1,1,1
480,14,1505,603,18,13,1,1,1
480,15,1648,722,16,12,1,1,1
480,16,1717,650,17,14,1,1,1
481,1,1868,633,16,12,1,1,1
481,2,1702,655,14,13,1,1,1
481,3,1593,575,16,11,1,1,1
481,4,1493,630,13,12,1,1,1
481,5,1432,614,11,9,1,1,1
481,6,1348,625,12,10,1,1,1
481,7,1271,562,11,10,1,1,1
481,8,1205,573,12,12,1,1,1
481,9,1103,567,12,9,1,1,1
481,10,1151,649,11,11,1,1,1
481,11,1197,647,13,12,1,1,1
481,12,1261,606,14,13,1,1,1
481,13,1398,646,15,13,1,1,1
481,14,1505,606,16,13,1,1,1
481,15,1645,723,17,14,1,1,1
481,16,1717,653,16,13,1,1,1
482,1,1866,634,16,13,1,1,1
482,2,1702,656,14,13,1,1,1
482,3,1596,577,14,11,1,1,1
482,4,1493,631,12,12,1,1,1
482,5,1431,615,10,11,1,1,1
482,6,1348,626,12,10,1,1,1
482,7,1272,563,11,11,1,1,1
482,8,1206,575,11,10,1,1,1
482,9,1104,569,12,10,1,1,1
482,10,1150,650,11,12,1,1,1
482,11,1197,647,12,12,1,1,1
482,12,1260,609,15,12,1,1,1
482,13,1399,649,15,13,1,1,1
482,14,1505,609,16,13,1,1,1
482,15,1644,725,17,14,1,1,1
482,16,1716,656,17,13,1,1,1
483,1,1863,637,17,13,1,1,1
483,2,1697,659,16,13,1,1,1
483,3,1598,581,15,11,1,1,1
483,4,1491,634,13,12,1,1,1
483,5,1431,618,12,10,1,1,1
483,6,1346,627,13,12,1,1,1
483,7,1273,566,12,11,1,1,1
483,8,1206,578,12,10,1,1,1
483,9,1106,572,11,10,1,1,1
483,10,1148,654,10,12,1,1,1
483,11,1194,650,13,12,1,1,1
483,12,1260,613,14,12,1,1,1
483,13,1398,653,16,14,1,1,1
483,14,1505,615,17,13,1,1,1
483,15,1641,728,17,14,1,1,1
483,16,1715,661,16,13,1,1,1
484,1,1861,640,15,13,1,1,1
484,2,1693,663,16,11,1,1,1
484,3,1603,586,11,10,1,1,1
484,4,1491,638,11,11,1,1,1
484,5,1431,621,12,10,1,1,1
484,6,1346,629,11,11,1,1,1
484,7,1273,570,12,10,1,1,1
484,8,1209,581,10,11,1,1,1
484,9,1105,576,12,9,1,1,1
484,10,1144,657,13,12,1,1,1
484,11,1192,653,12,13,1,1,1
484,12,1260,617,13,13,1,1,1
484,13,1397,659,16,13,1,1,1
484,14,1506,621,15,12,1,1,1
484,15,1638,732,16,13,1,1,1
484,16,1713,666,16,12,1,1,1
485,1,1858,643,15,13,1,1,1
485,2,1691,666,15,11,1,1,1
485,3,1603,590,15,10,1,1,1
485,4,1489,642,13,10,1,1,1
485,5,1431,624,10,10,1,1,1
485,6,1344,631,11,11,1,1,1
485,7,1277,573,9,10,1,1,1
485,8,1209,584,12,11,1,1,1
485,9,1106,579,12,11,1,1,1
485,10,1142,661,12,12,1,1,1
485,11,1189,657,13,12,1,1,1
485,12,1260,622,12,11,1,1,1
485,13,1396,664,17,15,1,1,1
485,14,1504,627,15,13,1,1,1
485,15,1634,736,16,14,1,1,1
485,16,1711,672,15,13,1,1,1
486,1,1855,645,17,14,1,1,1
486,2,1687,667,16,13,1,1,1
486,3,1605,593,16,10,1,1,1
486,4,1489,644,11,11,1,1,1
486,5,1431,625,12,11,1,1,1
486,6,1344,632,11,12,1,1,1
486,7,1276,576,13,10,1,1,1
486,8,1210,587,11,10,1,1,1
486,9,1107,582,13,11,1,1,1
486,10,1140,664,13,11,1,1,1
486,11,1188,659,12,13,1,1,1
486,12,1258,626,14,12,1,1,1
486,13,1395,667,15,15,1,1,1
486,14,1504,631,17,13,1,1,1
486,15,1633,739,14,14,1,1,1
486,16,1711,676,15,13,1,1,1
487,1,1854,648,13,14,1,1,1
487,2,1685,670,15,12,1,1,1
487,3,1610,597,13,11,1,1,1
487,4,1487,648,13,10,1,1,1
487,5,1431,627,11,11,1,1,1
487,6,1341,634,12,11,1,1,1
487,7,1278,579,13,11,1,1,1
487,8,1210,589,12,11,1,1,1
487,9,1107,586,13,9,1,1,1
487,10,1139,667,12,12,1,1,1
487,11,1184,663,13,11,1,1,1
487,12,1259,629,14,13,1,1,1
487,13,1394,672,17,15,1,1,1
487,14,1504,637,16,12,1,1,1
487,15,1629,743,15,14,1,1,1
487,16,1708,681,16,13,1,1,1
488,1,1850,650,17,14,1,1,1
488,2,1683,672,14,13,1,1,1
488,3,1611,600,13,11,1,1,1
488,4,1485,650,12,11,1,1,1
488,5,1431,629,11,11,1,1,1
488,6,1340,635,12,12,1,1,1
488,7,1278,582,13,10,1,1,1
488,8,1210,592,13,11,1,1,1
488,9,1109,588,11,11,1,1,1
488,10,1137,670,12,10,1,1,1
488,11,1183,665,13,12,1,1,1
488,12,1257,633,14,11,1,1,1
488,13,1393,676,16,14,1,1,1
488,14,1503,640,17,13,1,1,1
488,15,1626,746,16,14,1,1,1
488,16,1706,685,17,13,1,1,1
489,1,1848,654,14,13,1,1,1
489,2,1678,675,14,11,1,1,1
489,3,1612,603,14,11,1,1,1
489,4,1483,653,13,11,1,1,1
489,5,1430,631,11,11,1,1,1
489,6,1339,638,11,11,1,1,1
489,7,1281,585,11,10,1,1,1
489,8,1211,594,12,11,1,1,1
489,9,1109,591,11,11,1,1,1
489,10,1134,672,12,12,1,1,1
489,11,1179,668,14,12,1,1,1
489,12,1257,637,15,12,1,1,1
489,13,1391,679,17,14,1,1,1
489,14,1503,645,15,13,1,1,1
489,15,1622,750,16,13,1,1,1
489,16,1704,689,16,13,1,1,1
490,1,1844,655,16,14,1,1,1
490,2,1675,678,16,11,1,1,1
490,3,1613,605,15,12,1,1,1
490,4,1482,656,14,11,1,1,1
490,5,1429,633,12,11,1,1,1
490,6,1339,639,10,11,1,1,1
490,7,1280,587,14,10,1,1,1
490,8,1211,596,12,10,1,1,1
490,9,1109,594,12,11,1,1,1
490,10,1133,675,11,11,1,1,1
490,11,1177,670,15,12,1,1,1
490,12,1256,640,16,12,1,1,1
490,13,1390,683,16,13,1,1,1
490,14,1502,649,17,12,1,1,1
490,15,1620,753,15,13,1,1,1
490,16,1703,693,17,13,1,1,1
491,1,1844,660,15,11,1,1,1
491,2,1671,680,16,11,1,1,1
491,3,1617,608,13,12,1,1,1
491,4,1482,659,12,11,1,1,1
491,5,1429,635,11,10,1,1,1
491,6,1337,641,10,11,1,1,1
491,7,1282,590,12,10,1,1,1
491,8,1212,598,11,11,1,1,1
491,9,1109,597,12,11,1,1,1
491,10,1130,678,12,12,1,1,1
491,11,1176,673,13,13,1,1,1
491,12,1257,644,12,12,1,1,1
491,13,1388,686,17,14,1,1,1
491,14,1502,653,17,12,1,1,1
491,15,1618,758,15,13,1,1,1
491,16,1703,698,14,13,1,1,1
492,1,1840,661,17,13,1,1,1
492,2,1669,682,16,12,1,1,1
492,3,1617,611,14,11,1,1,1
492,4,1481,662,12,10,1,1,1
492,5,1428,637,11,10,1,1,1
492,6,1336,642,10,11,1,1,1
492,7,1285,592,9,10,1,1,1
492,8,1210,600,12,10,1,1,1
492,9,1111,600,11,11,1,1,1
492,10,1128,681,13,10,1,1,1
492,11,1173,675,13,12,1,1,1
492,12,1255,648,14,11,1,1,1
492,13,1386,689,17,13,1,1,1
492,14,1501,657,17,13,1,1,1
492,15,1615,761,15,13,1,1,1
492,16,1699,701,17,14,1,1,1
493,1,1838,665,16,13,1,1,1
493,2,1665,685,16,12,1,1,1
493,3,1619,614,14,12,1,1,1
493,4,1479,665,13,11,1,1,1
493,5,1427,638,12,12,1,1,1
493,6,1334,645,11,10,1,1,1
493,7,1285,595,11,11,1,1,1
493,8,1210,602,12,11,1,1,1
493,9,1110,603,13,11,1,1,1
493,10,1125,684,12,11,1,1,1
493,11,1170,679,13,11,1,1,1
493,12,1255,652,15,12,1,1,1
493,13,1384,693,17,14,1,1,1
493,14,1500,661,18,14,1,1,1
493,15,1609,765,17,12,1,1,1
493,16,1697,707,17,12,1,1,1
494,1,1834,669,15,11,1,1,1
494,2,1662,688,16,12,1,1,1
494,3,1620,616,14,12,1,1,1
494,4,1478,668,12,10,1,1,1
494,5,1426,640,12,11,1,1,1
494,6,1333,647,10,11,1,1,1
494,7,1285,598,11,11,1,1,1
494,8,1209,603,13,11,1,1,1
494,9,1111,606,12,9,1,1,1
494,10,1124,687,11,11,1,1,1
494,11,1169,682,13,12,1,1,1
494,12,1256,655,13,11,1,1,1
494,13,1382,696,17,14,1,1,1
494,14,1501,665,15,14,1,1,1
494,15,1606,768,18,14,1,1,1
494,16,1695,711,16,13,1,1,1
495,1,1831,671,16,13,1,1,1
495,2,1659,690,15,12,1,1,1
495,3,1622,619,13,11,1,1,1
495,4,1475,670,13,11,1,1,1
495,5,1426,642,11,10,1,1,1
495,6,1332,649,9,11,1,1,1
495,7,1287,601,13,10,1,1,1
495,8,1210,605,11,11,1,1,1
495,9,1114,608,11,11,1,1,1
495,10,1122,690,12,10,1,1,1
495,11,1165,685,13,12,1,1,1
495,12,1253,659,14,12,1,1,1
495,13,1380,700,16,13,1,1,1
495,14,1499,670,18,12,1,1,1
495,15,1603,772,16,13,1,1,1
495,16,1693,715,17,12,1,1,1
496,1,1831,674,15,13,1,1,1
496,2,1659,693,14,10,1,1,1
496,3,1622,621,12,12,1,1,1
496,4,1475,672,13,12,1,1,1
496,5,1426,643,11,10,1,1,1
496,6,1330,650,11,11,1,1,1
496,7,1288,603,11,10,1,1,1
496,8,1208,606,13,11,1,1,1
496,9,1112,611,12,10,1,1,1
496,10,1119,692,13,11,1,1,1
496,11,1164,687,13,10,1,1,1
496,12,1253,661,13,12,1,1,1
496,13,1379,703,15,14,1,1,1
496,14,1500,673,14,12,1,1,1
496,15,1600,775,16,12,1,1,1
496,16,1692,718,16,13,1,1,1
497,1,1826,677,17,13,1,1,1
497,2,1656,695,13,12,1,1,1
497,3,1623,623,13,11,1,1,1
497,4,1474,675,12,11,1,1,1
497,5,1424,644,11,11,1,1,1
497,6,1327,653,13,11,1,1,1
497,7,1289,605,10,11,1,1,1
497,8,1208,607,12,12,1,1,1
497,9,1112,613,13,11,1,1,1
497,10,1118,695,11,10,1,1,1
497,11,1162,690,12,11,1,1,1
497,12,1252,664,15,13,1,1,1
497,13,1377,706,15,14,1,1,1
497,14,1499,677,16,13,1,1,1
497,15,1597,778,18,12,1,1,1
497,16,1691,721,15,13,1,1,1
498,1,1824,679,16,13,1,1,1
498,2,1653,698,14,12,1,1,1
498,3,1623,625,12,11,1,1,1
498,4,1471,678,13,10,1,1,1
498,5,1422,646,12,10,1,1,1
498,6,1327,654,12,11,1,1,1
498,7,1289,607,12,11,1,1,1
498,8,1207,609,12,11,1,1,1
498,9,1114,615,11,12,1,1,1
498,10,1116,698,12,10,1,1,1
498,11,1158,692,15,12,1,1,1
498,12,1252,668,13,11,1,1,1
498,13,1375,709,15,14,1,1,1
498,14,1499,681,16,14,1,1,1
498,15,1594,781,18,14,1,1,1
498,16,1688,726,16,12,1,1,1
499,1,1822,681,18,13,1,1,1
499,2,1651,699,13,12,1,1,1
499,3,1623,626,12,12,1,1,1
499,4,1472,679,10,11,1,1,1
499,5,1422,647,12,10,1,1,1
499,6,1326,656,12,11,1,1,1
499,7,1289,609,13,11,1,1,1
499,8,1206,610,12,11,1,1,1
499,9,1114,616,12,11,1,1,1
499,10,1115,699,11,11,1,1,1
499,11,1157,694,13,12,1,1,1
499,12,1252,669,13,12,1,1,1
499,13,1374,711,15,14,1,1,1
499,14,1496,683,18,14,1,1,1
499,15,1592,783,16,12,1,1,1
499,16,1685,727,18,13,1,1,1
500,1,1820,685,17,12,1,1,1
500,2,1649,703,12,11,1,1,1
500,3,1623,629,13,12,1,1,1
500,4,1471,682,10,11,1,1,1
500,5,1422,648,10,11,1,1,1
500,6,1325,658,12,11,1,1,1
500,7,1291,611,10,11,1,1,1
500,8,1205,612,12,11,1,1,1
500,9,1114,619,12,11,1,1,1
500,10,1112,702,12,11,1,1,1
500,11,1156,697,13,12,1,1,1
500,12,1250,672,13,13,1,1,1
500,13,1372,715,14,14,1,1,1
500,14,1497,687,16,13,1,1,1
500,15,1590,787,15,13,1,1,1
500,16,1683,731,17,13,1,1,1
501,1,1816,688,16,13,1,1,1
501,2,1643,706,15,10,1,1,1
501,3,1623,630,13,13,1,1,1
501,4,1467,686,13,10,1,1,1
501,5,1420,650,12,10,1,1,1
501,6,1323,661,11,9,1,1,1
501,7,1291,614,13,11,1,1,1
501,8,1204,614,12,11,1,1,1
501,9,1114,623,12,11,1,1,1
501,10,1109,706,12,11,1,1,1
501,11,1153,701,12,12,1,1,1
501,12,1249,677,13,13,1,1,1
501,13,1368,719,15,14,1,1,1
501,14,1495,693,17,14,1,1,1
501,15,1585,791,17,13,1,1,1
501,16,1680,736,17,13,1,1,1
502,1,1814,692,16,14,1,1,1
502,2,1639,710,15,11,1,1,1
502,3,1622,633,13,12,1,1,1
502,4,1466,690,13,10,1,1,1
502,5,1418,652,12,10,1,1,1
502,6,1320,664,12,10,1,1,1
502,7,1293,617,12,11,1,1,1
502,8,1203,617,11,10,1,1,1
502,9,1115,625,11,11,1,1,1
502,10,1106,710,12,11,1,1,1
502,11,1148,705,14,11,1,1,1
502,12,1248,682,13,13,1,1,1
502,13,1364,725,16,14,1,1,1
502,14,1493,699,16,14,1,1,1
502,15,1580,796,16,13,1,1,1
502,16,1676,741,17,13,1,1,1
503,1,1812,697,15,12,1,1,1
503,2,1636,713,15,11,1,1,1
503,3,1621,635,13,13,1,1,1
503,4,1464,693,14,11,1,1,1
503,5,1415,653,13,11,1,1,1
503,6,1318,666,13,10,1,1,1
503,7,1294,619,12,11,1,1,1
503,8,1201,618,12,11,1,1,1
503,9,1114,628,13,11,1,1,1
503,10,1105,713,11,10,1,1,1
503,11,1147,709,11,11,1,1,1
503,12,1246,685,14,12,1,1,1
503,13,1363,729,13,14,1,1,1
503,14,1492,704,17,12,1,1,1
503,15,1579,800,15,13,1,1,1
503,16,1675,745,14,13,1,1,1
504,1,1808,700,14,13,1,1,1
504,2,1633,717,14,12,1,1,1
504,3,1621,638,12,12,1,1,1
504,4,1463,697,13,10,1,1,1
504,5,1415,655,11,11,1,1,1
504,6,1317,669,11,10,1,1,1
504,7,1295,622,12,11,1,1,1
504,8,1201,621,9,11,1,1,1
504,9,1116,631,10,12,1,1,1
504,10,1101,717,12,11,1,1,1
504,11,1144,713,11,11,1,1,1
504,12,1245,691,14,12,1,1,1
504,13,1359,734,15,14,1,1,1
504,14,1490,709,17,14,1,1,1
504,15,1572,804,18,13,1,1,1
504,16,1670,750,17,13,1,1,1
505,1,1806,704,15,12,1,1,1
505,2,1632,720,14,12,1,1,1
505,3,1619,640,15,11,1,1,1
505,4,1461,699,13,11,1,1,1
505,5,1412,657,14,10,1,1,1
505,6,1316,671,10,10,1,1,1
505,7,1295,624,12,10,1,1,1
505,8,1199,622,11,11,1,1,1
505,9,1116,633,10,12,1,1,1
505,10,1100,719,12,12,1,1,1
505,11,1140,715,14,12,1,1,1
505,12,1245,693,13,13,1,1,1
505,13,1355,737,15,14,1,1,1
505,14,1491,713,15,13,1,1,1
505,15,1569,808,17,13,1,1,1
505,16,1670,754,14,12,1,1,1
506,1,1802,706,16,13,1,1,1
506,2,1628,722,16,10,1,1,1
506,3,1618,641,15,12,1,1,1
506,4,1461,702,13,10,1,1,1
506,5,1412,658,12,11,1,1,1
506,6,1314,672,10,10,1,1,1
506,7,1294,626,12,11,1,1,1
506,8,1197,625,12,11,1,1,1
506,9,1115,635,12,11,1,1,1
506,10,1098,722,13,11,1,1,1
506,11,1139,718,13,12,1,1,1
506,12,1244,696,12,12,1,1,1
506,13,1353,740,15,13,1,1,1
506,14,1488,716,17,14,1,1,1
506,15,1568,810,15,13,1,1,1
506,16,1667,757,14,12,1,1,1
507,1,1800,709,17,13,1,1,1
507,2,1626,724,14,12,1,1,1
507,3,1619,642,13,11,1,1,1
507,4,1460,704,13,10,1,1,1
507,5,1412,660,10,9,1,1,1
507,6,1313,673,11,11,1,1,1
507,7,1296,627,11,11,1,1,1
507,8,1197,625,11,11,1,1,1
507,9,1114,637,12,10,1,1,1
507,10,1097,724,11,10,1,1,1
507,11,1137,720,13,12,1,1,1
507,12,1243,699,12,12,1,1,1
507,13,1350,744,17,13,1,1,1
507,14,1487,719,16,14,1,1,1
507,15,1564,813,17,12,1,1,1
507,16,1665,760,13,12,1,1,1
508,1,1797,712,14,12,1,1,1
508,2,1625,728,14,11,1,1,1
508,3,1617,644,13,11,1,1,1
508,4,1459,706,11,12,1,1,1
508,5,1410,662,11,10,1,1,1
508,6,1311,676,11,11,1,1,1
508,7,1296,629,11,10,1,1,1
508,8,1196,628,11,11,1,1,1
508,9,1115,639,12,11,1,1,1
508,10,1095,727,11,11,1,1,1
508,11,1135,724,12,11,1,1,1
508,12,1240,703,14,12,1,1,1
508,13,1347,747,17,14,1,1,1
508,14,1485,723,16,14,1,1,1
508,15,1563,817,14,12,1,1,1
508,16,1662,764,13,12,1,1,1
509,1,1798,715,12,12,1,1,1
509,2,1623,730,12,12,1,1,1
509,3,1616,645,13,12,1,1,1
509,4,1457,709,12,10,1,1,1
509,5,1407,664,12,10,1,1,1
509,6,1311,678,10,10,1,1,1
509,7,1296,631,11,11,1,1,1
509,8,1195,629,10,11,1,1,1
509,9,1115,641,11,10,1,1,1
509,10,1093,730,12,11,1,1,1
509,11,1132,726,13,12,1,1,1
509,12,1240,707,13,11,1,1,1
509,13,1345,751,16,13,1,1,1
509,14,1484,727,15,12,1,1,1
509,15,1558,820,16,12,1,1,1
509,16,1658,767,16,12,1,1,1
510,1,1792,719,17,12,1,1,1
510,2,1619,733,13,12,1,1,1
510,3,1614,647,12,10,1,1,1
510,4,1456,712,11,10,1,1,1
510,5,1407,665,12,10,1,1,1
510,6,1308,681,12,10,1,1,1
510,7,1295,633,11,10,1,1,1
510,8,1194,632,10,10,1,1,1
510,9,1114,643,12,11,1,1,1
510,10,1091,733,12,11,1,1,1
510,11,1130,730,12,10,1,1,1
510,12,1238,711,15,12,1,1,1
510,13,1341,754,17,14,1,1,1
510,14,1483,731,14,13,1,1,1
510,15,1556,824,15,13,1,1,1
510,16,1655,771,16,12,1,1,1
511,1,1788,724,18,13,1,1,1
511,2,1615,737,15,12,1,1,1
511,3,1610,648,15,12,1,1,1
511,4,1454,716,12,11,1,1,1
511,5,1404,668,11,11,1,1,1
511,6,1307,684,10,10,1,1,1
511,7,1294,635,12,11,1,1,1
511,8,1191,634,12,12,1,1,1
511,9,1113,646,11,10,1,1,1
511,10,1087,736,14,12,1,1,1
511,11,1127,734,12,12,1,1,1
511,12,1237,716,13,13,1,1,1
511,13,1337,760,17,13,1,1,1
511,14,1480,736,14,14,1,1,1
511,15,1551,829,14,13,1,1,1
511,16,1651,776,16,12,1,1,1
512,1,1784,730,18,12,1,1,1
512,2,1612,742,14,11,1,1,1
512,3,1608,650,14,11,1,1,1
512,4,1452,720,13,11,1,1,1
512,5,1402,671,12,10,1,1,1
512,6,1304,687,11,11,1,1,1
512,7,1295,638,10,11,1,1,1
512,8,1189,638,11,11,1,1,1
512,9,1112,649,11,11,1,1,1
512,10,1085,741,11,11,1,1,1
512,11,1123,739,13,11,1,1,1
512,12,1235,722,13,13,1,1,1
512,13,1332,765,17,14,1,1,1
512,14,1476,742,16,13,1,1,1
512,15,1546,834,15,13,1,1,1
512,16,1647,782,14,11,1,1,1
513,1,1781,735,15,11,1,1,1
513,2,1609,746,13,11,1,1,1
513,3,1605,652,14,11,1,1,1
513,4,1451,724,10,9,1,1,1
513,5,1401,674,10,10,1,1,1
513,6,1302,690,12,11,1,1,1
513,7,1294,640,11,11,1,1,1
513,8,1186,641,11,11,1,1,1
513,9,1110,652,12,11,1,1,1
513,10,1082,745,12,11,1,1,1
513,11,1119,743,13,12,1,1,1
513,12,1233,728,13,11,1,1,1
513,13,1328,771,16,13,1,1,1
513,14,1474,747,15,13,1,1,1
513,15,1542,839,14,13,1,1,1
513,16,1642,787,15,12,1,1,1
514,1,1778,738,18,12,1,1,1
514,2,1607,749,12,11,1,1,1
514,3,1604,654,12,12,1,1,1
514,4,1450,726,11,12,1,1,1
514,5,1398,676,11,10,1,1,1
514,6,1300,693,11,10,1,1,1
514,7,1293,642,12,11,1,1,1
514,8,1185,642,11,12,1,1,1
514,9,1110,653,11,11,1,1,1
514,10,1081,747,13,11,1,1,1
514,11,1117,746,13,12,1,1,1
514,12,1230,731,16,12,1,1,1
514,13,1326,774,14,13,1,1,1
514,14,1470,750,16,14,1,1,1
514,15,1538,842,15,13,1,1,1
514,16,1640,790,14,12,1,1,1
515,1,1777,740,17,11,1,1,1
515,2,1604,750,14,12,1,1,1
515,3,1603,654,13,11,1,1,1
515,4,1449,728,13,11,1,1,1
515,5,1397,677,12,11,1,1,1
515,6,1299,694,11,11,1,1,1
515,7,1292,642,12,11,1,1,1
515,8,1184,644,12,10,1,1,1
515,9,1109,654,11,11,1,1,1
515,10,1079,749,12,10,1,1,1
515,11,1116,748,12,10,1,1,1
515,12,1229,732,16,13,1,1,1
515,13,1323,776,16,14,1,1,1
515,14,1469,753,16,13,1,1,1
515,15,1537,845,15,12,1,1,1
515,16,1638,792,15,12,1,1,1
516,1,1776,742,17,12,1,1,1
516,2,1604,752,12,12,1,1,1
516,3,1601,656,12,12,1,1,1
516,4,1448,730,13,11,1,1,1
516,5,1396,679,12,10,1,1,1
516,6,1298,696,11,10,1,1,1
516,7,1292,643,11,11,1,1,1
516,8,1183,646,12,10,1,1,1
516,9,1107,655,13,11,1,1,1
516,10,1077,751,13,11,1,1,1
516,11,1114,750,13,11,1,1,1
516,12,1228,736,16,10,1,1,1
516,13,1320,779,17,13,1,1,1
516,14,1469,755,14,14,1,1,1
516,15,1534,847,15,13,1,1,1
516,16,1635,795,15,12,1,1,1
517,1,1774,746,14,13,1,1,1
517,2,1601,755,13,12,1,1,1
517,3,1599,657,13,12,1,1,1
517,4,1447,733,11,11,1,1,1
517,5,1395,681,11,11,1,1,1
517,6,1296,698,11,10,1,1,1
517,7,1291,645,11,10,1,1,1
517,8,1181,648,11,11,1,1,1
517,9,1107,657,12,11,1,1,1
517,10,1076,754,12,10,1,1,1
517,11,1113,753,12,12,1,1,1
517,12,1226,740,16,11,1,1,1
517,13,1317,783,16,13,1,1,1
517,14,1464,759,17,13,1,1,1
517,15,1532,851,13,12,1,1,1
517,16,1633,799,13,12,1,1,1
518,1,1770,750,17,11,1,1,1
518,2,1599,758,12,12,1,1,1
518,3,1597,659,13,12,1,1,1
518,4,1445,735,13,11,1,1,1
518,5,1393,683,11,11,1,1,1
518,6,1294,700,13,11,1,1,1
518,7,1291,646,10,10,1,1,1
518,8,1179,650,11,11,1,1,1
518,9,1106,659,11,10,1,1,1
518,10,1075,756,12,11,1,1,1
518,11,1109,756,14,12,1,1,1
518,12,1227,743,12,13,1,1,1
518,13,1315,787,15,11,1,1,1
518,14,1462,762,16,14,1,1,1
518,15,1528,854,15,13,1,1,1
518,16,1629,802,14,13,1,1,1
519,1,1767,754,15,13,1,1,1
519,2,1595,762,13,11,1,1,1
519,3,1594,661,13,12,1,1,1
519,4,1445,739,11,11,1,1,1
519,5,1390,686,13,11,1,1,1
519,6,1292,703,13,11,1,1,1
519,7,1289,648,11,11,1,1,1
519,8,1177,653,10,11,1,1,1
519,9,1103,661,13,12,1,1,1
519,10,1072,760,12,9,1,1,1
519,11,1108,760,11,11,1,1,1
519,12,1223,748,15,12,1,1,1
519,13,1310,792,16,13,1,1,1
519,14,1460,767,15,13,1,1,1
519,15,1523,858,16,13,1,1,1
519,16,1625,807,15,11,1,1,1
520,1,1765,760,16,12,1,1,1
520,2,1591,766,14,11,1,1,1
520,3,1591,664,13,12,1,1,1
520,4,1443,743,12,10,1,1,1
520,5,1390,689,10,11,1,1,1
520,6,1291,707,11,10,1,1,1
520,7,1286,649,12,11,1,1,1
520,8,1175,656,11,11,1,1,1
520,9,1102,664,11,11,1,1,1
520,10,1070,763,12,10,1,1,1
520,11,1104,764,13,10,1,1,1
520,12,1220,753,16,12,1,1,1
520,13,1305,798,15,12,1,1,1
520,14,1456,772,15,13,1,1,1
520,15,1520,863,15,12,1,1,1
520,16,1620,812,16,12,1,1,1
521,1,1762,766,15,12,1,1,1
521,2,1587,770,12,12,1,1,1
521,3,1588,668,12,12,1,1,1
521,4,1441,747,12,11,1,1,1
521,5,1385,693,12,10,1,1,1
521,6,1288,710,13,11,1,1,1
521,7,1284,651,11,12,1,1,1
521,8,1172,660,11,10,1,1,1
521,9,1100,668,11,10,1,1,1
521,10,1066,766,13,12,1,1,1
521,11,1100,769,13,12,1,1,1
521,12,1217,759,16,12,1,1,1
521,13,1300,804,14,12,1,1,1
521,14,1450,778,16,13,1,1,1
521,15,1513,867,16,12,1,1,1
521,16,1615,817,15,11,1,1,1
522,1,1759,769,16,12,1,1,1
522,2,1584,772,14,12,1,1,1
522,3,1586,670,12,11,1,1,1
522,4,1441,750,10,10,1,1,1
522,5,1383,695,12,10,1,1,1
522,6,1287,712,12,11,1,1,1
522,7,1283,653,11,10,1,1,1
522,8,1170,662,12,11,1,1,1
522,9,1098,669,12,11,1,1,1
522,10,1064,769,13,10,1,1,1
522,11,1100,772,12,11,1,1,1
522,12,1217,763,14,11,1,1,1
522,13,1297,808,15,12,1,1,1
522,14,1447,781,16,13,1,1,1
522,15,1510,870,17,11,1,1,1
522,16,1613,820,14,12,1,1,1
523,1,1755,772,15,13,1,1,1
523,2,1582,775,14,11,1,1,1
523,3,1582,672,15,12,1,1,1
523,4,1439,752,12,10,1,1,1
523,5,1381,697,13,10,1,1,1
523,6,1286,715,10,11,1,1,1
523,7,1281,654,11,10,1,1,1
523,8,1167,665,12,10,1,1,1
523,9,1096,671,12,11,1,1,1
523,10,1062,771,13,11,1,1,1
523,11,1095,775,13,11,1,1,1
523,12,1214,766,14,13,1,1,1
523,13,1293,812,15,13,1,1,1
523,14,1445,785,15,13,1,1,1
523,15,1507,873,16,12,1,1,1
523,16,1608,823,14,11,1,1,1
524,1,1754,776,16,11,1,1,1
524,2,1580,777,13,11,1,1,1
524,3,1580,674,15,12,1,1,1
524,4,1437,754,13,11,1,1,1
524,5,1380,699,12,10,1,1,1
524,6,1284,717,12,11,1,1,1
524,7,1279,655,12,10,1,1,1
524,8,1167,667,11,11,1,1,1
524,9,1095,673,12,10,1,1,1
524,10,1061,772,11,11,1,1,1
524,11,1093,777,14,10,1,1,1
524,12,1214,770,14,12,1,1,1
524,13,1290,815,15,13,1,1,1
524,14,1442,788,15,13,1,1,1
524,15,1504,875,16,13,1,1,1
524,16,1606,826,15,12,1,1,1
525,1,1753,778,13,13,1,1,1
525,2,1577,779,14,11,1,1,1
525,3,1580,676,13,11,1,1,1
525,4,1436,756,13,11,1,1,1
525,5,1379,700,11,11,1,1,1
525,6,1284,719,11,10,1,1,1
525,7,1277,656,13,10,1,1,1
525,8,1165,669,12,11,1,1,1
525,9,1094,674,12,11,1,1,1
525,10,1059,774,13,10,1,1,1
525,11,1092,779,13,12,1,1,1
525,12,1211,772,15,13,1,1,1
525,13,1287,818,16,13,1,1,1
525,14,1439,791,15,13,1,1,1
525,15,1501,877,16,12,1,1,1
525,16,1602,828,16,12,1,1,1
526,1,1750,782,16,12,1,1,1
526,2,1575,780,13,12,1,1,1
526,3,1577,678,13,12,1,1,1
526,4,1435,758,12,11,1,1,1
526,5,1378,702,10,10,1,1,1
526,6,1282,721,11,11,1,1,1
526,7,1276,657,12,10,1,1,1
526,8,1164,671,12,11,1,1,1
526,9,1093,676,11,11,1,1,1
526,10,1058,775,11,11,1,1,1
526,11,1091,782,13,11,1,1,1
526,12,1210,776,14,12,1,1,1
526,13,1284,822,16,13,1,1,1
526,14,1437,794,14,13,1,1,1
526,15,1498,879,16,13,1,1,1
526,16,1599,830,14,12,1,1,1
527,1,1746,786,15,13,1,1,1
527,2,1571,783,14,12,1,1,1
527,3,1574,681,13,12,1,1,1
527,4,1433,760,13,11,1,1,1
527,5,1375,705,12,11,1,1,1
527,6,1280,724,11,11,1,1,1
527,7,1273,659,13,10,1,1,1
527,8,1162,675,11,11,1,1,1
527,9,1090,679,12,11,1,1,1
527,10,1055,777,14,12,1,1,1
527,11,1088,785,13,11,1,1,1
527,12,1207,781,13,12,1,1,1
527,13,1279,827,16,13,1,1,1
527,14,1433,799,14,13,1,1,1
527,15,1493,882,16,13,1,1,1
527,16,1594,833,15,13,1,1,1
528,1,1744,790,15,11,1,1,1
528,2,1568,785,14,11,1,1,1
528,3,1571,684,14,11,1,1,1
528,4,1432,762,13,11,1,1,1
528,5,1373,707,12,9,1,1,1
528,6,1280,727,10,10,1,1,1
528,7,1273,661,10,11,1,1,1
528,8,1160,677,11,11,1,1,1
528,9,1088,681,13,11,1,1,1
528,10,1054,779,13,11,1,1,1
528,11,1085,788,11,11,1,1,1
528,12,1204,785,14,12,1,1,1
528,13,1277,832,15,12,1,1,1
528,14,1429,803,15,12,1,1,1
528,15,1489,884,15,12,1,1,1
528,16,1590,836,16,12,1,1,1
529,1,1745,792,14,11,1,1,1
529,2,1566,786,14,12,1,1,1
529,3,1571,685,13,11,1,1,1
529,4,1431,763,13,11,1,1,1
529,5,1372,708,10,11,1,1,1
529,6,1278,728,12,9,1,1,1
529,7,1271,662,11,10,1,1,1
529,8,1160,679,10,9,1,1,1
529,9,1088,683,11,10,1,1,1
529,10,1053,780,13,11,1,1,1
529,11,1083,788,13,12,1,1,1
529,12,1203,787,15,13,1,1,1
529,13,1274,834,16,13,1,1,1
529,14,1427,805,15,13,1,1,1
529,15,1489,885,14,13,1,1,1
529,16,1588,837,15,13,1,1,1
530,1,1740,797,16,12,1,1,1
530,2,1562,788,14,12,1,1,1
530,3,1568,688,13,11,1,1,1
530,4,1430,766,12,11,1,1,1
530,5,1369,711,11,10,1,1,1
530,6,1277,731,10,9,1,1,1
530,7,1269,664,11,10,1,1,1
530,8,1156,682,11,10,1,1,1
530,9,1084,685,13,11,1,1,1
530,10,1049,782,13,9,1,1,1
530,11,1081,791,13,11,1,1,1
530,12,1201,792,15,12,1,1,1
530,13,1270,839,15,13,1,1,1
530,14,1423,810,15,13,1,1,1
530,15,1482,888,16,12,1,1,1
530,16,1585,840,14,13,1,1,1
531,1,1738,801,14,12,1,1,1
531,2,1560,790,12,11,1,1,1
531,3,1564,690,13,11,1,1,1
531,4,1427,768,13,11,1,1,1
531,5,1367,713,11,9,1,1,1
531,6,1274,733,12,9,1,1,1
531,7,1267,665,12,11,1,1,1
531,8,1155,685,10,11,1,1,1
531,9,1083,688,11,9,1,1,1
531,10,1049,783,12,10,1,1,1
531,11,1077,793,13,12,1,1,1
531,12,1198,796,14,13,1,1,1
531,13,1265,843,17,13,1,1,1
531,14,1421,814,14,12,1,1,1
531,15,1478,890,16,12,1,1,1
531,16,1581,843,14,11,1,1,1
532,1,1736,804,15,12,1,1,1
532,2,1556,791,14,11,1,1,1
532,3,1564,692,12,11,1,1,1
532,4,1426,769,13,11,1,1,1
532,5,1364,714,13,11,1,1,1
532,6,1273,735,11,10,1,1,1
532,7,1266,667,11,11,1,1,1
532,8,1152,687,12,11,1,1,1
532,9,1081,689,13,11,1,1,1
532,10,1047,784,12,11,1,1,1
532,11,1077,795,12,11,1,1,1
532,12,1198,800,12,12,1,1,1
532,13,1262,847,17,13,1,1,1
532,14,1416,818,16,11,1,1,1
532,15,1476,891,13,13,1,1,1
532,16,1577,845,15,12,1,1,1
533,1,1733,808,15,12,1,1,1
533,2,1552,792,14,12,1,1,1
533,3,1558,695,14,11,1,1,1
533,4,1424,771,13,11,1,1,1
533,5,1361,716,12,11,1,1,1
533,6,1272,737,11,10,1,1,1
533,7,1263,669,11,10,1,1,1
533,8,1150,690,12,11,1,1,1
533,9,1080,692,11,10,1,1,1
533,10,1043,785,14,11,1,1,1
533,11,1072,797,15,12,1,1,1
533,12,1194,805,14,12,1,1,1
533,13,1258,852,17,13,1,1,1
533,14,1412,822,15,13,1,1,1
533,15,1470,893,16,12,1,1,1
533,16,1573,847,14,11,1,1,1
534,1,1731,811,15,12,1,1,1
534,2,1549,793,14,12,1,1,1
534,3,1558,697,11,11,1,1,1
534,4,1422,772,14,12,1,1,1
534,5,1361,718,11,11,1,1,1
534,6,1271,738,11,10,1,1,1
534,7,1261,671,12,10,1,1,1
534,8,1149,692,12,11,1,1,1
534,9,1078,694,11,10,1,1,1
534,10,1041,786,14,11,1,1,1
534,11,1070,799,13,11,1,1,1
534,12,1192,808,15,12,1,1,1
534,13,1255,855,17,13,1,1,1
534,14,1410,825,16,12,1,1,1
534,15,1468,894,14,13,1,1,1
534,16,1569,849,15,11,1,1,1
535,1,1728,816,15,12,1,1,1
535,2,1545,795,13,12,1,1,1
535,3,1554,700,12,11,1,1,1
535,4,1421,775,11,11,1,1,1
535,5,1358,720,11,9,1,1,1
535,6,1268,741,12,10,1,1,1
535,7,1259,673,11,10,1,1,1
535,8,1147,696,12,11,1,1,1
535,9,1074,696,14,10,1,1,1
535,10,1038,788,12,10,1,1,1
535,11,1068,801,13,11,1,1,1
535,12,1191,813,13,12,1,1,1
535,13,1251,861,15,12,1,1,1
535,14,1405,830,16,13,1,1,1
535,15,1461,896,14,12,1,1,1
535,16,1564,851,14,12,1,1,1
536,1,1727,818,15,11,1,1,1
536,2,1544,796,12,11,1,1,1
536,3,1553,701,13,12,1,1,1
536,4,1420,776,11,9,1,1,1
536,5,1357,721,11,10,1,1,1
536,6,1267,742,11,9,1,1,1
536,7,1258,674,11,11,1,1,1
536,8,1145,697,12,11,1,1,1
536,9,1074,698,12,9,1,1,1
536,10,1037,788,13,9,1,1,1
536,11,1067,802,12,11,1,1,1
536,12,1189,815,13,12,1,1,1
536,13,1249,863,17,12,1,1,1
536,14,1403,832,17,13,1,1,1
536,15,1459,896,14,13,1,1,1
536,16,1562,852,14,13,1,1,1
537,1,1724,822,15,12,1,1,1
537,2,1539,797,13,12,1,1,1
537,3,1550,704,13,11,1,1,1
537,4,1418,778,12,10,1,1,1
537,5,1354,723,11,10,1,1,1
537,6,1265,744,12,10,1,1,1
537,7,1255,676,12,11,1,1,1
537,8,1143,700,12,11,1,1,1
537,9,1072,700,11,11,1,1,1
537,10,1035,789,12,11,1,1,1
537,11,1065,804,12,11,1,1,1
537,12,1187,820,13,12,1,1,1
537,13,1245,868,15,10,1,1,1
537,14,1399,837,15,13,1,1,1
537,15,1455,897,14,13,1,1,1
537,16,1557,855,14,12,1,1,1
538,1,1720,826,15,12,1,1,1
538,2,1535,799,11,11,1,1,1
538,3,1545,708,13,11,1,1,1
538,4,1415,780,11,9,1,1,1
538,5,1351,725,11,10,1,1,1
538,6,1263,746,11,10,1,1,1
538,7,1253,679,11,11,1,1,1
538,8,1141,704,12,11,1,1,1
538,9,1070,703,10,11,1,1,1
538,10,1032,789,13,12,1,1,1
538,11,1059,806,14,12,1,1,1
538,12,1183,826,14,12,1,1,1
538,13,1240,873,16,12,1,1,1
538,14,1394,842,17,13,1,1,1
538,15,1449,898,14,13,1,1,1
538,16,1551,858,15,11,1,1,1
539,1,1717,830,16,12,1,1,1
539,2,1530,800,13,11,1,1,1
539,3,1542,710,15,12,1,1,1
539,4,1412,781,12,11,1,1,1
539,5,1348,726,11,11,1,1,1
539,6,1260,747,13,11,1,1,1
539,7,1250,681,12,11,1,1,1
539,8,1139,707,12,11,1,1,1
539,9,1067,706,11,10,1,1,1
539,10,1029,790,14,11,1,1,1
539,11,1058,808,12,11,1,1,1
539,12,1180,830,15,12,1,1,1
539,13,1236,876,17,13,1,1,1
539,14,1392,846,16,13,1,1,1
539,15,1443,899,14,12,1,1,1
539,16,1547,860,15,11,1,1,1
540,1,1714,833,16,12,1,1,1
540,2,1526,801,14,12,1,1,1
540,3,1539,713,15,11,1,1,1
540,4,1411,783,12,11,1,1,1
540,5,1345,728,11,11,1,1,1
540,6,1259,749,11,10,1,1,1
540,7,1248,683,11,11,1,1,1
540,8,1138,710,11,9,1,1,1
540,9,1064,708,13,10,1,1,1
540,10,1029,791,11,11,1,1,1
540,11,1055,810,12,11,1,1,1
540,12,1179,834,12,12,1,1,1
540,13,1234,880,14,13,1,1,1
540,14,1387,850,17,13,1,1,1
540,15,1438,899,15,13,1,1,1
540,16,1543,862,14,12,1,1,1
541,1,1711,837,16,11,1,1,1
541,2,1523,802,12,11,1,1,1
541,3,1536,716,14,12,1,1,1
541,4,1408,785,12,10,1,1,1
541,5,1342,729,12,11,1,1,1
541,6,1257,751,11,11,1,1,1
541,7,1246,686,11,11,1,1,1
541,8,1135,713,11,11,1,1,1
541,9,1063,711,11,10,1,1,1
541,10,1025,792,12,11,1,1,1
541,11,1052,812,11,11,1,1,1
541,12,1175,838,13,12,1,1,1
541,13,1228,884,17,12,1,1,1
541,14,1384,855,14,12,1,1,1
541,15,1433,899,14,12,1,1,1
541,16,1538,864,14,13,1,1,1
542,1,1709,839,16,11,1,1,1
542,2,1520,803,12,12,1,1,1
542,3,1534,718,15,11,1,1,1
542,4,1407,786,11,10,1,1,1
542,5,1340,730,12,11,1,1,1
542,6,1256,752,10,11,1,1,1
542,7,1244,687,11,10,1,1,1
542,8,1134,715,12,11,1,1,1
542,9,1060,712,13,11,1,1,1
542,10,1022,792,14,12,1,1,1
542,11,1048,813,14,11,1,1,1
542,12,1173,841,14,11,1,1,1
542,13,1226,886,15,13,1,1,1
542,14,1380,857,17,13,1,1,1
542,15,1430,899,14,13,1,1,1
542,16,1535,865,14,13,1,1,1
543,1,1706,843,13,12,1,1,1
543,2,1515,805,12,11,1,1,1
543,3,1531,722,14,10,1,1,1
543,4,1404,788,12,11,1,1,1
543,5,1337,732,11,11,1,1,1
543,6,1252,754,12,10,1,1,1
543,7,1241,690,10,11,1,1,1
543,8,1132,719,12,9,1,1,1
543,9,1057,715,12,11,1,1,1
543,10,1020,794,11,10,1,1,1
543,11,1044,815,13,10,1,1,1
543,12,1170,845,13,12,1,1,1
543,13,1222,890,15,13,1,1,1
543,14,1375,862,15,13,1,1,1
543,15,1423,899,14,12,1,1,1
543,16,1530,868,13,13,1,1,1
544,1,1702,846,15,11,1,1,1
544,2,1511,806,13,12,1,1,1
544,3,1529,724,14,11,1,1,1
544,4,1401,789,13,10,1,1,1
544,5,1335,733,11,9,1,1,1
544,6,1251,755,11,10,1,1,1
544,7,1239,692,11,11,1,1,1
544,8,1130,721,11,11,1,1,1
544,9,1055,717,13,10,1,1,1
544,10,1018,794,11,12,1,1,1
544,11,1043,817,12,11,1,1,1
544,12,1168,847,13,12,1,1,1
544,13,1218,892,15,13,1,1,1
544,14,1372,864,16,13,1,1,1
544,15,1419,899,14,13,1,1,1
544,16,1526,870,13,10,1,1,1
545,1,1699,849,15,12,1,1,1
545,2,1508,807,12,12,1,1,1
545,3,1527,727,12,11,1,1,1
545,4,1398,791,12,10,1,1,1
545,5,1333,734,11,9,1,1,1
545,6,1247,756,13,11,1,1,1
545,7,1237,694,11,11,1,1,1
545,8,1129,724,11,10,1,1,1
545,9,1053,719,13,10,1,1,1
545,10,1014,795,14,12,1,1,1
545,11,1039,818,14,11,1,1,1
545,12,1164,850,14,12,1,1,1
545,13,1214,894,16,13,1,1,1
545,14,1368,867,17,13,1,1,1
545,15,1414,899,14,12,1,1,1
545,16,1521,872,14,12,1,1,1
546,1,1696,852,13,13,1,1,1
546,2,1501,809,13,10,1,1,1
546,3,1523,731,12,11,1,1,1
546,4,1394,792,12,11,1,1,1
546,5,1328,735,12,11,1,1,1
546,6,1245,758,12,11,1,1,1
546,7,1232,697,12,11,1,1,1
546,8,1126,728,12,10,1,1,1
546,9,1050,722,12,10,1,1,1
546,10,1012,797,11,11,1,1,1
546,11,1036,821,12,11,1,1,1
546,12,1160,854,16,12,1,1,1
546,13,1211,897,14,13,1,1,1
546,14,1364,871,15,13,1,1,1
546,15,1406,898,15,13,1,1,1
546,16,1514,874,14,13,1,1,1
547,1,1693,854,14,12,1,1,1
547,2,1499,810,13,12,1,1,1
547,3,1521,732,14,12,1,1,1
547,4,1394,793,12,11,1,1,1
547,5,1328,735,11,11,1,1,1
547,6,1244,759,11,11,1,1,1
547,7,1231,698,11,11,1,1,1
547,8,1124,729,12,10,1,1,1
547,9,1049,723,12,10,1,1,1
547,10,1010,797,13,11,1,1,1
547,11,1035,822,11,11,1,1,1
547,12,1161,855,12,13,1,1,1
547,13,1207,899,16,12,1,1,1
547,14,1361,873,16,13,1,1,1
547,15,1404,897,14,13,1,1,1
547,16,1512,876,14,11,1,1,1
548,1,1690,856,14,12,1,1,1
548,2,1496,811,13,12,1,1,1
548,3,1520,735,11,11,1,1,1
548,4,1392,794,12,9,1,1,1
548,5,1324,736,12,11,1,1,1
548,6,1242,760,11,11,1,1,1
548,7,1229,700,12,9,1,1,1
548,8,1124,732,10,10,1,1,1
548,9,1048,724,11,11,1,1,1
548,10,1007,798,13,10,1,1,1
548,11,1031,823,14,12,1,1,1
548,12,1158,858,13,12,1,1,1
548,13,1205,900,15,12,1,1,1
548,14,1357,875,17,13,1,1,1
548,15,1400,897,14,13,1,1,1
548,16,1508,877,14,13,1,1,1
549,1,1685,859,15,12,1,1,1
549,2,1491,813,13,11,1,1,1
549,3,1516,738,13,11,1,1,1
549,4,1387,795,12,11,1,1,1
549,5,1321,737,13,10,1,1,1
549,6,1239,762,10,10,1,1,1
549,7,1227,702,10,11,1,1,1
549,8,1120,735,13,10,1,1,1
549,9,1045,726,11,11,1,1,1
549,10,1004,799,12,12,1,1,1
549,11,1028,825,13,11,1,1,1
549,12,1152,861,16,12,1,1,1
549,13,1198,902,16,12,1,1,1
549,14,1352,878,15,12,1,1,1
549,15,1393,896,14,13,1,1,1
549,16,1503,880,13,12,1,1,1
550,1,1680,862,15,12,1,1,1
550,2,1486,814,12,11,1,1,1
550,3,1513,742,13,10,1,1,1
550,4,1383,797,12,10,1,1,1
550,5,1319,738,11,10,1,1,1
550,6,1234,762,13,11,1,1,1
550,7,1224,705,10,10,1,1,1
550,8,1119,738,12,11,1,1,1
550,9,1041,728,12,11,1,1,1
550,10,1002,801,11,10,1,1,1
550,11,1025,828,11,11,1,1,1
550,12,1149,864,15,12,1,1,1
550,13,1193,904,16,13,1,1,1
550,14,1347,881,16,13,1,1,1
550,15,1386,894,13,12,1,1,1
550,16,1497,883,14,12,1,1,1
551,1,1680,863,13,12,1,1,1
551,2,1483,815,13,11,1,1,1
551,3,1511,743,14,11,1,1,1
551,4,1382,797,12,11,1,1,1
551,5,1316,738,13,9,1,1,1
551,6,1234,763,11,10,1,1,1
551,7,1222,706,10,10,1,1,1
551,8,1118,739,12,11,1,1,1
551,9,1041,729,11,11,1,1,1
551,10,1000,801,13,11,1,1,1
551,11,1023,828,10,12,1,1,1
551,12,1147,865,16,12,1,1,1
551,13,1191,905,16,12,1,1,1
551,14,1345,882,15,13,1,1,1
551,15,1384,894,14,13,1,1,1
551,16,1494,883,15,13,1,1,1
552,1,1674,865,15,12,1,1,1
552,2,1479,816,12,11,1,1,1
552,3,1509,746,14,11,1,1,1
552,4,1379,797,13,11,1,1,1
552,5,1316,738,10,10,1,1,1
552,6,1231,764,11,10,1,1,1
552,7,1219,708,11,10,1,1,1
552,8,1116,741,11,11,1,1,1
552,9,1038,731,12,10,1,1,1
552,10,998,802,12,11,1,1,1
552,11,1019,830,13,12,1,1,1
552,12,1144,867,14,12,1,1,1
552,13,1187,906,16,13,1,1,1
552,14,1341,884,16,13,1,1,1
552,15,1378,893,14,13,1,1,1
552,16,1490,885,14,12,1,1,1
553,1,1672,866,14,13,1,1,1
553,2,1476,817,13,11,1,1,1
553,3,1508,748,12,11,1,1,1
553,4,1379,798,11,10,1,1,1
553,5,1312,739,13,10,1,1,1
553,6,1230,764,11,11,1,1,1
553,7,1218,710,12,10,1,1,1
553,8,1114,742,12,11,1,1,1
553,9,1036,732,12,10,1,1,1
553,10,995,803,13,11,1,1,1
553,11,1018,831,12,12,1,1,1
553,12,1144,869,13,11,1,1,1
553,13,1184,907,16,11,1,1,1
553,14,1340,885,14,13,1,1,1
553,15,1375,892,14,13,1,1,1
553,16,1487,886,13,12,1,1,1
554,1,1668,868,15,11,1,1,1
554,2,1475,818,11,11,1,1,1
554,3,1505,750,14,11,1,1,1
554,4,1375,798,13,11,1,1,1
554,5,1311,739,10,11,1,1,1
554,6,1227,765,11,10,1,1,1
554,7,1215,711,12,10,1,1,1
554,8,1114,745,11,10,1,1,1
554,9,1034,733,12,9,1,1,1
554,10,994,804,11,10,1,1,1
554,11,1014,832,14,11,1,1,1
554,12,1141,870,14,12,1,1,1
554,13,1183,907,14,12,1,1,1
554,14,1335,886,15,13,1,1,1
554,15,1370,891,15,13,1,1,1
554,16,1483,888,14,13,1,1,1
555,1,1663,869,15,13,1,1,1
555,2,1468,820,13,11,1,1,1
555,3,1503,754,13,11,1,1,1
555,4,1373,799,10,10,1,1,1
555,5,1307,740,13,9,1,1,1
555,6,1224,765,11,10,1,1,1
555,7,1212,714,12,11,1,1,1
555,8,1111,747,11,10,1,1,1
555,9,1031,735,12,10,1,1,1
555,10,990,805,13,11,1,1,1
555,11,1010,834,14,11,1,1,1
555,12,1137,873,14,12,1,1,1
555,13,1177,908,14,13,1,1,1
555,14,1331,888,15,12,1,1,1
555,15,1364,889,14,13,1,1,1
555,16,1478,891,14,12,1,1,1
556,1,1659,871,15,11,1,1,1
556,2,1465,821,13,11,1,1,1
556,3,1501,756,12,11,1,1,1
556,4,1370,799,12,10,1,1,1
556,5,1307,740,11,9,1,1,1
556,6,1221,765,13,11,1,1,1
556,7,1211,716,11,10,1,1,1
556,8,1110,748,12,11,1,1,1
556,9,1031,735,12,11,1,1,1
556,10,988,806,12,11,1,1,1
556,11,1008,836,13,12,1,1,1
556,12,1133,874,14,12,1,1,1
556,13,1174,908,14,12,1,1,1
556,14,1328,889,14,12,1,1,1
556,15,1360,888,14,13,1,1,1
556,16,1474,892,14,13,1,1,1
557,1,1654,872,14,12,1,1,1
557,2,1460,822,14,12,1,1,1
557,3,1497,759,13,9,1,1,1
557,4,1366,800,12,10,1,1,1
557,5,1303,741,12,10,1,1,1
557,6,1218,766,12,9,1,1,1
557,7,1209,718,10,11,1,1,1
557,8,1108,750,11,10,1,1,1
557,9,1028,736,12,11,1,1,1
557,10,985,807,13,11,1,1,1
557,11,1005,838,12,12,1,1,1
557,12,1130,876,15,12,1,1,1
557,13,1167,908,16,13,1,1,1
557,14,1322,890,15,11,1,1,1
557,15,1355,887,13,13,1,1,1
557,16,1469,894,14,13,1,1,1
558,1,1652,873,12,13,1,1,1
558,2,1457,824,13,11,1,1,1
558,3,1495,761,12,11,1,1,1
558,4,1363,800,12,11,1,1,1
558,5,1301,741,12,11,1,1,1
558,6,1217,766,11,11,1,1,1
558,7,1205,720,12,11,1,1,1
558,8,1106,752,11,11,1,1,1
558,9,1026,738,11,10,1,1,1
558,10,984,808,12,10,1,1,1
558,11,1003,839,13,11,1,1,1
558,12,1128,878,14,12,1,1,1
558,13,1164,909,14,12,1,1,1
558,14,1318,891,15,13,1,1,1
558,15,1350,886,14,13,1,1,1
558,16,1466,897,14,11,1,1,1
559,1,1647,874,16,12,1,1,1
559,2,1454,824,14,12,1,1,1
559,3,1494,763,14,11,1,1,1
559,4,1363,800,10,10,1,1,1
559,5,1299,742,11,10,1,1,1
559,6,1215,766,11,11,1,1,1
559,7,1206,721,10,10,1,1,1
559,8,1105,753,11,11,1,1,1
559,9,1023,738,12,11,1,1,1
559,10,981,809,12,10,1,1,1
559,11,1001,840,13,11,1,1,1
559,12,1126,879,14,11,1,1,1
559,13,1161,909,15,13,1,1,1
559,14,1315,891,14,13,1,1,1
559,15,1346,885,14,12,1,1,1
559,16,1464,898,12,12,1,1,1
560,1,1643,875,16,12,1,1,1
560,2,1451,826,12,12,1,1,1
560,3,1491,765,13,10,1,1,1
560,4,1359,800,12,10,1,1,1
560,5,1297,742,12,10,1,1,1
560,6,1212,766,12,10,1,1,1
560,7,1203,723,11,11,1,1,1
560,8,1102,754,13,11,1,1,1
560,9,1021,739,12,11,1,1,1
560,10,981,810,10,10,1,1,1
560,11,997,842,13,12,1,1,1
560,12,1122,880,15,12,1,1,1
560,13,1157,908,15,14,1,1,1
560,14,1312,892,14,13,1,1,1
560,15,1342,884,14,13,1,1,1
560,16,1459,900,13,12,1,1,1
561,1,1641,875,15,13,1,1,1
561,2,1449,827,12,11,1,1,1
561,3,1490,766,13,12,1,1,1
561,4,1357,800,12,10,1,1,1
561,5,1294,742,12,10,1,1,1
561,6,1211,766,10,10,1,1,1
561,7,1200,725,12,11,1,1,1
561,8,1100,755,13,11,1,1,1
561,9,1021,740,11,11,1,1,1
561,10,978,810,11,12,1,1,1
561,11,995,843,13,11,1,1,1
561,12,1121,881,14,11,1,1,1
561,13,1156,909,14,13,1,1,1
561,14,1308,892,15,13,1,1,1
561,15,1338,884,14,11,1,1,1
561,16,1457,901,13,12,1,1,1
562,1,1638,876,13,12,1,1,1
562,2,1445,828,13,12,1,1,1
562,3,1489,768,12,11,1,1,1
562,4,1355,800,12,11,1,1,1
562,5,1294,743,10,9,1,1,1
562,6,1208,766,11,11,1,1,1
562,7,1199,727,12,10,1,1,1
562,8,1100,757,11,10,1,1,1
562,9,1019,741,11,11,1,1,1
562,10,976,811,12,12,1,1,1
562,11,994,844,11,12,1,1,1
562,12,1118,882,14,12,1,1,1
562,13,1151,909,15,13,1,1,1
562,14,1305,893,14,12,1,1,1
562,15,1334,883,14,12,1,1,1
562,16,1452,902,14,13,1,1,1
563,1,1632,877,12,12,1,1,1
563,2,1440,830,13,11,1,1,1
563,3,1486,771,11,10,1,1,1
563,4,1350,800,12,10,1,1,1
563,5,1289,743,13,10,1,1,1
563,6,1204,766,11,11,1,1,1
563,7,1196,730,12,10,1,1,1
563,8,1097,759,11,11,1,1,1
563,9,1014,742,12,11,1,1,1
563,10,971,813,13,11,1,1,1
563,11,989,847,12,10,1,1,1
563,12,1113,883,13,13,1,1,1
563,13,1146,909,14,14,1,1,1
563,14,1298,893,15,13,1,1,1
563,15,1327,881,14,13,1,1,1
563,16,1447,905,12,11,1,1,1
564,1,1624,877,16,13,1,1,1
564,2,1436,832,11,11,1,1,1
564,3,1481,774,14,11,1,1,1
564,4,1347,800,11,11,1,1,1
564,5,1287,743,11,10,1,1,1
564,6,1201,766,11,10,1,1,1
564,7,1194,732,10,10,1,1,1
564,8,1093,761,13,10,1,1,1
564,9,1012,744,11,11,1,1,1
564,10,968,815,11,10,1,1,1
564,11,985,849,12,12,1,1,1
564,12,1109,884,13,13,1,1,1
564,13,1140,910,15,13,1,1,1
564,14,1293,893,14,12,1,1,1
564,15,1321,879,14,13,1,1,1
564,16,1441,907,13,12,1,1,1
565,1,1620,878,14,13,1,1,1
565,2,1432,833,12,10,1,1,1
565,3,1479,776,13,10,1,1,1
565,4,1344,800,11,11,1,1,1
565,5,1284,744,13,10,1,1,1
565,6,1198,766,11,10,1,1,1
565,7,1190,734,12,11,1,1,1
565,8,1091,762,13,10,1,1,1
565,9,1010,744,12,11,1,1,1
565,10,967,815,12,10,1,1,1
565,11,982,850,12,11,1,1,1
565,12,1105,885,15,12,1,1,1
565,13,1136,910,15,12,1,1,1
565,14,1289,893,14,13,1,1,1
565,15,1317,878,12,13,1,1,1
565,16,1437,908,14,12,1,1,1
566,1,1615,879,15,12,1,1,1
566,2,1427,834,12,12,1,1,1
566,3,1477,778,11,10,1,1,1
566,4,1341,800,11,11,1,1,1
566,5,1282,744,11,11,1,1,1
566,6,1195,765,12,11,1,1,1
566,7,1190,736,11,11,1,1,1
566,8,1090,763,11,11,1,1,1
566,9,1008,746,10,11,1,1,1
566,10,964,817,10,10,1,1,1
566,11,980,852,12,12,1,1,1
566,12,1103,886,13,11,1,1,1
566,13,1131,911,15,12,1,1,1
566,14,1284,893,14,13,1,1,1
566,15,1312,877,13,12,1,1,1
566,16,1432,909,14,13,1,1,1
567,1,1612,879,12,12,1,1,1
567,2,1422,835,13,12,1,1,1
567,3,1475,779,12,11,1,1,1
567,4,1338,800,10,10,1,1,1
567,5,1280,745,10,9,1,1,1
567,6,1192,765,11,10,1,1,1
567,7,1187,738,10,10,1,1,1
567,8,1089,764,11,11,1,1,1
567,9,1005,747,11,11,1,1,1
567,10,961,817,12,12,1,1,1
567,11,976,853,13,12,1,1,1
567,12,1097,886,14,12,1,1,1
567,13,1128,911,12,12,1,1,1
567,14,1279,893,13,13,1,1,1
567,15,1307,876,13,13,1,1,1
567,16,1427,910,13,13,1,1,1
568,1,1606,879,16,13,1,1,1
568,2,1420,836,13,12,1,1,1
568,3,1472,781,11,10,1,1,1
568,4,1334,800,13,10,1,1,1
568,5,1278,746,11,10,1,1,1
568,6,1189,764,12,10,1,1,1
568,7,1184,740,12,9,1,1,1
568,8,1086,765,11,11,1,1,1
568,9,1003,748,11,10,1,1,1
568,10,959,818,12,11,1,1,1
568,11,974,855,11,12,1,1,1
568,12,1094,886,14,13,1,1,1
568,13,1123,912,15,12,1,1,1
568,14,1275,892,14,14,1,1,1
568,15,1303,875,12,13,1,1,1
568,16,1425,912,13,12,1,1,1
569,1,1600,879,16,13,1,1,1
569,2,1415,837,12,11,1,1,1
569,3,1470,782,12,10,1,1,1
569,4,1331,800,12,11,1,1,1
569,5,1276,746,9,10,1,1,1
569,6,1187,763,11,11,1,1,1
569,7,1182,742,12,10,1,1,1
569,8,1084,766,11,10,1,1,1
569,9,1000,749,11,11,1,1,1
569,10,956,819,11,10,1,1,1
569,11,969,856,13,11,1,1,1
569,12,1090,886,14,13,1,1,1
569,13,1119,912,14,14,1,1,1
569,14,1271,892,13,14,1,1,1
569,15,1297,874,14,12,1,1,1
569,16,1420,913,13,12,1,1,1
570,1,1597,880,15,11,1,1,1
570,2,1412,838,12,12,1,1,1
570,3,1466,783,13,11,1,1,1
570,4,1328,801,12,10,1,1,1
570,5,1273,747,12,10,1,1,1
570,6,1184,763,11,10,1,1,1
570,7,1180,744,11,10,1,1,1
570,8,1080,767,12,9,1,1,1
570,9,998,749,11,12,1,1,1
570,10,952,820,12,10,1,1,1
570,11,966,857,13,11,1,1,1
570,12,1088,886,14,13,1,1,1
570,13,1114,913,15,12,1,1,1
570,14,1265,893,14,13,1,1,1
570,15,1293,873,12,12,1,1,1
570,16,1416,914,13,12,1,1,1
571,1,1591,880,13,12,1,1,1
571,2,1407,839,12,12,1,1,1
571,3,1463,785,13,10,1,1,1
571,4,1325,801,11,9,1,1,1
571,5,1269,748,13,10,1,1,1
571,6,1180,762,11,10,1,1,1
571,7,1176,746,12,10,1,1,1
571,8,1077,768,13,10,1,1,1
571,9,993,751,12,10,1,1,1
571,10,949,821,12,10,1,1,1
571,11,963,859,12,12,1,1,1
571,12,1083,886,13,12,1,1,1
571,13,1109,914,15,13,1,1,1
571,14,1260,893,13,13,1,1,1
571,15,1286,870,13,12,1,1,1
571,16,1410,915,14,12,1,1,1
572,1,1586,879,14,12,1,1,1
572,2,1403,839,14,11,1,1,1
572,3,1461,786,12,11,1,1,1
572,4,1322,800,12,11,1,1,1
572,5,1268,748,10,10,1,1,1
572,6,1178,762,10,11,1,1,1
572,7,1174,747,13,10,1,1,1
572,8,1077,768,11,11,1,1,1
572,9,993,751,11,12,1,1,1
572,10,948,821,12,12,1,1,1
572,11,961,859,12,12,1,1,1
572,12,1080,886,15,11,1,1,1
572,13,1107,915,12,13,1,1,1
572,14,1256,893,14,13,1,1,1
572,15,1283,870,14,11,1,1,1
572,16,1407,915,14,12,1,1,1
573,1,1581,879,14,12,1,1,1
573,2,1399,840,13,11,1,1,1
573,3,1458,787,13,11,1,1,1
573,4,1319,800,12,11,1,1,1
573,5,1267,750,9,9,1,1,1
573,6,1174,761,12,10,1,1,1
573,7,1172,749,12,10,1,1,1
573,8,1073,768,11,11,1,1,1
573,9,990,752,11,12,1,1,1
573,10,945,822,11,10,1,1,1
573,11,958,861,11,12,1,1,1
573,12,1077,885,13,13,1,1,1
573,13,1102,915,12,13,1,1,1
573,14,1251,894,14,13,1,1,1
573,15,1277,868,14,12,1,1,1
573,16,1401,916,14,12,1,1,1
574,1,1577,878,14,13,1,1,1
574,2,1397,841,12,12,1,1,1
574,3,1455,788,13,11,1,1,1
574,4,1315,800,11,10,1,1,1
574,5,1262,750,12,11,1,1,1
574,6,1171,760,12,10,1,1,1
574,7,1171,750,10,10,1,1,1
574,8,1072,769,11,11,1,1,1
574,9,987,754,9,9,1,1,1
574,10,941,823,12,11,1,1,1
574,11,954,862,12,12,1,1,1
574,12,1072,885,15,11,1,1,1
574,13,1097,916,14,13,1,1,1
574,14,1246,894,13,12,1,1,1
574,15,1273,867,13,13,1,1,1
574,16,1398,917,14,13,1,1,1
575,1,1571,877,15,13,1,1,1
575,2,1391,841,14,11,1,1,1
575,3,1452,789,11,11,1,1,1
575,4,1312,800,12,11,1,1,1
575,5,1260,751,12,10,1,1,1
575,6,1168,759,11,11,1,1,1
575,7,1168,752,11,10,1,1,1
575,8,1069,770,11,10,1,1,1
575,9,983,755,12,11,1,1,1
575,10,939,823,12,12,1,1,1
575,11,950,862,12,11,1,1,1
575,12,1068,884,15,12,1,1,1
575,13,1092,916,14,14,1,1,1
575,14,1241,895,14,13,1,1,1
575,15,1269,866,13,12,1,1,1
575,16,1392,917,14,13,1,1,1
576,1,1565,877,14,12,1,1,1
576,2,1388,842,13,11,1,1,1
576,3,1447,791,13,10,1,1,1
576,4,1309,800,11,11,1,1,1
576,5,1258,751,12,11,1,1,1
576,6,1166,759,10,10,1,1,1
576,7,1164,753,13,11,1,1,1
576,8,1065,770,13,11,1,1,1
576,9,980,756,12,11,1,1,1
576,10,936,824,12,11,1,1,1
576,11,947,864,12,10,1,1,1
576,12,1064,883,15,12,1,1,1
576,13,1087,917,14,14,1,1,1
576,14,1236,895,14,12,1,1,1
576,15,1264,864,14,11,1,1,1
576,16,1389,918,14,13,1,1,1
577,1,1563,877,15,12,1,1,1
577,2,1386,842,13,11,1,1,1
577,3,1447,791,12,10,1,1,1
577,4,1307,800,12,10,1,1,1
577,5,1256,752,12,10,1,1,1
577,7,1164,754,12,10,1,1,1
577,8,1064,771,12,10,1,1,1
577,9,981,757,9,9,1,1,1
577,10,935,824,12,12,1,1,1
577,11,945,864,12,12,1,1,1
577,12,1062,883,15,12,1,1,1
577,13,1085,918,14,12,1,1,1
577,14,1234,895,14,12,1,1,1
577,15,1261,863,13,10,1,1,1
577,16,1386,918,14,13,1,1,1
578,1,1557,877,14,12,1,1,1
578,2,1381,843,12,12,1,1,1
578,3,1443,792,11,11,1,1,1
578,4,1304,800,10,11,1,1,1
578,5,1255,752,10,10,1,1,1
578,7,1161,756,11,9,1,1,1
578,8,1061,771,13,11,1,1,1
578,9,976,758,11,10,1,1,1
578,10,931,825,11,11,1,1,1
578,11,941,865,12,12,1,1,1
578,12,1059,882,12,12,1,1,1
578,13,1079,919,15,12,1,1,1
578,14,1228,896,13,13,1,1,1
578,15,1256,860,14,12,1,1,1
578,16,1380,918,14,13,1,1,1
579,1,1552,876,16,13,1,1,1
579,2,1378,843,12,12,1,1,1
579,3,1441,793,12,11,1,1,1
579,4,1301,800,11,11,1,1,1
579,5,1251,752,11,10,1,1,1
579,7,1159,757,12,10,1,1,1
579,8,1061,772,11,10,1,1,1
579,9,975,758,11,12,1,1,1
579,10,929,825,12,12,1,1,1
579,11,939,865,12,11,1,1,1
579,12,1055,881,14,11,1,1,1
579,13,1076,919,14,14,1,1,1
579,14,1225,896,13,12,1,1,1
579,15,1253,859,14,12,1,1,1
579,16,1379,919,13,11,1,1,1
580,1,1546,876,14,12,1,1,1
580,2,1374,843,13,11,1,1,1
580,3,1437,794,11,11,1,1,1
580,4,1297,800,10,10,1,1,1
580,5,1250,753,10,10,1,1,1
580,7,1156,759,10,11,1,1,1
580,8,1057,773,11,10,1,1,1
580,9,970,760,12,11,1,1,1
580,10,926,826,11,11,1,1,1
580,11,935,866,12,10,1,1,1
580,12,1051,879,12,13,1,1,1
580,13,1072,920,13,14,1,1,1
580,14,1220,897,11,11,1,1,1
580,15,1248,858,14,12,1,1,1
580,16,1374,919,12,11,1,1,1
581,1,1543,876,14,12,1,1,1
581,2,1371,844,12,12,1,1,1
581,3,1434,795,12,11,1,1,1
581,4,1295,800,11,10,1,1,1
581,5,1246,753,12,11,1,1,1
581,6,1152,755,10,11,1,1,1
581,7,1154,760,11,10,1,1,1
581,8,1055,774,11,11,1,1,1
581,9,968,761,11,11,1,1,1
581,10,923,826,11,11,1,1,1
581,11,932,867,13,10,1,1,1
581,12,1048,879,12,12,1,1,1
581,13,1067,921,14,13,1,1,1
581,14,1214,896,14,13,1,1,1
581,15,1243,856,15,11,1,1,1
581,16,1370,919,13,11,1,1,1
582,1,1538,876,15,11,1,1,1
582,2,1368,844,12,12,1,1,1
582,3,1432,796,12,11,1,1,1
582,4,1292,800,10,10,1,1,1
582,5,1245,753,11,10,1,1,1
582,6,1150,754,10,10,1,1,1
582,7,1152,761,11,11,1,1,1
582,8,1052,774,13,11,1,1,1
582,9,966,762,11,11,1,1,1
582,10,921,826,12,11,1,1,1
582,11,930,866,12,13,1,1,1
582,12,1044,878,14,12,1,1,1
582,13,1063,921,14,14,1,1,1
582,14,1210,897,14,11,1,1,1
582,15,1240,855,15,12,1,1,1
582,16,1366,918,14,13,1,1,1
583,1,1533,876,15,13,1,1,1
583,2,1365,844,12,12,1,1,1
583,3,1429,797,10,10,1,1,1
583,4,1289,799,11,11,1,1,1
583,5,1243,754,11,10,1,1,1
583,6,1147,753,11,11,1,1,1
583,7,1149,763,11,10,1,1,1
583,8,1050,775,13,10,1,1,1
583,9,963,763,12,10,1,1,1
583,10,920,827,11,10,1,1,1
583,11,927,867,12,11,1,1,1
583,12,1040,877,15,11,1,1,1
583,13,1059,922,14,12,1,1,1
583,14,1206,897,14,12,1,1,1
583,15,1236,852,14,14,1,1,1
583,16,1363,918,14,12,1,1,1
584,1,1529,876,16,13,1,1,1
584,2,1362,844,12,12,1,1,1
584,3,1425,798,13,10,1,1,1
584,4,1287,799,11,11,1,1,1
584,5,1242,754,10,10,1,1,1
584,6,1144,752,11,10,1,1,1
584,7,1147,764,12,10,1,1,1
584,8,1049,776,11,11,1,1,1
584,9,961,764,12,10,1,1,1
584,10,917,827,12,10,1,1,1
584,11,924,867,14,11,1,1,1
584,12,1037,877,14,12,1,1,1
584,13,1057,922,13,12,1,1,1
584,14,1204,897,11,12,1,1,1
584,15,1233,852,15,12,1,1,1
584,16,1360,918,15,13,1,1,1
585,1,1525,876,14,12,1,1,1
585,2,1358,844,13,12,1,1,1
585,3,1423,799,11,9,1,1,1
585,4,1282,798,13,12,1,1,1
585,5,1239,754,11,11,1,1,1
585,6,1141,751,9,9,1,1,1
585,7,1145,765,11,11,1,1,1
585,8,1046,777,11,11,1,1,1
585,9,958,765,12,11,1,1,1
585,10,914,827,12,10,1,1,1
585,11,921,867,13,12,1,1,1
585,12,1033,876,15,11,1,1,1
585,13,1051,922,13,14,1,1,1
585,14,1197,896,14,12,1,1,1
585,15,1228,849,15,12,1,1,1
585,16,1356,917,15,12,1,1,1
586,1,1520,876,15,13,1,1,1
586,2,1356,844,12,12,1,1,1
586,3,1420,799,11,11,1,1,1
586,4,1280,798,13,11,1,1,1
586,5,1237,754,11,10,1,1,1
586,6,1140,751,10,10,1,1,1
586,7,1143,766,11,11,1,1,1
586,8,1044,778,11,11,1,1,1
586,9,956,766,12,11,1,1,1
586,10,912,827,13,10,1,1,1
586,11,920,867,12,12,1,1,1
586,12,1030,875,14,12,1,1,1
586,13,1048,923,13,13,1,1,1
586,14,1195,897,11,11,1,1,1
586,15,1227,847,12,14,1,1,1
586,16,1354,918,13,11,1,1,1
587,1,1514,876,15,13,1,1,1
587,2,1353,843,13,11,1,1,1
587,3,1417,801,11,10,1,1,1
587,4,1278,798,11,11,1,1,1
587,5,1234,754,11,10,1,1,1
587,6,1136,749,12,10,1,1,1
587,7,1139,768,12,10,1,1,1
587,8,1042,779,10,10,1,1,1
587,9,954,768,10,11,1,1,1
587,10,909,827,13,11,1,1,1
587,11,915,867,13,12,1,1,1
587,12,1028,875,11,11,1,1,1
587,13,1042,923,14,12,1,1,1
587,14,1188,896,14,12,1,1,1
587,15,1221,846,13,12,1,1,1
587,16,1349,917,15,13,1,1,1
588,1,1511,876,15,12,1,1,1
588,2,1351,843,13,11,1,1,1
588,3,1413,801,13,12,1,1,1
588,4,1276,798,12,10,1,1,1
588,5,1233,755,11,10,1,1,1
588,6,1135,749,11,10,1,1,1
588,7,1138,768,12,11,1,1,1
588,8,1040,780,10,10,1,1,1
588,9,951,768,12,11,1,1,1
588,10,908,827,11,11,1,1,1
588,11,915,867,11,12,1,1,1
588,12,1025,875,13,12,1,1,1
588,13,1039,924,14,13,1,1,1
588,14,1185,896,14,13,1,1,1
588,15,1220,844,12,13,1,1,1
588,16,1347,917,15,11,1,1,1
589,1,1508,876,13,12,1,1,1
589,2,1348,843,12,12,1,1,1
589,3,1411,802,13,11,1,1,1
589,4,1274,797,10,11,1,1,1
589,5,1231,755,11,10,1,1,1
589,6,1133,748,11,11,1,1,1
589,7,1137,769,11,11,1,1,1
589,8,1037,781,11,10,1,1,1
589,9,949,770,11,10,1,1,1
589,10,906,826,11,11,1,1,1
589,11,911,867,13,11,1,1,1
589,12,1022,875,13,12,1,1,1
589,13,1036,923,13,14,1,1,1
589,14,1181,895,14,12,1,1,1
589,15,1215,843,16,12,1,1,1
589,16,1344,916,14,12,1,1,1
590,1,1502,875,12,12,1,1,1
590,2,1345,843,13,10,1,1,1
590,3,1406,803,13,12,1,1,1
590,4,1270,797,12,10,1,1,1
590,5,1228,755,10,10,1,1,1
590,6,1129,746,12,10,1,1,1
590,7,1132,771,12,11,1,1,1
590,8,1035,782,10,10,1,1,1
590,9,946,771,10,11,1,1,1
590,10,903,827,11,11,1,1,1
590,11,909,867,13,12,1,1,1
590,12,1017,875,12,12,1,1,1
590,13,1030,924,13,11,1,1,1
590,14,1175,895,14,13,1,1,1
590,15,1212,841,12,13,1,1,1
590,16,1340,916,13,12,1,1,1
591,1,1498,875,16,12,1,1,1
591,2,1344,843,11,11,1,1,1
591,3,1406,804,11,11,1,1,1
591,4,1268,796,11,12,1,1,1
591,5,1227,754,11,11,1,1,1
591,6,1129,746,10,10,1,1,1
591,7,1132,772,10,10,1,1,1
591,8,1032,782,13,11,1,1,1
591,9,943,771,12,11,1,1,1
591,10,902,827,12,10,1,1,1
591,11,908,867,10,10,1,1,1
591,12,1014,875,14,11,1,1,1
591,13,1028,924,13,12,1,1,1
591,14,1173,895,13,13,1,1,1
591,15,1209,841,13,11,1,1,1
591,16,1338,915,15,12,1,1,1
592,1,1493,875,15,11,1,1,1
592,2,1340,841,13,12,1,1,1
592,3,1401,805,13,11,1,1,1
592,4,1265,796,12,11,1,1,1
592,5,1224,755,10,10,1,1,1
592,6,1125,744,11,10,1,1,1
592,7,1129,774,10,10,1,1,1
592,8,1029,783,13,11,1,1,1
592,9,941,773,10,10,1,1,1
592,10,900,826,12,11,1,1,1
592,11,905,866,11,11,1,1,1
592,12,1011,875,13,12,1,1,1
592,13,1023,924,13,13,1,1,1
592,14,1167,894,13,13,1,1,1
592,15,1206,837,14,13,1,1,1
592,16,1335,914,13,13,1,1,1
593,1,1491,875,14,11,1,1,1
593,2,1338,841,12,12,1,1,1
593,3,1400,806,11,11,1,1,1
593,4,1264,796,10,11,1,1,1
593,5,1222,755,11,10,1,1,1
593,6,1124,743,12,10,1,1,1
593,7,1128,774,9,10,1,1,1
593,8,1028,784,12,11,1,1,1
593,9,938,773,12,10,1,1,1
593,10,898,826,10,11,1,1,1
593,11,902,865,14,13,1,1,1
593,12,1009,875,13,11,1,1,1
593,13,1020,924,13,12,1,1,1
593,14,1165,894,13,13,1,1,1
593,15,1204,836,13,13,1,1,1
593,16,1332,914,15,13,1,1,1
594,1,1484,874,15,13,1,1,1
594,2,1335,840,12,12,1,1,1
594,3,1396,807,11,11,1,1,1
594,4,1260,795,11,10,1,1,1
594,5,1220,754,10,11,1,1,1
594,6,1121,742,11,10,1,1,1
594,7,1124,776,11,10,1,1,1
594,8,1026,786,10,10,1,1,1
594,9,936,774,10,10,1,1,1
594,10,895,826,12,11,1,1,1
594,11,899,865,13,11,1,1,1
594,12,1003,875,13,13,1,1,1
594,13,1015,924,13,13,1,1,1
594,14,1159,892,14,13,1,1,1
594,15,1198,834,15,12,1,1,1
594,16,1328,913,15,12,1,1,1
595,1,1478,873,15,12,1,1,1
595,2,1333,839,11,12,1,1,1
595,3,1391,808,12,11,1,1,1
595,4,1257,794,10,10,1,1,1
595,5,1216,754,12,10,1,1,1
595,6,1120,741,10,9,1,1,1
595,7,1121,778,10,10,1,1,1
595,8,1023,786,11,12,1,1,1
595,9,932,775,11,11,1,1,1
595,10,893,825,12,11,1,1,1
595,11,896,864,13,12,1,1,1
595,12,999,875,14,13,1,1,1
595,13,1009,924,13,11,1,1,1
595,14,1154,892,14,13,1,1,1
595,15,1195,832,12,12,1,1,1
595,16,1324,912,16,13,1,1,1
596,1,1476,873,15,13,1,1,1
596,2,1331,840,12,11,1,1,1
596,3,1390,809,11,9,1,1,1
596,4,1256,793,11,11,1,1,1
596,5,1217,755,10,9,1,1,1
596,6,1117,739,12,11,1,1,1
596,7,1119,778,12,11,1,1,1
596,8,1020,787,13,11,1,1,1
596,9,930,775,11,11,1,1,1
596,10,892,825,11,11,1,1,1
596,11,896,865,13,9,1,1,1
596,12,997,875,14,13,1,1,1
596,13,1007,923,13,14,1,1,1
596,14,1152,891,12,13,1,1,1
596,15,1193,831,13,12,1,1,1
596,16,1324,911,14,12,1,1,1
597,1,1474,872,12,13,1,1,1
597,2,1328,839,12,12,1,1,1
597,3,1387,809,11,12,1,1,1
597,4,1253,793,11,10,1,1,1
597,5,1213,753,11,10,1,1,1
597,6,1116,739,11,10,1,1,1
597,7,1117,780,11,10,1,1,1
597,8,1018,788,12,10,1,1,1
597,9,928,776,10,11,1,1,1
597,10,891,824,10,11,1,1,1
597,11,893,864,14,12,1,1,1
597,12,994,875,14,12,1,1,1
597,13,1003,923,14,13,1,1,1
597,14,1147,890,15,13,1,1,1
597,15,1190,829,15,13,1,1,1
597,16,1321,911,13,12,1,1,1
598,1,1469,872,15,11,1,1,1
598,2,1328,838,12,11,1,1,1
598,3,1384,810,12,11,1,1,1
598,4,1252,792,12,11,1,1,1
598,5,1212,753,11,11,1,1,1
598,6,1114,738,12,10,1,1,1
598,7,1115,781,11,10,1,1,1
598,8,1016,789,12,10,1,1,1
598,9,926,776,10,10,1,1,1
598,10,888,825,13,10,1,1,1
598,11,892,864,12,11,1,1,1
598,12,992,875,13,12,1,1,1
598,13,999,923,15,14,1,1,1
598,14,1144,890,13,13,1,1,1
598,15,1187,828,14,11,1,1,1
598,16,1318,910,14,11,1,1,1
599,1,1464,871,15,12,1,1,1
599,2,1325,838,12,10,1,1,1
599,3,1381,811,12,11,1,1,1
599,4,1250,792,11,11,1,1,1
599,5,1210,753,12,11,1,1,1
599,6,1112,737,10,9,1,1,1
599,7,1113,782,10,10,1,1,1
599,8,1013,790,12,10,1,1,1
599,9,923,777,10,11,1,1,1
599,10,887,824,11,11,1,1,1
599,11,889,863,13,11,1,1,1
599,12,988,874,12,12,1,1,1
599,13,996,923,13,13,1,1,1
599,14,1139,888,15,12,1,1,1
599,15,1184,826,15,11,1,1,1
599,16,1316,909,13,11,1,1,1
600,1,1460,870,16,13,1,1,1
600,2,1322,836,13,12,1,1,1
600,3,1378,812,12,10,1,1,1
600,4,1247,791,12,10,1,1,1
600,5,1209,754,9,9,1,1,1
600,6,1109,735,11,11,1,1,1
600,7,1111,783,10,11,1,1,1
600,8,1012,791,11,11,1,1,1
600,9,919,777,12,10,1,1,1
600,10,885,824,11,11,1,1,1
600,11,888,862,13,11,1,1,1
600,12,985,874,12,13,1,1,1
600,13,992,922,14,13,1,1,1
600,14,1137,888,14,12,1,1,1
600,15,1181,824,15,11,1,1,1
600,16,1314,907,14,12,1,1,1
601,1,1456,869,15,11,1,1,1
601,2,1320,836,12,11,1,1,1
601,3,1374,813,12,11,1,1,1
601,4,1245,790,11,11,1,1,1
601,5,1206,753,12,10,1,1,1
601,6,1107,733,12,11,1,1,1
601,7,1107,784,11,10,1,1,1
601,8,1009,792,10,9,1,1,1
601,9,917,778,10,10,1,1,1
601,10,882,824,13,10,1,1,1
601,11,886,861,13,12,1,1,1
601,12,980,874,12,13,1,1,1
601,13,987,922,13,13,1,1,1
601,14,1132,887,13,12,1,1,1
601,15,1179,821,12,12,1,1,1
601,16,1310,905,13,13,1,1,1
602,1,1453,868,15,13,1,1,1
602,2,1319,835,12,11,1,1,1
602,3,1373,814,10,9,1,1,1
602,4,1243,789,12,11,1,1,1
602,5,1204,753,13,9,1,1,1
602,6,1106,733,12,10,1,1,1
602,7,1106,785,10,10,1,1,1
602,8,1007,792,12,10,1,1,1
602,9,915,778,10,11,1,1,1
602,10,882,823,11,10,1,1,1
602,11,884,860,12,11,1,1,1
602,12,978,874,12,11,1,1,1
602,13,984,922,15,13,1,1,1
602,14,1129,885,13,12,1,1,1
602,15,1175,820,15,12,1,1,1
602,16,1309,905,12,11,1,1,1
603,1,1449,867,12,11,1,1,1
603,2,1316,834,12,11,1,1,1
603,3,1367,815,13,11,1,1,1
603,4,1240,788,13,11,1,1,1
603,5,1203,752,9,10,1,1,1
603,6,1103,731,11,11,1,1,1
603,7,1101,786,12,11,1,1,1
603,8,1004,793,11,10,1,1,1
603,9,911,778,11,11,1,1,1
603,10,880,823,12,11,1,1,1
603,11,882,860,13,10,1,1,1
603,12,973,873,13,12,1,1,1
603,13,979,920,15,14,1,1,1
603,14,1123,883,15,12,1,1,1
603,15,1172,817,15,12,1,1,1
603,16,1304,902,15,12,1,1,1
604,1,1445,866,13,12,1,1,1
604,2,1315,832,11,12,1,1,1
604,3,1365,816,12,10,1,1,1
604,4,1239,788,10,11,1,1,1
604,5,1201,752,10,10,1,1,1
604,6,1101,730,11,10,1,1,1
604,7,1099,787,11,11,1,1,1
604,8,1002,794,10,9,1,1,1
604,9,908,778,12,10,1,1,1
604,10,878,823,11,10,1,1,1
604,11,880,859,12,11,1,1,1
604,12,970,873,13,13,1,1,1
604,13,977,921,12,11,1,1,1
604,14,1120,883,15,11,1,1,1
604,15,1170,814,14,12,1,1,1
604,16,1302,901,14,12,1,1,1
605,1,1442,865,13,12,1,1,1
605,2,1314,833,12,10,1,1,1
605,3,1364,817,10,10,1,1,1
605,4,1237,787,13,11,1,1,1
605,5,1200,752,11,11,1,1,1
605,6,1101,729,10,10,1,1,1
605,7,1099,788,9,10,1,1,1
605,8,999,794,12,11,1,1,1
605,9,907,778,11,11,1,1,1
605,10,877,822,10,11,1,1,1
605,11,880,858,11,12,1,1,1
605,12,969,873,12,11,1,1,1
605,13,973,920,16,13,1,1,1
605,14,1118,881,13,14,1,1,1
605,15,1167,813,15,12,1,1,1
605,16,1301,900,13,11,1,1,1
606,1,1439,863,13,12,1,1,1
606,2,1312,831,12,12,1,1,1
606,3,1359,817,13,10,1,1,1
606,4,1235,786,12,11,1,1,1
606,5,1197,751,11,10,1,1,1
606,6,1099,728,11,10,1,1,1
606,7,1096,788,11,11,1,1,1
606,8,998,795,10,11,1,1,1
606,9,904,778,11,10,1,1,1
606,10,874,822,13,10,1,1,1
606,11,877,857,11,12,1,1,1
606,12,966,873,10,11,1,1,1
606,13,971,920,14,10,1,1,1
606,14,1115,881,14,12,1,1,1
606,15,1166,811,12,12,1,1,1
606,16,1298,898,13,11,1,1,1
607,1,1435,862,15,13,1,1,1
607,2,1310,830,12,11,1,1,1
607,3,1357,818,12,10,1,1,1
607,4,1234,786,11,11,1,1,1
607,5,1197,752,10,10,1,1,1
607,6,1097,727,12,10,1,1,1
607,7,1093,789,11,10,1,1,1
607,8,994,795,12,11,1,1,1
607,9,901,778,11,11,1,1,1
607,10,875,821,11,11,1,1,1
607,11,875,855,12,12,1,1,1
607,12,961,872,13,12,1,1,1
607,13,968,918,14,12,1,1,1
607,14,1110,879,15,12,1,1,1
607,15,1162,807,15,12,1,1,1
607,16,1296,896,15,13,1,1,1
608,1,1434,861,13,13,1,1,1
608,2,1309,829,13,11,1,1,1
608,3,1354,819,13,10,1,1,1
608,4,1232,785,13,11,1,1,1
608,5,1195,751,10,10,1,1,1
608,6,1096,726,12,9,1,1,1
608,7,1092,790,10,11,1,1,1
608,8,993,795,12,11,1,1,1
608,9,900,778,11,11,1,1,1
608,10,873,820,12,11,1,1,1
608,11,875,855,12,11,1,1,1
608,12,959,871,13,13,1,1,1
608,13,966,919,12,11,1,1,1
608,14,1109,879,14,11,1,1,1
608,15,1160,806,14,12,1,1,1
608,16,1295,895,13,12,1,1,1
609,1,1429,860,16,12,1,1,1
609,2,1307,828,12,12,1,1,1
609,3,1351,819,12,11,1,1,1
609,4,1232,785,10,10,1,1,1
609,5,1194,751,11,11,1,1,1
609,6,1095,724,10,11,1,1,1
609,7,1089,790,11,10,1,1,1
609,8,991,796,11,10,1,1,1
609,9,897,778,12,10,1,1,1
609,10,871,820,10,11,1,1,1
609,11,872,854,13,12,1,1,1
609,12,956,870,12,13,1,1,1
609,13,962,918,14,11,1,1,1
609,14,1105,877,15,12,1,1,1
609,15,1158,803,15,12,1,1,1
609,16,1292,893,14,12,1,1,1
610,1,1427,859,13,12,1,1,1
610,2,1306,826,12,11,1,1,1
610,3,1349,820,11,11,1,1,1
610,4,1229,784,11,10,1,1,1
610,5,1191,751,11,10,1,1,1
610,6,1092,723,11,11,1,1,1
610,7,1086,791,12,10,1,1,1
610,8,988,796,12,11,1,1,1
610,9,895,778,11,10,1,1,1
610,10,869,820,12,10,1,1,1
610,11,871,852,12,11,1,1,1
610,12,953,870,13,11,1,1,1
610,13,958,916,15,12,1,1,1
610,14,1101,875,15,12,1,1,1
610,15,1155,801,15,11,1,1,1
610,16,1290,891,15,11,1,1,1
611,1,1424,857,14,13,1,1,1
611,2,1304,825,14,12,1,1,1
611,3,1346,820,12,11,1,1,1
611,4,1228,783,12,11,1,1,1
611,5,1190,751,11,10,1,1,1
611,6,1091,722,11,10,1,1,1
611,7,1084,791,11,11,1,1,1
611,8,986,796,11,12,1,1,1
611,9,893,778,10,11,1,1,1
611,10,870,819,11,11,1,1,1
611,11,870,852,12,11,1,1,1
611,12,950,869,14,13,1,1,1
611,13,955,916,14,13,1,1,1
611,14,1098,874,16,13,1,1,1
611,15,1153,799,15,12,1,1,1
611,16,1288,889,15,13,1,1,1
612,1,1422,856,14,13,1,1,1
612,2,1303,824,13,12,1,1,1
612,3,1344,821,12,11,1,1,1
612,4,1226,783,11,10,1,1,1
612,5,1190,751,10,10,1,1,1
612,6,1089,721,12,11,1,1,1
612,7,1083,792,10,10,1,1,1
612,8,986,797,10,10,1,1,1
612,9,891,778,11,10,1,1,1
612,10,867,819,13,10,1,1,1
612,11,869,851,12,11,1,1,1
612,12,948,868,14,12,1,1,1
612,13,954,916,14,11,1,1,1
612,14,1096,873,15,13,1,1,1
612,15,1154,797,13,12,1,1,1
612,16,1287,888,15,11,1,1,1
613,1,1418,855,16,12,1,1,1
613,2,1303,823,12,11,1,1,1
613,3,1341,821,12,11,1,1,1
613,4,1225,782,10,11,1,1,1
613,5,1188,750,10,10,1,1,1
613,6,1089,720,11,10,1,1,1
613,7,1081,793,10,10,1,1,1
613,8,982,797,12,10,1,1,1
613,9,888,777,12,11,1,1,1
613,10,866,817,13,11,1,1,1
613,11,868,850,13,10,1,1,1
613,12,946,868,13,11,1,1,1
613,13,950,915,15,11,1,1,1
613,14,1093,871,14,12,1,1,1
613,15,1149,794,14,13,1,1,1
613,16,1286,886,13,11,1,1,1
614,1,1416,854,13,11,1,1,1
614,2,1302,822,12,10,1,1,1
614,3,1339,822,11,11,1,1,1
614,4,1225,782,11,9,1,1,1
614,5,1187,750,11,10,1,1,1
614,6,1088,718,10,11,1,1,1
614,7,1079,793,10,11,1,1,1
614,8,981,797,11,10,1,1,1
614,9,887,777,11,11,1,1,1
614,10,865,817,11,11,1,1,1
614,11,866,848,14,11,1,1,1
614,12,943,867,13,12,1,1,1
614,13,947,913,15,13,1,1,1
614,14,1091,870,13,13,1,1,1
614,15,1147,792,14,11,1,1,1
614,16,1284,884,13,11,1,1,1
615,1,1411,851,15,13,1,1,1
615,2,1299,820,12,11,1,1,1
615,3,1334,823,11,10,1,1,1
615,4,1221,780,11,10,1,1,1
615,5,1184,749,11,11,1,1,1
615,6,1084,716,12,10,1,1,1
615,7,1074,793,12,10,1,1,1
615,8,978,798,10,10,1,1,1
615,9,883,776,11,10,1,1,1
615,10,862,815,13,11,1,1,1
615,11,864,845,12,12,1,1,1
615,12,938,865,13,12,1,1,1
615,13,944,911,14,14,1,1,1
615,14,1087,868,13,12,1,1,1
615,15,1144,788,15,12,1,1,1
615,16,1280,880,15,11,1,1,1
616,1,1409,850,13,12,1,1,1
616,2,1299,818,12,11,1,1,1
616,3,1332,823,12,11,1,1,1
616,4,1219,779,12,11,1,1,1
616,5,1183,749,10,10,1,1,1
616,6,1084,715,11,10,1,1,1
616,7,1073,794,10,11,1,1,1
616,8,976,798,10,11,1,1,1
616,9,881,776,11,9,1,1,1
616,10,861,815,13,10,1,1,1
616,11,864,844,13,11,1,1,1
616,12,936,864,12,13,1,1,1
616,13,940,912,15,11,1,1,1
616,14,1084,865,14,12,1,1,1
616,15,1141,785,14,12,1,1,1
616,16,1278,878,14,11,1,1,1
617,1,1406,848,15,12,1,1,1
617,2,1297,817,12,11,1,1,1
617,3,1328,823,12,11,1,1,1
617,4,1219,778,10,10,1,1,1
617,5,1182,749,10,10,1,1,1
617,6,1083,714,10,9,1,1,1
617,7,1071,794,12,10,1,1,1
617,8,974,798,10,11,1,1,1
617,9,879,775,11,11,1,1,1
617,10,860,814,12,10,1,1,1
617,11,863,843,10,12,1,1,1
617,12,934,864,13,11,1,1,1
617,13,938,911,15,12,1,1,1
617,14,1080,864,14,13,1,1,1
617,15,1140,783,13,12,1,1,1
617,16,1277,876,13,11,1,1,1
618,1,1404,847,13,12,1,1,1
618,2,1297,815,12,11,1,1,1
618,3,1326,824,11,12,1,1,1
618,4,1218,777,10,10,1,1,1
618,5,1180,749,12,10,1,1,1
618,6,1081,712,11,10,1,1,1
618,7,1069,794,11,10,1,1,1
618,8,972,798,10,11,1,1,1
618,9,877,775,11,9,1,1,1
618,10,859,813,12,10,1,1,1
618,11,862,841,12,12,1,1,1
618,12,931,862,12,13,1,1,1
618,13,936,909,14,11,1,1,1
618,14,1079,862,14,13,1,1,1
618,15,1137,780,15,11,1,1,1
618,16,1276,874,14,11,1,1,1
619,1,1403,845,13,12,1,1,1
619,2,1295,814,12,10,1,1,1
619,3,1324,824,12,11,1,1,1
619,4,1216,776,10,11,1,1,1
619,5,1179,748,10,11,1,1,1
619,6,1081,710,11,11,1,1,1
619,7,1066,794,13,11,1,1,1
619,8,970,798,10,11,1,1,1
619,9,876,775,10,10,1,1,1
619,10,858,812,12,10,1,1,1
619,11,860,839,11,13,1,1,1
619,12,928,862,13,12,1,1,1
619,13,934,908,14,11,1,1,1
619,14,1076,861,13,11,1,1,1
619,15,1136,777,13,13,1,1,1
619,16,1274,871,14,12,1,1,1
620,1,1398,843,12,10,1,1,1
620,2,1294,812,13,11,1,1,1
620,3,1319,825,12,10,1,1,1
620,4,1214,775,12,9,1,1,1
620,5,1177,748,10,10,1,1,1
620,6,1077,708,12,11,1,1,1
620,7,1063,794,12,11,1,1,1
620,8,967,798,10,10,1,1,1
620,9,872,774,11,9,1,1,1
620,10,857,811,11,10,1,1,1
620,11,859,837,13,11,1,1,1
620,12,925,860,13,13,1,1,1
620,13,930,907,14,12,1,1,1
620,14,1072,858,13,12,1,1,1
620,15,1132,773,14,12,1,1,1
620,16,1271,868,15,10,1,1,1
621,1,1395,841,15,11,1,1,1
621,2,1292,809,12,11,1,1,1
621,3,1317,826,12,11,1,1,1
621,4,1214,773,9,11,1,1,1
621,5,1175,748,12,10,1,1,1
621,6,1077,706,9,9,1,1,1
621,7,1062,794,10,11,1,1,1
621,8,964,797,12,11,1,1,1
621,9,870,773,10,11,1,1,1
621,10,855,808,12,11,1,1,1
621,11,858,835,12,11,1,1,1
621,12,921,858,13,12,1,1,1
621,13,926,905,15,12,1,1,1
621,14,1068,855,15,12,1,1,1
621,15,1129,770,15,11,1,1,1
621,16,1269,865,14,11,1,1,1
622,1,1392,839,14,11,1,1,1
622,2,1292,807,12,12,1,1,1
622,3,1314,826,12,10,1,1,1
622,4,1211,772,11,10,1,1,1
622,5,1175,747,10,11,1,1,1
622,6,1075,704,12,11,1,1,1
622,7,1060,794,10,11,1,1,1
622,8,962,797,12,11,1,1,1
622,9,867,772,12,10,1,1,1
622,10,854,807,13,12,1,1,1
622,11,857,833,12,12,1,1,1
622,12,919,858,13,11,1,1,1
622,13,924,905,12,11,1,1,1
622,14,1066,853,13,13,1,1,1
622,15,1127,767,14,12,1,1,1
622,16,1267,862,13,11,1,1,1
623,1,1390,837,15,11,1,1,1
623,2,1291,805,12,11,1,1,1
623,3,1311,827,12,10,1,1,1
623,4,1210,771,11,10,1,1,1
623,5,1172,746,12,11,1,1,1
623,6,1074,703,12,10,1,1,1
623,7,1058,794,11,11,1,1,1
623,8,960,797,11,11,1,1,1
623,9,865,771,12,11,1,1,1
623,10,854,806,11,11,1,1,1
623,11,855,831,13,12,1,1,1
623,12,917,856,12,12,1,1,1
623,13,920,902,15,14,1,1,1
623,14,1064,850,13,12,1,1,1
623,15,1125,764,14,11,1,1,1
623,16,1266,860,14,11,1,1,1
624,1,1385,833,16,12,1,1,1
624,2,1289,802,13,11,1,1,1
624,3,1306,826,12,11,1,1,1
624,4,1207,768,11,10,1,1,1
624,5,1171,746,10,11,1,1,1
624,6,1072,700,11,10,1,1,1
624,7,1053,794,13,11,1,1,1
624,8,957,796,12,10,1,1,1
624,9,861,769,11,12,1,1,1
624,10,852,803,11,11,1,1,1
624,11,852,827,13,12,1,1,1
624,12,913,855,13,12,1,1,1
624,13,916,900,13,12,1,1,1
624,14,1060,847,13,11,1,1,1
624,15,1121,758,14,12,1,1,1
624,16,1263,855,14,11,1,1,1
625,1,1384,832,14,12,1,1,1
625,2,1289,800,12,11,1,1,1
625,3,1305,827,11,10,1,1,1
625,4,1208,767,11,11,1,1,1
625,5,1169,745,12,11,1,1,1
625,6,1071,699,12,10,1,1,1
625,7,1052,794,13,11,1,1,1
625,8,956,796,10,9,1,1,1
625,9,861,769,11,10,1,1,1
625,10,853,803,10,10,1,1,1
625,11,853,827,13,10,1,1,1
625,12,911,853,14,12,1,1,1
625,13,916,899,14,12,1,1,1
625,14,1057,845,15,13,1,1,1
625,15,1120,757,15,12,1,1,1
625,16,1261,853,15,10,1,1,1
626,1,1383,831,14,11,1,1,1
626,2,1288,799,13,11,1,1,1
626,3,1304,827,11,11,1,1,1
626,4,1206,767,11,11,1,1,1
626,5,1170,746,9,9,1,1,1
626,6,1070,698,11,10,1,1,1
626,7,1051,794,13,11,1,1,1
626,8,955,796,10,11,1,1,1
626,9,859,768,11,12,1,1,1
626,10,851,802,12,11,1,1,1
626,11,852,825,13,11,1,1,1
626,12,911,854,11,10,1,1,1
626,13,914,898,15,12,1,1,1
626,14,1056,844,13,12,1,1,1
626,15,1119,755,15,11,1,1,1
626,16,1261,852,14,11,1,1,1
627,1,1379,827,14,11,1,1,1
627,2,1287,795,13,11,1,1,1
627,3,1299,827,12,10,1,1,1
627,4,1206,764,9,10,1,1,1
627,5,1167,744,11,11,1,1,1
627,6,1068,695,12,9,1,1,1
627,7,1049,794,10,11,1,1,1
627,8,951,795,11,10,1,1,1
627,9,856,767,11,10,1,1,1
627,10,849,800,13,10,1,1,1
627,11,850,822,14,10,1,1,1
627,12,906,850,13,12,1,1,1
627,13,910,895,14,12,1,1,1
627,14,1053,840,13,11,1,1,1
627,15,1115,749,15,12,1,1,1
627,16,1258,847,14,11,1,1,1
628,1,1378,824,14,13,1,1,1
628,2,1285,793,12,11,1,1,1
628,3,1297,826,10,11,1,1,1
628,4,1203,762,12,11,1,1,1
628,5,1166,743,10,11,1,1,1
628,6,1067,692,11,11,1,1,1
628,7,1047,793,11,11,1,1,1
628,8,950,794,11,11,1,1,1
628,9,854,766,10,11,1,1,1
628,10,849,798,12,11,1,1,1
628,11,851,819,12,12,1,1,1
628,12,903,849,13,13,1,1,1
628,13,908,894,14,11,1,1,1
628,14,1050,836,13,12,1,1,1
628,15,1114,746,14,11,1,1,1
628,16,1257,844,12,12,1,1,1
629,1,1376,822,14,13,1,1,1
629,2,1285,791,12,11,1,1,1
629,3,1295,826,11,11,1,1,1
629,4,1202,761,12,11,1,1,1
629,5,1164,743,11,10,1,1,1
629,6,1065,691,11,11,1,1,1
629,7,1044,793,13,11,1,1,1
629,8,948,794,12,11,1,1,1
629,9,853,765,10,11,1,1,1
629,10,848,797,12,11,1,1,1
629,11,849,818,13,10,1,1,1
629,12,901,848,13,11,1,1,1
629,13,905,892,15,12,1,1,1
629,14,1048,834,13,12,1,1,1
629,15,1111,744,15,11,1,1,1
629,16,1254,841,14,10,1,1,1
630,1,1373,820,15,13,1,1,1
630,2,1285,789,12,12,1,1,1
630,3,1293,827,11,10,1,1,1
630,4,1201,760,11,10,1,1,1
630,5,1165,742,9,10,1,1,1
630,6,1066,689,9,10,1,1,1
630,7,1043,793,11,10,1,1,1
630,8,947,794,10,11,1,1,1
630,9,851,764,10,11,1,1,1
630,10,847,795,11,11,1,1,1
630,11,848,815,13,12,1,1,1
630,12,899,846,15,12,1,1,1
630,13,904,890,14,12,1,1,1
630,14,1045,832,13,11,1,1,1
630,15,1109,741,13,11,1,1,1
630,16,1254,839,14,12,1,1,1
631,1,1372,818,13,12,1,1,1
631,2,1283,787,14,10,1,1,1
631,3,1290,826,13,11,1,1,1
631,4,1200,758,11,11,1,1,1
631,5,1163,741,10,11,1,1,1
631,6,1064,688,10,9,1,1,1
631,7,1042,792,10,12,1,1,1
631,8,944,793,13,11,1,1,1
631,9,848,762,12,11,1,1,1
631,10,846,793,12,11,1,1,1
631,11,846,813,13,11,1,1,1
631,12,897,845,13,12,1,1,1
631,13,902,888,12,13,1,1,1
631,14,1042,829,13,12,1,1,1
631,15,1107,737,15,12,1,1,1
631,16,1251,835,13,12,1,1,1
632,1,1369,815,14,12,1,1,1
632,2,1282,784,12,11,1,1,1
632,3,1288,827,11,10,1,1,1
632,4,1198,756,11,10,1,1,1
632,5,1161,741,11,10,1,1,1
632,6,1062,685,12,10,1,1,1
632,7,1040,793,11,9,1,1,1
632,8,942,792,13,11,1,1,1
632,9,847,761,10,11,1,1,1
632,10,845,791,11,11,1,1,1
632,11,845,810,13,11,1,1,1
632,12,896,843,13,11,1,1,1
632,13,898,886,15,11,1,1,1
632,14,1039,825,14,13,1,1,1
632,15,1104,733,15,12,1,1,1
632,16,1250,832,14,12,1,1,1
633,1,1368,813,14,11,1,1,1
633,2,1283,782,11,11,1,1,1
633,3,1286,827,12,10,1,1,1
633,4,1197,755,11,10,1,1,1
633,5,1160,740,11,10,1,1,1
633,6,1061,683,10,11,1,1,1
633,7,1038,792,10,10,1,1,1
633,8,942,792,10,9,1,1,1
633,9,845,760,11,11,1,1,1
633,10,844,790,13,11,1,1,1
633,11,846,808,13,12,1,1,1
633,12,894,842,12,11,1,1,1
633,13,896,883,14,14,1,1,1
633,14,1037,823,15,13,1,1,1
633,15,1102,731,14,12,1,1,1
633,16,1249,830,12,11,1,1,1
634,1,1365,810,14,11,1,1,1
634,2,1281,780,13,10,1,1,1
634,3,1285,826,11,11,1,1,1
634,4,1196,753,12,11,1,1,1
634,5,1158,739,11,10,1,1,1
634,6,1060,681,11,11,1,1,1
634,7,1037,792,11,10,1,1,1
634,8,939,791,13,11,1,1,1
634,9,843,759,11,10,1,1,1
634,10,844,788,11,11,1,1,1
634,11,844,806,12,11,1,1,1
634,12,892,841,13,12,1,1,1
634,13,895,881,14,12,1,1,1
634,14,1035,820,14,13,1,1,1
634,15,1100,728,15,12,1,1,1
634,16,1246,826,13,10,1,1,1
635,1,1362,806,14,12,1,1,1
635,2,1281,776,13,12,1,1,1
635,3,1281,825,11,12,1,1,1
635,4,1195,751,12,11,1,1,1
635,5,1157,737,12,11,1,1,1
635,6,1058,679,11,10,1,1,1
635,7,1034,791,11,10,1,1,1
635,8,939,790,11,11,1,1,1
635,9,840,756,12,11,1,1,1
635,10,842,786,13,11,1,1,1
635,11,845,802,11,11,1,1,1
635,12,888,838,13,12,1,1,1
635,13,892,878,14,12,1,1,1
635,14,1033,816,13,12,1,1,1
635,15,1097,723,14,12,1,1,1
635,16,1245,822,13,11,1,1,1
636,1,1360,802,14,12,1,1,1
636,2,1281,772,10,11,1,1,1
636,3,1276,826,12,10,1,1,1
636,4,1193,748,12,11,1,1,1
636,5,1157,737,9,9,1,1,1
636,6,1057,675,10,11,1,1,1
636,7,1031,790,11,9,1,1,1
636,8,935,789,11,10,1,1,1
636,9,838,754,10,10,1,1,1
636,10,841,782,11,11,1,1,1
636,11,842,798,13,11,1,1,1
636,12,885,835,14,11,1,1,1
636,13,888,875,15,12,1,1,1
636,14,1029,811,12,13,1,1,1
636,15,1094,718,12,12,1,1,1
636,16,1241,817,15,11,1,1,1
637,1,1357,798,15,12,1,1,1
637,2,1278,769,14,10,1,1,1
637,3,1274,826,12,11,1,1,1
637,4,1194,745,10,11,1,1,1
637,5,1154,735,12,10,1,1,1
637,6,1056,672,9,10,1,1,1
637,7,1029,789,11,10,1,1,1
637,8,933,788,10,10,1,1,1
637,9,835,752,11,10,1,1,1
637,10,839,779,13,11,1,1,1
637,11,840,795,14,11,1,1,1
637,12,882,832,13,12,1,1,1
637,13,886,871,14,13,1,1,1
637,14,1025,807,14,11,1,1,1
637,15,1090,714,13,12,1,1,1
637,16,1240,813,12,11,1,1,1
638,1,1354,794,14,13,1,1,1
638,2,1277,766,14,11,1,1,1
638,3,1272,826,12,11,1,1,1
638,4,1193,743,10,11,1,1,1
638,5,1153,734,12,10,1,1,1
638,6,1053,670,11,10,1,1,1
638,7,1027,788,13,10,1,1,1
638,8,931,787,11,10,1,1,1
638,9,833,749,12,11,1,1,1
638,10,839,777,11,11,1,1,1
638,11,839,792,13,11,1,1,1
638,12,880,830,13,12,1,1,1
638,13,884,869,12,12,1,1,1
638,14,1023,804,13,12,1,1,1
638,15,1089,711,13,12,1,1,1
638,16,1237,809,15,11,1,1,1
639,1,1353,791,14,12,1,1,1
639,2,1277,762,13,12,1,1,1
639,3,1269,825,11,11,1,1,1
639,4,1190,741,12,10,1,1,1
639,5,1153,733,9,9,1,1,1
639,6,1053,667,9,10,1,1,1
639,7,1025,787,13,11,1,1,1
639,8,930,786,11,10,1,1,1
639,9,831,747,11,10,1,1,1
639,10,837,774,13,12,1,1,1
639,11,839,789,12,11,1,1,1
639,12,879,827,11,11,1,1,1
639,13,880,864,15,12,1,1,1
639,14,1019,799,13,13,1,1,1
639,15,1085,707,13,12,1,1,1
639,16,1235,805,13,12,1,1,1
640,1,1349,786,14,12,1,1,1
640,2,1275,759,12,11,1,1,1
640,3,1266,824,12,12,1,1,1
640,4,1188,738,12,11,1,1,1
640,5,1150,731,12,10,1,1,1
640,6,1050,664,10,11,1,1,1
640,7,1023,786,13,10,1,1,1
640,8,928,785,12,10,1,1,1
640,9,828,745,11,11,1,1,1
640,10,836,772,13,10,1,1,1
640,11,837,785,13,11,1,1,1
640,12,875,824,13,12,1,1,1
640,13,877,861,15,13,1,1,1
640,14,1016,795,14,12,1,1,1
640,15,1082,703,13,12,1,1,1
640,16,1234,800,13,12,1,1,1
641,1,1347,783,15,12,1,1,1
641,2,1275,756,14,11,1,1,1
641,3,1264,824,13,11,1,1,1
641,4,1188,735,12,11,1,1,1
641,5,1148,729,11,10,1,1,1
641,6,1048,662,12,9,1,1,1
641,7,1022,786,12,10,1,1,1
641,8,927,784,11,10,1,1,1
641,9,826,743,11,10,1,1,1
641,10,836,769,11,11,1,1,1
641,11,836,782,13,11,1,1,1
641,12,873,821,13,12,1,1,1
641,13,875,857,15,13,1,1,1
641,14,1015,791,11,12,1,1,1
641,15,1079,700,13,12,1,1,1
641,16,1232,796,13,12,1,1,1
642,1,1346,780,14,12,1,1,1
642,2,1274,753,13,11,1,1,1
642,3,1263,824,11,11,1,1,1
642,4,1187,733,12,11,1,1,1
642,5,1147,728,12,10,1,1,1
642,6,1047,660,11,10,1,1,1
642,7,1021,784,11,11,1,1,1
642,8,924,782,13,11,1,1,1
642,9,825,741,10,10,1,1,1
642,10,836,767,10,11,1,1,1
642,11,837,779,11,12,1,1,1
642,12,871,819,13,12,1,1,1
642,13,873,855,15,12,1,1,1
642,14,1011,788,14,12,1,1,1
642,15,1076,697,13,11,1,1,1
642,16,1229,793,14,12,1,1,1
643,1,1345,777,12,11,1,1,1
643,2,1275,750,11,12,1,1,1
643,3,1260,823,12,12,1,1,1
643,4,1186,731,11,11,1,1,1
643,5,1147,727,11,10,1,1,1
643,6,1046,657,10,11,1,1,1
643,7,1020,784,11,10,1,1,1
643,8,923,781,11,9,1,1,1
643,9,823,739,11,10,1,1,1
643,10,835,765,11,11,1,1,1
643,11,836,776,13,11,1,1,1
643,12,871,817,13,11,1,1,1
643,13,871,851,15,13,1,1,1
643,14,1009,785,14,11,1,1,1
643,15,1073,694,14,12,1,1,1
643,16,1228,789,12,12,1,1,1
644,1,1342,774,14,12,1,1,1
644,2,1274,748,13,11,1,1,1
644,3,1259,824,13,10,1,1,1
644,4,1185,730,11,11,1,1,1
644,5,1146,726,12,10,1,1,1
644,6,1045,656,12,10,1,1,1
644,7,1018,783,11,10,1,1,1
644,8,922,780,11,10,1,1,1
644,9,822,737,11,11,1,1,1
644,10,834,763,10,11,1,1,1
644,11,836,775,12,11,1,1,1
644,12,869,815,13,12,1,1,1
644,13,870,850,14,11,1,1,1
644,14,1008,782,13,12,1,1,1
644,15,1071,693,13,11,1,1,1
644,16,1227,787,13,12,1,1,1
645,1,1342,771,12,12,1,1,1
645,2,1274,746,10,11,1,1,1
645,3,1258,824,11,10,1,1,1
645,4,1184,728,11,9,1,1,1
645,5,1145,724,11,11,1,1,1
645,6,1043,654,13,9,1,1,1
645,7,1017,782,11,10,1,1,1
645,8,921,779,11,9,1,1,1
645,9,820,736,12,10,1,1,1
645,10,834,762,11,10,1,1,1
645,11,834,772,11,10,1,1,1
645,12,867,812,14,11,1,1,1
645,13,868,846,14,13,1,1,1
645,14,1006,779,12,13,1,1,1
645,15,1069,690,13,12,1,1,1
645,16,1224,784,15,11,1,1,1
646,1,1338,767,15,11,1,1,1
646,2,1274,742,10,11,1,1,1
646,3,1255,823,13,10,1,1,1
646,4,1182,725,12,10,1,1,1
646,5,1144,723,10,9,1,1,1
646,6,1042,651,12,10,1,1,1
646,7,1015,780,10,10,1,1,1
646,8,919,777,13,11,1,1,1
646,9,818,733,11,10,1,1,1
646,10,833,759,11,10,1,1,1
646,11,834,768,11,11,1,1,1
646,12,865,809,12,11,1,1,1
646,13,866,842,14,12,1,1,1
646,14,1002,775,14,11,1,1,1
646,15,1065,687,14,12,1,1,1
646,16,1223,779,13,12,1,1,1
647,1,1337,763,14,12,1,1,1
647,2,1271,739,14,11,1,1,1
647,3,1254,822,10,10,1,1,1
647,4,1182,723,12,10,1,1,1
647,5,1142,721,12,10,1,1,1
647,6,1041,649,11,10,1,1,1
647,7,1014,779,12,9,1,1,1
647,8,919,775,11,11,1,1,1
647,9,817,730,11,11,1,1,1
647,10,831,756,13,11,1,1,1
647,11,832,765,12,11,1,1,1
647,12,863,806,14,12,1,1,1
647,13,863,838,15,13,1,1,1
647,14,999,771,14,12,1,1,1
647,15,1062,684,14,12,1,1,1
647,16,1221,775,13,12,1,1,1
648,1,1334,760,15,11,1,1,1
648,2,1270,736,13,11,1,1,1
648,3,1252,821,11,11,1,1,1
648,4,1180,720,11,10,1,1,1
648,5,1142,719,10,10,1,1,1
648,6,1040,646,11,10,1,1,1
648,7,1012,777,11,10,1,1,1
648,8,917,774,10,11,1,1,1
648,9,814,728,12,10,1,1,1
648,10,831,753,10,11,1,1,1
648,11,832,762,11,10,1,1,1
648,12,862,803,13,12,1,1,1
648,13,862,835,12,13,1,1,1
648,14,997,767,12,13,1,1,1
648,15,1059,682,13,11,1,1,1
648,16,1218,771,14,12,1,1,1
649,1,1332,757,14,11,1,1,1
649,2,1271,733,13,11,1,1,1
649,3,1249,821,12,10,1,1,1
649,4,1179,718,12,11,1,1,1
649,5,1140,718,11,10,1,1,1
649,6,1037,644,12,10,1,1,1
649,7,1011,776,11,10,1,1,1
649,8,915,772,13,11,1,1,1
649,9,812,725,12,11,1,1,1
649,10,829,751,13,11,1,1,1
649,11,830,759,14,11,1,1,1
649,12,860,800,12,12,1,1,1
649,13,859,832,15,12,1,1,1
649,14,994,764,14,11,1,1,1
649,15,1057,679,13,12,1,1,1
649,16,1216,768,13,12,1,1,1
650,1,1331,753,14,11,1,1,1
650,2,1270,730,12,11,1,1,1
650,3,1247,820,12,11,1,1,1
650,4,1178,715,11,10,1,1,1
650,5,1139,715,11,11,1,1,1
650,6,1037,641,11,11,1,1,1
650,7,1009,774,11,11,1,1,1
650,8,915,770,11,11,1,1,1
650,9,810,723,12,10,1,1,1
650,10,828,748,14,11,1,1,1
650,11,830,755,12,11,1,1,1
650,12,859,796,11,12,1,1,1
650,13,856,828,14,11,1,1,1
650,14,991,759,14,12,1,1,1
650,15,1054,676,12,12,1,1,1
650,16,1214,764,13,11,1,1,1
651,1,1329,749,14,11,1,1,1
651,2,1268,726,13,11,1,1,1
651,3,1247,819,10,11,1,1,1
651,4,1178,713,12,10,1,1,1
651,5,1138,714,11,10,1,1,1
651,6,1035,639,11,11,1,1,1
651,7,1007,772,12,11,1,1,1
651,8,914,768,10,11,1,1,1
651,9,809,720,11,10,1,1,1
651,10,829,745,12,11,1,1,1
651,11,829,752,13,11,1,1,1
651,12,856,793,12,11,1,1,1
651,13,854,824,15,11,1,1,1
651,14,990,756,13,11,1,1,1
651,15,1050,674,13,11,1,1,1
651,16,1213,760,11,12,1,1,1
652,1,1326,746,15,12,1,1,1
652,2,1268,724,14,11,1,1,1
652,3,1245,818,12,11,1,1,1
652,4,1177,711,12,10,1,1,1
652,5,1138,712,10,10,1,1,1
652,6,1034,637,11,11,1,1,1
652,7,1007,771,11,11,1,1,1
652,8,912,767,10,10,1,1,1
652,9,807,718,12,11,1,1,1
652,10,829,743,10,10,1,1,1
652,11,829,749,11,12,1,1,1
652,12,856,791,11,11,1,1,1
652,13,852,820,14,13,1,1,1
652,14,986,753,15,11,1,1,1
652,15,1048,671,12,13,1,1,1
652,16,1210,756,14,13,1,1,1
653,1,1324,743,14,12,1,1,1
653,2,1267,721,13,9,1,1,1
653,3,1243,817,13,12,1,1,1
653,4,1177,709,10,10,1,1,1
653,5,1137,711,10,10,1,1,1
653,6,1031,636,11,9,1,1,1
653,7,1005,769,13,11,1,1,1
653,8,912,765,11,11,1,1,1
653,9,805,716,12,10,1,1,1
653,10,827,740,11,11,1,1,1
653,11,828,746,12,12,1,1,1
653,12,853,787,12,11,1,1,1
653,13,852,817,13,13,1,1,1
653,14,984,749,13,13,1,1,1
653,15,1045,669,12,12,1,1,1
653,16,1209,753,13,12,1,1,1
654,1,1322,739,15,12,1,1,1
654,2,1268,717,11,11,1,1,1
654,3,1243,816,10,11,1,1,1
654,4,1175,705,11,11,1,1,1
654,5,1135,709,10,9,1,1,1
654,6,1031,633,10,10,1,1,1
654,7,1005,767,10,10,1,1,1
654,8,909,763,11,10,1,1,1
654,9,803,713,12,10,1,1,1
654,10,826,738,11,10,1,1,1
654,11,826,743,12,10,1,1,1
654,12,852,784,13,12,1,1,1
654,13,848,813,15,11,1,1,1
654,14,981,745,13,13,1,1,1
654,15,1040,667,14,12,1,1,1
654,16,1207,749,11,11,1,1,1
655,1,1319,734,15,11,1,1,1
655,2,1265,713,13,11,1,1,1
655,3,1239,814,13,12,1,1,1
655,4,1173,702,13,10,1,1,1
655,5,1133,706,12,10,1,1,1
655,6,1028,630,10,10,1,1,1
655,7,1004,765,11,9,1,1,1
655,8,909,760,10,10,1,1,1
655,9,801,709,11,10,1,1,1
655,11,825,738,12,11,1,1,1
655,12,849,779,13,12,1,1,1
655,13,845,807,15,13,1,1,1
655,14,978,740,14,12,1,1,1
655,15,1035,664,13,11,1,1,1
655,16,1203,744,12,11,1,1,1
656,1,1316,729,15,11,1,1,1
656,2,1264,708,14,12,1,1,1
656,3,1237,812,13,12,1,1,1
656,4,1173,698,10,11,1,1,1
656,5,1131,703,11,9,1,1,1
656,6,1025,627,11,11,1,1,1
656,7,1001,762,11,11,1,1,1
656,8,906,757,13,11,1,1,1
656,9,799,706,10,10,1,1,1
656,11,824,734,13,11,1,1,1
656,12,847,774,13,12,1,1,1
656,13,842,802,14,12,1,1,1
656,14,973,734,15,12,1,1,1
656,15,1032,660,12,12,1,1,1
656,16,1199,739,14,12,1,1,1
657,1,1315,724,13,11,1,1,1
657,2,1264,704,14,12,1,1,1
657,3,1237,811,10,11,1,1,1
657,4,1170,695,12,11,1,1,1
657,5,1130,701,11,10,1,1,1
657,6,1024,625,10,11,1,1,1
657,7,1001,759,11,10,1,1,1
657,8,906,755,11,10,1,1,1
657,9,796,702,12,11,1,1,1
657,11,823,730,12,11,1,1,1
657,12,845,770,13,12,1,1,1
657,13,841,797,13,12,1,1,1
657,14,971,730,12,13,1,1,1
657,15,1026,658,14,11,1,1,1
657,16,1197,735,13,12,1,1,1
658,1,1313,721,14,12,1,1,1
658,2,1264,702,13,11,1,1,1
658,3,1234,809,11,12,1,1,1
658,4,1170,693,12,10,1,1,1
658,5,1128,699,13,10,1,1,1
658,6,1021,623,12,11,1,1,1
658,7,999,758,11,10,1,1,1
658,8,905,753,11,10,1,1,1
658,9,794,700,12,10,1,1,1
658,11,822,727,13,11,1,1,1
658,12,843,767,13,11,1,1,1
658,13,839,793,13,13,1,1,1
658,14,967,727,15,13,1,1,1
658,15,1023,656,13,11,1,1,1
658,16,1195,733,13,11,1,1,1
659,1,1310,717,15,12,1,1,1
659,2,1263,699,13,10,1,1,1
659,3,1233,809,12,10,1,1,1
659,4,1168,690,12,11,1,1,1
659,5,1127,697,13,10,1,1,1
659,6,1020,621,11,10,1,1,1
659,7,998,756,11,10,1,1,1
659,8,904,751,12,10,1,1,1
659,9,793,697,11,11,1,1,1
659,11,821,724,13,11,1,1,1
659,12,843,764,11,11,1,1,1
659,13,837,789,13,13,1,1,1
659,14,965,724,13,12,1,1,1
659,15,1020,653,13,12,1,1,1
659,16,1192,729,14,11,1,1,1
660,1,1308,715,15,11,1,1,1
660,2,1263,696,10,11,1,1,1
660,3,1231,807,12,11,1,1,1
660,4,1167,688,13,10,1,1,1
660,5,1126,695,13,10,1,1,1
660,6,1019,620,10,9,1,1,1
660,7,997,754,11,10,1,1,1
660,8,903,749,12,10,1,1,1
660,9,791,695,11,11,1,1,1
660,11,821,721,12,12,1,1,1
660,12,842,761,11,11,1,1,1
660,13,834,786,14,12,1,1,1
660,14,962,721,15,13,1,1,1
660,15,1016,651,14,12,1,1,1
660,16,1192,726,11,13,1,1,1
661,1,1307,710,12,13,1,1,1
661,2,1260,693,14,11,1,1,1
661,3,1230,805,13,12,1,1,1
661,4,1166,685,13,11,1,1,1
661,5,1125,693,13,10,1,1,1
661,6,1017,618,10,10,1,1,1
661,7,996,751,10,10,1,1,1
661,8,901,746,12,10,1,1,1
661,9,789,692,12,11,1,1,1
661,11,819,718,13,11,1,1,1
661,12,839,757,13,12,1,1,1
661,13,832,781,13,13,1,1,1
661,14,961,717,12,13,1,1,1
661,15,1012,649,14,12,1,1,1
661,16,1189,724,12,12,1,1,1
662,1,1305,708,12,12,1,1,1
662,2,1262,690,12,11,1,1,1
662,3,1228,804,12,10,1,1,1
662,4,1165,683,12,10,1,1,1
662,5,1125,691,11,10,1,1,1
662,6,1014,616,12,10,1,1,1
662,7,995,749,11,10,1,1,1
662,8,900,744,12,11,1,1,1
662,9,788,690,11,9,1,1,1
662,11,819,715,12,11,1,1,1
662,12,838,754,12,10,1,1,1
662,13,831,778,12,12,1,1,1
662,14,957,715,13,11,1,1,1
662,15,1009,647,14,12,1,1,1
662,16,1186,721,13,12,1,1,1
663,1,1302,705,15,12,1,1,1
663,2,1259,688,13,10,1,1,1
663,3,1228,802,13,11,1,1,1
663,4,1165,680,11,11,1,1,1
663,5,1125,689,10,11,1,1,1
663,6,1014,615,10,10,1,1,1
663,7,994,748,11,10,1,1,1
663,8,900,742,11,10,1,1,1
663,9,786,688,11,10,1,1,1
663,11,819,712,11,11,1,1,1
663,12,836,751,13,12,1,1,1
663,13,828,775,13,12,1,1,1
663,14,954,712,15,12,1,1,1
663,15,1006,645,13,12,1,1,1
663,16,1184,719,13,12,1,1,1
664,1,1301,702,11,11,1,1,1
664,2,1259,684,13,11,1,1,1
664,3,1227,801,12,11,1,1,1
664,4,1164,677,11,11,1,1,1
664,5,1122,687,12,9,1,1,1
664,6,1011,613,10,10,1,1,1
664,7,992,745,11,11,1,1,1
664,8,899,739,12,11,1,1,1
664,9,784,685,11,10,1,1,1
664,11,816,709,13,11,1,1,1
664,12,835,747,12,12,1,1,1
664,13,827,770,12,12,1,1,1
664,14,951,708,14,13,1,1,1
664,15,1003,643,13,11,1,1,1
664,16,1182,716,13,11,1,1,1
665,1,1297,699,14,11,1,1,1
665,2,1257,681,14,11,1,1,1
665,3,1225,799,11,10,1,1,1
665,4,1163,675,12,11,1,1,1
665,5,1121,685,12,9,1,1,1
665,6,1009,611,11,11,1,1,1
665,7,991,743,11,11,1,1,1
665,8,899,738,11,10,1,1,1
665,9,783,683,10,9,1,1,1
665,11,816,706,11,10,1,1,1
665,12,833,744,13,11,1,1,1
665,13,824,766,14,13,1,1,1
665,14,950,706,14,12,1,1,1
665,15,999,641,12,12,1,1,1
665,16,1180,713,13,13,1,1,1
666,1,1297,696,14,12,1,1,1
666,2,1256,678,13,12,1,1,1
666,3,1225,797,12,11,1,1,1
666,4,1162,673,12,10,1,1,1
666,5,1121,683,10,11,1,1,1
666,6,1007,610,11,11,1,1,1
666,7,990,741,11,9,1,1,1
666,8,898,736,11,10,1,1,1
666,9,781,681,11,10,1,1,1
666,11,814,704,13,11,1,1,1
666,12,832,741,13,12,1,1,1
666,13,823,763,12,12,1,1,1
666,14,946,704,14,12,1,1,1
666,15,995,639,14,12,1,1,1
666,16,1176,711,15,12,1,1,1
667,1,1293,693,15,11,1,1,1
667,2,1257,675,11,11,1,1,1
667,3,1224,795,11,11,1,1,1
667,4,1160,670,12,10,1,1,1
667,5,1120,680,9,10,1,1,1
667,6,1005,608,11,10,1,1,1
667,7,990,738,10,11,1,1,1
667,8,897,733,11,10,1,1,1
667,9,778,678,12,10,1,1,1
667,11,813,700,12,11,1,1,1
667,12,830,737,12,11,1,1,1
667,13,820,758,12,12,1,1,1
667,14,945,701,13,12,1,1,1
667,15,990,636,14,12,1,1,1
667,16,1173,709,14,11,1,1,1
668,1,1289,689,15,12,1,1,1
668,2,1255,670,12,11,1,1,1
668,3,1222,792,11,10,1,1,1
668,4,1158,666,12,10,1,1,1
668,5,1118,677,10,9,1,1,1
668,6,1002,606,10,10,1,1,1
668,7,988,735,12,9,1,1,1
668,8,895,729,12,10,1,1,1
668,9,775,674,11,11,1,1,1
668,11,811,695,12,11,1,1,1
668,12,829,731,12,12,1,1,1
668,13,816,751,13,13,1,1,1
668,14,938,696,14,12,1,1,1
668,15,985,633,13,12,1,1,1
668,16,1171,705,13,11,1,1,1
669,1,1286,685,14,11,1,1,1
669,2,1252,666,14,11,1,1,1
669,3,1220,789,13,12,1,1,1
669,4,1156,663,12,10,1,1,1
669,5,1116,674,11,11,1,1,1
669,6,999,604,10,10,1,1,1
669,7,987,732,11,10,1,1,1
669,8,894,726,12,10,1,1,1
669,9,774,671,11,11,1,1,1
669,11,809,692,12,9,1,1,1
669,12,826,727,13,12,1,1,1
669,13,814,747,12,12,1,1,1
669,14,934,693,14,12,1,1,1
669,15,979,630,14,12,1,1,1
669,16,1168,701,11,12,1,1,1
670,1,1283,681,15,13,1,1,1
670,2,1250,662,14,11,1,1,1
670,3,1218,787,11,10,1,1,1
670,4,1156,659,10,11,1,1,1
670,5,1115,672,10,10,1,1,1
670,6,997,602,10,10,1,1,1
670,7,986,729,11,10,1,1,1
670,8,893,723,12,9,1,1,1
670,9,771,669,11,10,1,1,1
670,11,807,687,12,11,1,1,1
670,12,824,723,12,11,1,1,1
670,13,809,742,14,12,1,1,1
670,14,932,690,13,12,1,1,1
670,15,974,627,14,12,1,1,1
670,16,1162,699,15,11,1,1,1
671,1,1284,680,13,12,1,1,1
671,2,1250,661,14,11,1,1,1
671,3,1218,786,13,11,1,1,1
671,4,1155,659,11,10,1,1,1
671,5,1114,671,11,10,1,1,1
671,6,995,601,11,11,1,1,1
671,7,985,728,12,10,1,1,1
671,8,893,722,11,10,1,1,1
671,9,771,668,10,10,1,1,1
671,11,807,686,12,11,1,1,1
671,12,823,722,13,11,1,1,1
671,13,809,740,14,13,1,1,1
671,14,929,688,15,12,1,1,1
671,15,973,626,14,12,1,1,1
671,16,1161,698,15,11,1,1,1
672,1,1281,677,13,12,1,1,1
672,2,1249,657,13,12,1,1,1
672,3,1218,783,12,11,1,1,1
672,4,1153,655,11,10,1,1,1
672,5,1113,668,10,9,1,1,1
672,6,993,600,10,10,1,1,1
672,7,983,725,11,11,1,1,1
672,8,892,719,10,10,1,1,1
672,9,767,666,12,10,1,1,1
672,11,805,682,12,11,1,1,1
672,12,822,718,12,10,1,1,1
672,13,806,737,14,12,1,1,1
672,14,926,686,13,12,1,1,1
672,15,969,624,12,12,1,1,1
672,16,1160,695,12,12,1,1,1
673,1,1278,674,13,12,1,1,1
673,2,1248,655,12,11,1,1,1
673,3,1215,781,12,10,1,1,1
673,4,1152,653,11,10,1,1,1
673,5,1111,665,10,10,1,1,1
673,6,990,598,11,10,1,1,1
673,7,982,722,11,11,1,1,1
673,8,891,716,10,10,1,1,1
673,9,766,664,10,10,1,1,1
673,11,803,679,12,11,1,1,1
673,12,821,714,11,10,1,1,1
673,13,803,732,13,13,1,1,1
673,14,922,682,15,13,1,1,1
673,15,964,621,13,12,1,1,1
673,16,1155,692,13,13,1,1,1
674,1,1276,672,13,12,1,1,1
674,2,1246,651,12,12,1,1,1
674,3,1215,778,12,11,1,1,1
674,4,1150,650,12,11,1,1,1
674,5,1110,663,11,10,1,1,1
674,6,987,597,11,10,1,1,1
674,7,982,720,10,10,1,1,1
674,8,889,713,12,10,1,1,1
674,9,764,661,10,11,1,1,1
674,11,801,676,13,12,1,1,1
674,12,818,710,13,13,1,1,1
674,13,801,729,12,12,1,1,1
674,14,920,681,13,11,1,1,1
674,15,959,619,14,12,1,1,1
674,16,1153,690,13,12,1,1,1
675,1,1274,670,13,11,1,1,1
675,2,1244,649,13,12,1,1,1
675,3,1214,776,13,12,1,1,1
675,4,1148,648,12,11,1,1,1
675,5,1110,663,9,9,1,1,1
675,6,985,595,11,11,1,1,1
675,7,981,717,10,10,1,1,1
675,8,889,711,11,11,1,1,1
675,9,761,659,12,11,1,1,1
675,11,801,673,11,12,1,1,1
675,12,818,708,11,10,1,1,1
675,13,798,725,14,13,1,1,1
675,14,916,678,15,13,1,1,1
675,15,956,617,14,10,1,1,1
675,16,1149,689,15,11,1,1,1
676,1,1270,666,13,13,1,1,1
676,2,1244,647,12,11,1,1,1
676,3,1213,774,11,11,1,1,1
676,4,1147,647,11,10,1,1,1
676,5,1108,659,11,9,1,1,1
676,6,984,594,10,10,1,1,1
676,7,979,715,11,9,1,1,1
676,8,888,709,12,10,1,1,1
676,9,759,658,12,11,1,1,1
676,10,804,671,12,11,1,1,1
676,11,798,671,12,12,1,1,1
676,12,816,705,11,11,1,1,1
676,13,796,722,13,13,1,1,1
676,14,913,676,13,12,1,1,1
676,15,951,614,15,12,1,1,1
676,16,1146,687,14,11,1,1,1
677,1,1270,666,12,11,1,1,1
677,2,1242,645,14,12,1,1,1
677,3,1212,773,12,9,1,1,1
677,4,1146,645,12,11,1,1,1
677,5,1106,658,12,10,1,1,1
677,6,982,593,11,11,1,1,1
677,7,980,714,10,9,1,1,1
677,8,887,707,12,11,1,1,1
677,9,758,657,12,10,1,1,1
677,10,804,669,11,12,1,1,1
677,11,797,670,12,11,1,1,1
677,12,815,703,11,11,1,1,1
677,13,794,720,14,13,1,1,1
677,14,913,675,13,11,1,1,1
677,15,949,613,13,12,1,1,1
677,16,1146,686,13,11,1,1,1
678,1,1267,663,12,11,1,1,1
678,2,1241,642,12,12,1,1,1
678,3,1211,770,12,10,1,1,1
678,4,1145,642,11,11,1,1,1
678,5,1106,655,10,9,1,1,1
678,6,978,591,12,10,1,1,1
678,7,978,710,11,10,1,1,1
678,8,886,704,11,11,1,1,1
678,9,755,654,12,11,1,1,1
678,10,802,666,12,11,1,1,1
678,11,795,666,12,11,1,1,1
678,12,812,700,13,11,1,1,1
678,13,791,717,13,12,1,1,1
678,14,907,672,13,12,1,1,1
678,15,945,610,12,12,1,1,1
678,16,1142,683,13,12,1,1,1
679,1,1263,659,13,12,1,1,1
679,2,1239,639,12,12,1,1,1
679,3,1210,767,12,11,1,1,1
679,4,1142,640,12,11,1,1,1
679,5,1104,652,11,11,1,1,1
679,6,975,590,11,10,1,1,1
679,7,977,707,11,11,1,1,1
679,8,886,701,11,9,1,1,1
679,9,753,652,11,11,1,1,1
679,10,800,663,11,11,1,1,1
679,11,793,663,12,11,1,1,1
679,12,810,695,13,12,1,1,1
679,13,788,712,13,13,1,1,1
679,14,903,669,13,12,1,1,1
679,15,940,607,12,12,1,1,1
679,16,1137,680,15,12,1,1,1
680,1,1258,656,15,12,1,1,1
680,2,1236,636,13,12,1,1,1
680,3,1208,764,13,10,1,1,1
680,4,1140,637,13,11,1,1,1
680,5,1102,649,10,11,1,1,1
680,6,973,588,10,10,1,1,1
680,7,976,704,10,10,1,1,1
680,8,884,697,12,11,1,1,1
680,9,750,650,12,11,1,1,1
680,10,799,659,11,11,1,1,1
680,11,790,660,12,12,1,1,1
680,12,807,691,12,11,1,1,1
680,13,784,709,13,12,1,1,1
680,14,898,666,15,12,1,1,1
680,15,933,604,13,12,1,1,1
680,16,1134,678,13,12,1,1,1
681,1,1257,654,13,11,1,1,1
681,2,1235,635,13,11,1,1,1
681,3,1208,761,11,11,1,1,1
681,4,1139,635,12,11,1,1,1
681,5,1100,647,11,9,1,1,1
681,6,970,587,10,10,1,1,1
681,7,975,702,10,10,1,1,1
681,8,883,695,12,9,1,1,1
681,9,748,648,11,11,1,1,1
681,10,797,657,11,11,1,1,1
681,11,788,658,12,11,1,1,1
681,12,805,688,13,12,1,1,1
681,13,781,706,13,12,1,1,1
681,14,894,664,14,12,1,1,1
681,15,930,601,13,12,1,1,1
681,16,1131,676,14,13,1,1,1
682,1,1254,651,14,12,1,1,1
682,2,1234,633,12,11,1,1,1
682,3,1206,759,14,11,1,1,1
682,4,1138,634,11,9,1,1,1
682,5,1099,645,10,10,1,1,1
682,6,968,585,11,11,1,1,1
682,7,973,699,11,11,1,1,1
682,8,883,692,10,11,1,1,1
682,9,746,646,11,11,1,1,1
682,10,796,654,11,11,1,1,1
682,11,787,656,11,11,1,1,1
682,12,803,685,13,11,1,1,1
682,13,778,703,14,13,1,1,1
682,14,892,662,14,12,1,1,1
682,15,925,599,13,12,1,1,1
682,16,1128,674,12,13,1,1,1
683,1,1251,650,15,12,1,1,1
683,2,1232,631,14,11,1,1,1
683,3,1207,757,12,11,1,1,1
683,4,1138,633,10,9,1,1,1
683,5,1097,644,11,9,1,1,1
683,6,966,584,11,11,1,1,1
683,7,973,698,11,10,1,1,1
683,8,882,691,12,9,1,1,1
683,9,745,646,11,11,1,1,1
683,10,794,653,12,11,1,1,1
683,11,785,654,12,12,1,1,1
683,12,802,684,13,11,1,1,1
683,13,777,702,12,12,1,1,1
683,14,889,661,15,12,1,1,1
683,15,924,597,13,12,1,1,1
683,16,1127,673,13,13,1,1,1
684,1,1250,648,13,11,1,1,1
684,2,1230,629,14,12,1,1,1
684,3,1205,755,12,10,1,1,1
684,4,1135,631,11,10,1,1,1
684,5,1097,641,10,11,1,1,1
684,6,964,583,10,10,1,1,1
684,7,971,695,12,10,1,1,1
684,8,881,688,11,10,1,1,1
684,9,742,644,11,11,1,1,1
684,10,793,651,11,10,1,1,1
684,11,784,652,11,12,1,1,1
684,12,800,680,13,12,1,1,1
684,13,774,698,13,13,1,1,1
684,14,885,658,14,12,1,1,1
684,15,919,594,13,12,1,1,1
684,16,1123,672,12,11,1,1,1
685,1,1247,645,14,13,1,1,1
685,2,1229,628,13,11,1,1,1
685,3,1205,752,13,12,1,1,1
685,4,1133,629,12,11,1,1,1
685,5,1095,639,11,11,1,1,1
685,6,961,582,11,10,1,1,1
685,7,971,693,11,10,1,1,1
685,8,880,686,12,10,1,1,1
685,9,741,643,10,9,1,1,1
685,10,791,649,12,11,1,1,1
685,11,781,650,12,12,1,1,1
685,12,799,677,12,12,1,1,1
685,13,771,696,14,12,1,1,1
685,14,882,656,14,13,1,1,1
685,15,916,592,13,12,1,1,1
685,16,1119,670,14,12,1,1,1
686,1,1245,644,12,12,1,1,1
686,2,1227,626,14,12,1,1,1
686,3,1203,751,14,11,1,1,1
686,4,1132,628,11,11,1,1,1
686,5,1093,637,12,10,1,1,1
686,6,959,581,11,9,1,1,1
686,7,970,691,12,10,1,1,1
686,8,880,684,11,10,1,1,1
686,9,738,642,12,10,1,1,1
686,10,791,647,11,11,1,1,1
686,11,779,649,12,10,1,1,1
686,12,798,675,12,12,1,1,1
686,13,768,695,14,12,1,1,1
686,14,881,654,13,13,1,1,1
686,15,912,590,14,12,1,1,1
686,16,1118,669,12,12,1,1,1
687,1,1240,641,15,12,1,1,1
687,2,1227,624,12,12,1,1,1
687,3,1202,748,14,10,1,1,1
687,4,1130,626,11,10,1,1,1
687,5,1093,635,10,11,1,1,1
687,6,957,579,10,10,1,1,1
687,7,969,688,11,10,1,1,1
687,8,879,681,11,10,1,1,1
687,9,735,639,12,10,1,1,1
687,10,789,644,11,10,1,1,1
687,11,777,646,12,11,1,1,1
687,12,795,672,13,12,1,1,1
687,13,765,691,14,12,1,1,1
687,14,875,652,14,12,1,1,1
687,15,908,587,13,12,1,1,1
687,16,1114,667,12,12,1,1,1
688,1,1239,639,13,11,1,1,1
688,2,1223,622,14,12,1,1,1
688,3,1201,745,13,11,1,1,1
688,4,1128,624,12,11,1,1,1
688,5,1091,633,10,9,1,1,1
688,6,953,578,11,10,1,1,1
688,7,969,685,10,10,1,1,1
688,8,879,678,10,10,1,1,1
688,9,734,638,10,10,1,1,1
688,10,787,642,11,11,1,1,1
688,11,775,645,11,11,1,1,1
688,12,793,670,12,10,1,1,1
688,13,762,689,13,12,1,1,1
688,14,873,650,13,12,1,1,1
688,15,902,585,15,12,1,1,1
688,16,1110,665,13,11,1,1,1
689,1,1234,636,14,12,1,1,1
689,2,1221,621,13,11,1,1,1
689,3,1202,743,11,10,1,1,1
689,4,1127,622,10,11,1,1,1
689,5,1088,631,11,10,1,1,1
689,6,951,576,11,10,1,1,1
689,7,967,682,10,10,1,1,1
689,8,878,675,10,11,1,1,1
689,9,731,636,11,11,1,1,1
689,10,785,640,11,11,1,1,1
689,11,772,643,12,11,1,1,1
689,12,790,667,13,12,1,1,1
689,13,758,686,14,13,1,1,1
689,14,869,647,13,13,1,1,1
689,15,898,582,13,11,1,1,1
689,16,1106,663,14,11,1,1,1
690,1,1231,633,14,12,1,1,1
690,2,1218,618,13,12,1,1,1
690,3,1199,739,14,11,1,1,1
690,4,1123,621,12,10,1,1,1
690,5,1087,628,10,10,1,1,1
690,6,948,574,10,10,1,1,1
690,7,966,679,11,9,1,1,1
690,8,875,672,12,10,1,1,1
690,9,728,635,11,10,1,1,1
690,10,783,637,11,11,1,1,1
690,11,769,640,12,12,1,1,1
690,12,788,663,12,12,1,1,1
690,13,753,683,14,12,1,1,1
690,14,862,644,15,13,1,1,1
690,15,892,578,15,11,1,1,1
690,16,1101,661,15,12,1,1,1
691,1,1227,630,14,12,1,1,1
691,2,1217,617,13,11,1,1,1
691,3,1198,736,13,10,1,1,1
691,4,1122,619,10,10,1,1,1
691,5,1085,626,10,9,1,1,1
691,6,945,573,10,10,1,1,1
691,7,965,676,10,11,1,1,1
691,8,875,669,11,11,1,1,1
691,9,724,632,12,12,1,1,1
691,10,781,635,10,10,1,1,1
691,11,766,638,12,12,1,1,1
691,12,784,660,14,13,1,1,1
691,13,750,680,14,12,1,1,1
691,14,859,642,14,12,1,1,1
691,15,889,575,13,12,1,1,1
691,16,1099,658,12,12,1,1,1
692,1,1224,629,15,11,1,1,1
692,2,1214,616,14,11,1,1,1
692,3,1198,734,13,11,1,1,1
692,4,1120,618,10,10,1,1,1
692,5,1083,624,11,10,1,1,1
692,6,943,571,10,11,1,1,1
692,7,964,674,11,11,1,1,1
692,8,875,667,10,10,1,1,1
692,9,722,631,12,11,1,1,1
692,10,780,634,10,11,1,1,1
692,11,764,638,12,10,1,1,1
692,12,784,658,12,12,1,1,1
692,13,747,679,14,12,1,1,1
692,14,855,640,15,12,1,1,1
692,15,886,573,13,12,1,1,1
692,16,1095,657,15,12,1,1,1
693,1,1221,626,14,12,1,1,1
693,2,1212,614,13,12,1,1,1
693,3,1198,731,11,10,1,1,1
693,4,1117,616,12,11,1,1,1
693,5,1081,623,11,10,1,1,1
693,6,940,570,11,9,1,1,1
693,7,962,672,11,9,1,1,1
693,8,873,665,11,10,1,1,1
693,9,721,630,11,11,1,1,1
693,10,777,632,11,11,1,1,1
693,11,762,636,12,12,1,1,1
693,12,782,656,12,13,1,1,1
693,13,744,677,14,12,1,1,1
693,14,852,638,13,12,1,1,1
693,15,881,571,13,12,1,1,1
693,16,1093,655,14,13,1,1,1
694,1,1218,624,15,12,1,1,1
694,2,1212,613,12,12,1,1,1
694,3,1197,728,11,11,1,1,1
694,4,1116,615,11,10,1,1,1
694,5,1079,620,12,11,1,1,1
694,6,938,568,10,10,1,1,1
694,7,962,669,10,11,1,1,1
694,8,872,662,12,11,1,1,1
694,9,718,629,12,11,1,1,1
694,10,775,630,11,11,1,1,1
694,11,759,634,12,12,1,1,1
694,12,778,655,14,11,1,1,1
694,13,740,674,15,12,1,1,1
694,14,849,636,13,12,1,1,1
694,15,878,568,12,12,1,1,1
694,16,1090,654,12,12,1,1,1
695,1,1217,622,12,12,1,1,1
695,2,1210,612,10,12,1,1,1
695,3,1197,726,9,11,1,1,1
695,4,1113,613,12,11,1,1,1
695,5,1079,619,10,10,1,1,1
695,6,936,567,10,11,1,1,1
695,7,961,667,10,11,1,1,1
695,8,871,660,12,11,1,1,1
695,9,717,628,10,10,1,1,1
695,10,773,628,12,12,1,1,1
695,11,757,634,11,11,1,1,1
695,12,777,653,13,12,1,1,1
695,13,737,672,15,13,1,1,1
695,14,846,634,13,12,1,1,1
695,15,873,566,13,12,1,1,1
695,16,1086,652,15,12,1,1,1
696,1,1215,620,12,12,1,1,1
696,2,1208,611,12,11,1,1,1
696,3,1194,724,13,11,1,1,1
696,4,1112,613,12,10,1,1,1
696,5,1076,618,12,10,1,1,1
696,6,933,566,11,10,1,1,1
696,7,960,665,11,11,1,1,1
696,8,871,659,11,10,1,1,1
696,9,715,627,10,10,1,1,1
696,10,772,628,11,9,1,1,1
696,11,755,633,11,11,1,1,1
696,12,775,651,13,12,1,1,1
696,13,736,671,13,12,1,1,1
696,14,843,632,12,12,1,1,1
696,15,870,564,13,12,1,1,1
696,16,1083,651,14,12,1,1,1
697,1,1211,617,12,12,1,1,1
697,2,1204,610,13,11,1,1,1
697,3,1193,721,13,10,1,1,1
697,4,1110,611,11,11,1,1,1
697,5,1074,615,12,11,1,1,1
697,6,931,564,10,11,1,1,1
697,7,959,662,10,10,1,1,1
697,8,870,656,10,10,1,1,1
697,9,710,625,13,11,1,1,1
697,10,770,625,11,11,1,1,1
697,11,752,631,12,12,1,1,1
697,12,773,649,12,12,1,1,1
697,13,730,668,15,12,1,1,1
697,14,838,629,12,12,1,1,1
697,15,865,561,13,11,1,1,1
697,16,1079,649,15,12,1,1,1
698,1,1208,615,12,12,1,1,1
698,2,1203,609,12,11,1,1,1
698,3,1193,719,12,10,1,1,1
698,4,1107,610,12,9,1,1,1
698,5,1073,614,11,10,1,1,1
698,6,927,563,12,10,1,1,1
698,7,957,660,11,11,1,1,1
698,8,869,654,10,9,1,1,1
698,9,710,623,10,11,1,1,1
698,10,767,624,12,11,1,1,1
698,11,749,630,12,11,1,1,1
698,12,769,647,13,13,1,1,1
698,13,727,666,13,13,1,1,1
698,14,835,627,13,12,1,1,1
698,15,863,558,13,12,1,1,1
698,16,1077,647,14,12,1,1,1
699,1,1204,612,14,12,1,1,1
699,2,1201,607,12,12,1,1,1
699,3,1192,716,11,10,1,1,1
699,4,1106,608,10,11,1,1,1
699,5,1071,612,10,10,1,1,1
699,6,924,561,12,10,1,1,1
699,7,955,657,12,10,1,1,1
699,8,867,651,11,11,1,1,1
699,9,705,622,13,11,1,1,1
699,10,765,622,12,10,1,1,1
699,11,746,628,12,12,1,1,1
699,12,766,645,13,12,1,1,1
699,13,724,664,14,11,1,1,1
699,14,829,624,14,12,1,1,1
699,15,857,555,14,11,1,1,1
699,16,1074,645,12,11,1,1,1
700,1,1200,610,14,11,1,1,1
700,2,1197,606,14,11,1,1,1
700,3,1191,713,11,10,1,1,1
700,4,1102,607,12,9,1,1,1
700,5,1069,610,11,10,1,1,1
700,6,923,559,9,11,1,1,1
700,7,955,655,10,11,1,1,1
700,8,867,649,10,11,1,1,1
700,9,703,620,11,11,1,1,1
700,10,762,621,12,10,1,1,1
700,11,743,627,12,12,1,1,1
700,12,764,643,13,12,1,1,1
700,13,720,662,13,12,1,1,1
700,14,826,622,13,12,1,1,1
700,15,854,552,12,11,1,1,1
700,16,1070,643,13,11,1,1,1
701,1,1198,607,14,12,1,1,1
701,3,1189,710,14,11,1,1,1
701,4,1100,605,12,11,1,1,1
701,5,1067,608,11,11,1,1,1
701,6,919,558,11,10,1,1,1
701,7,954,653,9,9,1,1,1
701,8,866,647,10,11,1,1,1
701,9,700,619,12,10,1,1,1
701,10,761,619,11,11,1,1,1
701,11,740,626,12,12,1,1,1
701,12,761,642,14,12,1,1,1
701,13,715,660,15,12,1,1,1
701,14,821,619,13,12,1,1,1
701,15,849,550,14,11,1,1,1
701,16,1066,641,15,12,1,1,1
702,1,1194,605,14,12,1,1,1
702,3,1188,708,13,11,1,1,1
702,4,1098,604,12,11,1,1,1
702,5,1065,607,11,11,1,1,1
702,6,917,556,11,11,1,1,1
702,7,952,651,11,11,1,1,1
702,8,864,645,11,11,1,1,1
702,9,698,618,12,9,1,1,1
702,10,759,618,11,10,1,1,1
702,11,738,625,12,12,1,1,1
702,12,760,641,12,12,1,1,1
702,13,713,658,14,12,1,1,1
702,14,818,618,13,11,1,1,1
702,15,847,547,13,11,1,1,1
702,16,1064,640,14,12,1,1,1
703,1,1192,602,12,12,1,1,1
703,3,1187,705,13,11,1,1,1
703,4,1097,603,11,11,1,1,1
703,5,1063,605,11,11,1,1,1
703,6,915,555,10,10,1,1,1
703,7,951,649,10,10,1,1,1
703,8,862,642,12,11,1,1,1
703,9,696,616,11,11,1,1,1
703,10,756,617,11,11,1,1,1
703,11,734,624,13,10,1,1,1
703,12,757,639,13,12,1,1,1
703,13,708,656,15,12,1,1,1
703,14,813,614,14,12,1,1,1
703,15,841,544,14,10,1,1,1
703,16,1059,638,15,11,1,1,1
704,1,1188,600,15,11,1,1,1
704,3,1188,702,12,10,1,1,1
704,4,1095,602,11,10,1,1,1
704,5,1062,604,10,10,1,1,1
704,6,912,553,11,10,1,1,1
704,7,950,647,10,11,1,1,1
704,8,861,640,12,11,1,1,1
704,9,693,615,11,11,1,1,1
704,10,755,616,10,11,1,1,1
704,11,731,623,13,11,1,1,1
704,12,753,637,14,13,1,1,1
704,13,704,654,15,12,1,1,1
704,14,811,612,13,12,1,1,1
704,15,838,541,14,12,1,1,1
704,16,1056,636,15,12,1,1,1
705,1,1187,598,12,12,1,1,1
705,3,1188,700,9,10,1,1,1
705,4,1093,601,11,11,1,1,1
705,5,1060,603,11,10,1,1,1
705,6,910,552,12,10,1,1,1
705,7,948,645,12,10,1,1,1
705,8,861,639,11,11,1,1,1
705,9,692,614,11,11,1,1,1
705,10,753,615,10,11,1,1,1
705,11,729,622,13,10,1,1,1
705,12,752,636,13,13,1,1,1
705,13,702,653,14,12,1,1,1
705,14,807,610,14,12,1,1,1
705,15,835,540,14,10,1,1,1
705,16,1054,635,15,11,1,1,1
706,1,1182,595,15,12,1,1,1
706,3,1186,697,12,11,1,1,1
706,4,1089,599,12,11,1,1,1
706,5,1059,601,10,9,1,1,1
706,6,907,550,11,9,1,1,1
706,7,947,643,11,10,1,1,1
706,8,859,637,11,11,1,1,1
706,9,689,612,11,11,1,1,1
706,10,749,613,12,11,1,1,1
706,11,726,621,12,11,1,1,1
706,12,748,635,14,12,1,1,1
706,13,699,650,13,13,1,1,1
706,14,803,607,14,11,1,1,1
706,15,830,536,13,10,1,1,1
706,16,1051,632,14,12,1,1,1
707,1,1178,591,14,11,1,1,1
707,2,1178,598,13,11,1,1,1
707,3,1185,693,11,11,1,1,1
707,4,1087,598,10,10,1,1,1
707,5,1054,599,11,10,1,1,1
707,6,903,547,11,11,1,1,1
707,7,944,640,12,10,1,1,1
707,8,857,634,11,11,1,1,1
707,9,685,610,10,11,1,1,1
707,10,745,612,12,10,1,1,1
707,11,721,619,12,11,1,1,1
707,12,744,633,13,12,1,1,1
707,13,691,647,15,12,1,1,1
707,14,798,603,12,12,1,1,1
707,15,824,532,14,11,1,1,1
707,16,1046,629,12,12,1,1,1
708,1,1172,586,15,12,1,1,1
708,2,1174,596,14,12,1,1,1
708,3,1181,688,12,10,1,1,1
708,4,1083,596,11,10,1,1,1
708,5,1051,596,11,11,1,1,1
708,6,900,545,11,10,1,1,1
708,7,943,638,10,10,1,1,1
708,8,855,631,11,11,1,1,1
708,9,680,608,12,9,1,1,1
708,10,742,610,11,10,1,1,1
708,11,716,618,12,11,1,1,1
708,12,739,630,14,12,1,1,1
708,13,686,644,14,12,1,1,1
708,14,790,599,14,12,1,1,1
708,15,818,527,14,12,1,1,1
708,16,1039,626,14,12,1,1,1
709,1,1170,584,13,11,1,1,1
709,2,1171,595,12,11,1,1,1
709,3,1181,686,12,11,1,1,1
709,4,1081,594,11,11,1,1,1
709,5,1049,595,11,10,1,1,1
709,6,897,543,12,10,1,1,1
709,7,942,636,9,9,1,1,1
709,8,855,630,10,10,1,1,1
709,9,678,606,11,11,1,1,1
709,10,739,608,12,11,1,1,1
709,11,713,617,12,11,1,1,1
709,12,736,629,14,12,1,1,1
709,13,681,642,15,12,1,1,1
709,14,787,596,13,12,1,1,1
709,15,814,524,14,12,1,1,1
709,16,1036,624,15,11,1,1,1
710,1,1166,582,15,11,1,1,1
710,2,1169,595,12,10,1,1,1
710,3,1179,684,12,11,1,1,1
710,4,1078,593,12,10,1,1,1
710,5,1047,594,11,10,1,1,1
710,6,896,541,10,11,1,1,1
710,7,940,634,11,10,1,1,1
710,8,852,628,12,11,1,1,1
710,9,676,605,11,11,1,1,1
710,10,737,607,11,10,1,1,1
710,11,710,615,13,12,1,1,1
710,12,735,629,12,12,1,1,1
710,13,679,641,12,11,1,1,1
710,14,783,594,14,12,1,1,1
710,15,811,521,14,12,1,1,1
710,16,1033,622,14,12,1,1,1
711,1,1164,580,15,11,1,1,1
711,2,1167,594,13,11,1,1,1
711,3,1178,682,13,11,1,1,1
711,4,1077,592,11,9,1,1,1
711,5,1045,593,11,9,1,1,1
711,6,893,540,11,10,1,1,1
711,7,939,633,11,10,1,1,1
711,8,851,627,11,10,1,1,1
711,9,674,604,11,11,1,1,1
711,10,735,607,11,11,1,1,1
711,11,709,615,11,11,1,1,1
711,12,732,628,13,11,1,1,1
711,13,675,639,15,12,1,1,1
711,14,780,592,14,12,1,1,1
711,15,808,519,14,12,1,1,1
711,16,1031,620,15,12,1,1,1
712,1,1162,577,12,11,1,1,1
712,2,1166,592,11,11,1,1,1
712,3,1178,679,12,11,1,1,1
712,4,1074,590,11,11,1,1,1
712,5,1044,591,11,11,1,1,1
712,6,890,538,12,11,1,1,1
712,7,937,631,11,11,1,1,1
712,8,850,626,11,10,1,1,1
712,9,671,602,11,11,1,1,1
712,10,732,605,12,10,1,1,1
712,11,705,613,11,12,1,1,1
712,12,729,626,13,12,1,1,1
712,13,671,637,14,12,1,1,1
712,14,776,589,14,12,1,1,1
712,15,804,516,14,10,1,1,1
712,16,1028,618,14,12,1,1,1
713,1,1156,573,15,11,1,1,1
713,2,1160,590,13,11,1,1,1
713,3,1175,676,13,10,1,1,1
713,4,1071,589,10,10,1,1,1
713,5,1041,589,11,9,1,1,1
713,6,887,536,11,9,1,1,1
713,7,935,629,11,11,1,1,1
713,8,847,623,12,10,1,1,1
713,9,668,600,10,10,1,1,1
713,10,729,604,11,11,1,1,1
713,11,701,612,11,11,1,1,1
713,12,724,625,13,12,1,1,1
713,13,666,634,14,12,1,1,1
713,14,770,585,14,12,1,1,1
713,15,799,511,13,11,1,1,1
713,16,1024,616,12,11,1,1,1
714,1,1153,569,12,11,1,1,1
714,2,1156,589,13,11,1,1,1
714,3,1175,672,11,11,1,1,1
714,4,1067,586,11,11,1,1,1
714,5,1038,587,10,9,1,1,1
714,6,883,533,12,10,1,1,1
714,7,933,627,10,10,1,1,1
714,8,846,621,10,10,1,1,1
714,9,663,598,12,11,1,1,1
714,10,725,602,11,11,1,1,1
714,11,696,610,12,11,1,1,1
714,12,719,623,13,12,1,1,1
714,13,660,631,13,12,1,1,1
714,14,764,581,14,12,1,1,1
714,15,794,507,13,12,1,1,1
714,16,1019,612,12,12,1,1,1
715,1,1148,566,15,11,1,1,1
715,2,1153,587,14,11,1,1,1
715,3,1172,669,13,11,1,1,1
715,4,1064,585,12,10,1,1,1
715,5,1036,585,9,10,1,1,1
715,6,882,532,10,10,1,1,1
715,7,931,625,11,10,1,1,1
715,8,843,620,12,10,1,1,1
715,9,661,596,11,11,1,1,1
715,10,722,601,11,11,1,1,1
715,11,691,609,13,11,1,1,1
715,12,716,622,13,12,1,1,1
715,13,654,628,14,12,1,1,1
715,14,760,578,14,11,1,1,1
715,15,789,503,14,12,1,1,1
715,16,1014,610,15,11,1,1,1
716,1,1144,562,14,11,1,1,1
716,2,1149,585,14,11,1,1,1
716,3,1172,666,10,10,1,1,1
716,4,1060,583,12,9,1,1,1
716,5,1032,583,11,11,1,1,1
716,6,878,529,11,9,1,1,1
716,7,928,623,11,11,1,1,1
716,8,841,617,12,10,1,1,1
716,9,657,594,11,11,1,1,1
716,10,718,599,11,11,1,1,1
716,11,686,607,13,11,1,1,1
716,12,712,620,12,12,1,1,1
716,13,648,625,14,12,1,1,1
716,14,754,574,14,11,1,1,1
716,15,783,498,13,13,1,1,1
716,16,1010,606,13,11,1,1,1
717,1,1139,558,14,11,1,1,1
717,2,1145,583,14,11,1,1,1
717,3,1168,662,13,11,1,1,1
717,4,1058,580,10,11,1,1,1
717,5,1028,581,12,10,1,1,1
717,6,873,526,12,11,1,1,1
717,7,927,621,10,11,1,1,1
717,8,838,615,12,11,1,1,1
717,9,652,592,11,9,1,1,1
717,10,713,597,12,11,1,1,1
717,11,681,605,13,11,1,1,1
717,12,707,618,13,13,1,1,1
717,13,642,621,14,13,1,1,1
717,14,748,570,14,12,1,1,1
717,15,778,494,12,12,1,1,1
717,16,1004,603,15,11,1,1,1
718,1,1135,554,15,12,1,1,1
718,2,1144,581,10,11,1,1,1
718,3,1168,660,11,11,1,1,1
718,4,1054,579,12,9,1,1,1
718,5,1027,579,10,11,1,1,1
718,6,872,524,10,11,1,1,1
718,7,924,619,11,11,1,1,1
718,8,836,614,12,10,1,1,1
718,9,649,590,12,10,1,1,1
718,10,711,596,11,11,1,1,1
718,11,678,603,12,11,1,1,1
718,12,702,618,14,11,1,1,1
718,13,638,619,15,12,1,1,1
718,14,744,567,14,12,1,1,1
718,15,773,490,15,12,1,1,1
718,16,1001,600,13,12,1,1,1
719,1,1131,551,15,11,1,1,1
719,2,1140,579,12,11,1,1,1
719,3,1166,657,11,11,1,1,1
719,4,1051,577,11,10,1,1,1
719,5,1024,577,10,11,1,1,1
719,6,868,522,11,9,1,1,1
719,7,922,618,10,10,1,1,1
719,8,835,612,11,11,1,1,1
719,9,645,588,12,10,1,1,1
719,10,707,594,11,11,1,1,1
719,11,673,601,13,11,1,1,1
719,12,699,616,11,11,1,1,1
719,13,632,616,14,12,1,1,1
719,14,738,563,14,12,1,1,1
719,15,768,486,15,11,1,1,1
719,16,997,597,14,10,1,1,1
720,1,1129,547,12,11,1,1,1
720,2,1136,578,11,10,1,1,1
720,3,1163,654,13,11,1,1,1
720,4,1048,575,12,10,1,1,1
720,5,1020,576,11,10,1,1,1
720,6,865,520,11,10,1,1,1
720,7,919,616,12,11,1,1,1
720,8,832,611,11,11,1,1,1
720,9,642,586,12,9,1,1,1
720,10,702,593,12,11,1,1,1
720,11,669,599,13,12,1,1,1
720,12,694,615,13,11,1,1,1
720,13,627,613,14,12,1,1,1
720,14,733,559,14,13,1,1,1
720,15,765,482,13,12,1,1,1
720,16,992,594,14,10,1,1,1
721,1,1124,543,12,12,1,1,1
721,2,1131,575,13,11,1,1,1
721,3,1161,651,13,11,1,1,1
721,4,1045,573,10,9,1,1,1
721,5,1018,573,10,11,1,1,1
721,6,862,517,11,11,1,1,1
721,7,916,615,12,10,1,1,1
721,8,830,609,11,11,1,1,1
721,9,639,584,10,10,1,1,1
721,10,698,591,12,11,1,1,1
721,11,665,597,12,11,1,1,1
721,12,688,613,14,11,1,1,1
721,13,621,610,15,12,1,1,1
721,14,728,555,14,12,1,1,1
721,15,758,477,14,13,1,1,1
721,16,987,591,14,11,1,1,1
722,1,1120,540,13,12,1,1,1
722,2,1128,573,13,11,1,1,1
722,3,1160,649,12,11,1,1,1
722,4,1042,571,12,9,1,1,1
722,5,1015,572,11,9,1,1,1
722,6,860,516,11,10,1,1,1
722,7,915,613,11,10,1,1,1
722,8,828,609,11,10,1,1,1
722,9,636,582,11,10,1,1,1
722,10,695,590,11,10,1,1,1
722,11,660,596,13,11,1,1,1
722,12,686,611,12,12,1,1,1
722,13,617,607,15,12,1,1,1
722,14,723,552,14,13,1,1,1
722,15,756,474,14,13,1,1,1
722,16,984,588,13,12,1,1,1
723,1,1118,538,14,12,1,1,1
723,2,1125,572,13,9,1,1,1
723,3,1158,647,13,10,1,1,1
723,4,1041,569,9,10,1,1,1
723,5,1013,571,11,10,1,1,1
723,6,858,514,10,10,1,1,1
723,7,913,612,12,11,1,1,1
723,8,826,607,11,11,1,1,1
723,9,634,580,10,11,1,1,1
723,10,693,588,12,11,1,1,1
723,11,657,595,12,11,1,1,1
723,12,682,610,13,12,1,1,1
723,13,613,605,16,12,1,1,1
723,14,720,550,14,12,1,1,1
723,15,752,472,15,10,1,1,1
723,16,981,587,14,11,1,1,1
724,1,1114,536,15,11,1,1,1
724,2,1123,570,12,11,1,1,1
724,3,1158,646,10,11,1,1,1
724,4,1037,568,12,10,1,1,1
724,5,1012,569,9,11,1,1,1
724,6,856,513,11,10,1,1,1
724,7,912,611,11,11,1,1,1
724,8,825,607,10,10,1,1,1
724,9,631,579,12,9,1,1,1
724,10,691,587,11,9,1,1,1
724,11,654,593,13,10,1,1,1
724,12,679,609,13,12,1,1,1
724,13,611,603,14,12,1,1,1
724,14,717,548,14,12,1,1,1
724,15,748,469,15,12,1,1,1
724,16,978,585,13,11,1,1,1
725,1,1110,533,15,11,1,1,1
725,2,1118,568,12,11,1,1,1
725,3,1155,643,12,11,1,1,1
725,4,1034,566,12,10,1,1,1
725,5,1009,568,10,10,1,1,1
725,6,853,511,12,10,1,1,1
725,7,910,609,10,11,1,1,1
725,8,822,605,11,11,1,1,1
725,9,628,577,12,10,1,1,1
725,10,687,585,11,11,1,1,1
725,11,650,591,13,11,1,1,1
725,12,674,608,14,11,1,1,1
725,13,606,600,14,12,1,1,1
725,14,712,544,14,12,1,1,1
725,15,745,465,14,12,1,1,1
725,16,974,582,13,11,1,1,1
726,1,1107,530,15,11,1,1,1
726,2,1116,566,13,12,1,1,1
726,3,1153,641,13,10,1,1,1
726,4,1032,564,11,11,1,1,1
726,5,1006,566,11,10,1,1,1
726,6,850,509,11,11,1,1,1
726,7,907,609,11,10,1,1,1
726,8,821,604,10,11,1,1,1
726,9,625,575,12,11,1,1,1
726,10,684,584,12,11,1,1,1
726,11,648,589,12,11,1,1,1
726,12,671,606,13,12,1,1,1
726,13,601,597,14,12,1,1,1
726,14,708,542,14,12,1,1,1
726,15,740,462,15,12,1,1,1
726,16,972,579,13,12,1,1,1
727,1,1107,529,13,12,1,1,1
727,2,1115,565,11,11,1,1,1
727,3,1152,640,12,11,1,1,1
727,4,1030,563,11,11,1,1,1
727,5,1005,565,11,10,1,1,1
727,6,849,508,12,10,1,1,1
727,7,905,607,12,10,1,1,1
727,8,819,604,11,11,1,1,1
727,9,623,574,12,11,1,1,1
727,10,682,583,12,11,1,1,1
727,11,646,588,11,11,1,1,1
727,12,669,606,13,11,1,1,1
727,13,598,596,15,11,1,1,1
727,14,705,540,14,12,1,1,1
727,15,738,460,14,12,1,1,1
727,16,968,577,13,11,1,1,1
728,1,1102,526,14,12,1,1,1
728,2,1111,563,14,12,1,1,1
728,3,1151,638,12,11,1,1,1
728,4,1028,561,11,11,1,1,1
728,5,1003,563,11,11,1,1,1
728,6,848,506,9,10,1,1,1
728,7,904,606,11,11,1,1,1
728,8,817,603,11,10,1,1,1
728,9,622,573,10,10,1,1,1
728,10,679,581,11,10,1,1,1
728,11,641,586,12,12,1,1,1
728,12,666,604,12,12,1,1,1
728,13,594,593,14,12,1,1,1
728,14,701,537,13,12,1,1,1
728,15,736,457,14,12,1,1,1
728,16,965,575,14,12,1,1,1
729,1,1099,524,13,12,1,1,1
729,2,1108,561,14,12,1,1,1
729,3,1149,636,12,11,1,1,1
729,4,1026,560,10,10,1,1,1
729,5,1001,561,10,11,1,1,1
729,6,845,504,10,11,1,1,1
729,7,902,605,11,11,1,1,1
729,8,815,602,11,10,1,1,1
729,9,619,571,10,10,1,1,1
729,10,675,580,13,11,1,1,1
729,11,637,584,13,12,1,1,1
729,12,662,603,13,11,1,1,1
729,13,591,590,13,13,1,1,1
729,14,697,534,14,12,1,1,1
729,15,730,454,16,11,1,1,1
729,16,962,572,12,12,1,1,1
730,1,1096,522,14,12,1,1,1
730,2,1105,560,14,9,1,1,1
730,3,1148,635,10,10,1,1,1
730,4,1023,558,12,10,1,1,1
730,5,998,560,11,10,1,1,1
730,6,841,503,13,10,1,1,1
730,7,900,604,11,11,1,1,1
730,8,813,601,10,11,1,1,1
730,9,616,569,12,9,1,1,1
730,10,674,578,10,11,1,1,1
730,11,634,583,13,11,1,1,1
730,12,657,601,13,12,1,1,1
730,13,586,588,15,12,1,1,1
730,14,693,531,15,12,1,1,1
730,15,727,451,15,12,1,1,1
730,16,958,569,13,12,1,1,1
731,1,1091,519,15,11,1,1,1
731,2,1103,557,10,11,1,1,1
731,3,1144,632,12,11,1,1,1
731,4,1021,555,10,10,1,1,1
731,5,995,557,10,11,1,1,1
731,6,839,501,12,10,1,1,1
731,7,896,603,12,10,1,1,1
731,8,810,600,11,11,1,1,1
731,9,613,566,10,10,1,1,1
731,10,669,576,12,11,1,1,1
731,11,630,580,11,11,1,1,1
731,12,653,600,12,11,1,1,1
731,13,580,584,14,12,1,1,1
731,14,688,527,14,12,1,1,1
731,15,722,447,16,11,1,1,1
731,16,954,566,14,11,1,1,1
732,1,1089,517,13,12,1,1,1
732,2,1099,555,11,10,1,1,1
732,3,1142,630,13,11,1,1,1
732,4,1018,554,11,10,1,1,1
732,5,993,556,11,9,1,1,1
732,6,836,499,11,11,1,1,1
732,7,894,601,12,11,1,1,1
732,8,808,599,10,11,1,1,1
732,9,609,565,12,10,1,1,1
732,10,665,574,12,11,1,1,1
732,11,626,578,12,12,1,1,1
732,12,649,598,13,11,1,1,1
732,13,577,582,14,11,1,1,1
732,14,684,524,14,12,1,1,1
732,15,720,444,14,12,1,1,1
732,16,950,563,13,11,1,1,1
733,1,1086,515,14,13,1,1,1
733,2,1095,554,14,11,1,1,1
733,3,1142,629,11,11,1,1,1
733,4,1016,553,10,10,1,1,1
733,5,991,554,10,11,1,1,1
733,6,835,498,12,10,1,1,1
733,7,894,601,10,9,1,1,1
733,8,805,598,12,11,1,1,1
733,9,608,563,11,11,1,1,1
733,10,664,573,10,11,1,1,1
733,11,623,577,13,11,1,1,1
733,12,645,596,14,12,1,1,1
733,13,573,580,15,12,1,1,1
733,14,680,522,15,12,1,1,1
733,15,717,442,14,11,1,1,1
733,16,948,560,13,12,1,1,1
734,1,1080,511,13,13,1,1,1
734,2,1089,550,14,9,1,1,1
734,3,1138,625,11,11,1,1,1
734,4,1011,549,11,10,1,1,1
734,5,987,551,10,10,1,1,1
734,6,830,494,11,11,1,1,1
734,7,889,598,11,11,1,1,1
734,8,801,597,11,9,1,1,1
734,9,602,560,11,10,1,1,1
734,10,657,570,12,11,1,1,1
734,11,616,573,13,11,1,1,1
734,12,638,593,12,12,1,1,1
734,13,565,574,15,12,1,1,1
734,14,672,516,15,12,1,1,1
734,15,709,437,15,11,1,1,1
734,16,942,555,13,12,1,1,1
735,1,1077,509,12,12,1,1,1
735,2,1087,548,12,11,1,1,1
735,3,1134,624,12,10,1,1,1
735,4,1008,546,11,11,1,1,1
735,5,983,549,11,10,1,1,1
735,6,828,493,10,10,1,1,1
735,7,887,597,11,10,1,1,1
735,8,799,596,11,9,1,1,1
735,9,599,557,11,11,1,1,1
735,10,653,568,13,10,1,1,1
735,11,612,571,13,11,1,1,1
735,12,634,591,13,12,1,1,1
735,13,561,571,14,12,1,1,1
735,14,668,513,13,11,1,1,1
735,15,704,434,14,12,1,1,1
735,16,937,551,14,12,1,1,1
736,1,1073,508,12,12,1,1,1
736,2,1084,546,14,10,1,1,1
736,3,1133,622,13,11,1,1,1
736,4,1005,545,12,11,1,1,1
736,5,982,548,12,10,1,1,1
736,6,826,492,10,10,1,1,1
736,7,885,596,10,11,1,1,1
736,8,797,595,11,10,1,1,1
736,9,596,556,13,11,1,1,1
736,10,652,567,10,10,1,1,1
736,11,610,569,11,11,1,1,1
736,12,632,590,12,11,1,1,1
736,13,558,569,14,12,1,1,1
736,14,666,510,14,13,1,1,1
736,15,703,432,14,12,1,1,1
736,16,934,549,14,12,1,1,1
737,1,1070,505,13,13,1,1,1
737,2,1081,544,14,10,1,1,1
737,3,1132,621,10,10,1,1,1
737,4,1004,544,10,10,1,1,1
737,5,980,546,11,10,1,1,1
737,6,824,490,10,10,1,1,1
737,7,883,595,11,11,1,1,1
737,8,795,594,10,11,1,1,1
737,9,593,554,12,11,1,1,1
737,10,649,565,11,10,1,1,1
737,11,607,567,12,11,1,1,1
737,12,628,588,12,12,1,1,1
737,13,554,566,14,12,1,1,1
737,14,662,507,14,13,1,1,1
737,15,698,429,15,12,1,1,1
737,16,931,545,14,12,1,1,1
738,1,1066,504,13,12,1,1,1
738,2,1078,542,14,11,1,1,1
738,3,1130,619,11,11,1,1,1
738,4,1001,541,11,11,1,1,1
738,5,977,544,12,9,1,1,1
738,6,820,488,13,11,1,1,1
738,7,881,594,11,10,1,1,1
738,8,792,593,11,11,1,1,1
738,9,592,552,11,11,1,1,1
738,10,645,563,12,11,1,1,1
738,11,602,565,12,11,1,1,1
738,12,623,586,13,12,1,1,1
738,13,550,563,13,12,1,1,1
738,14,658,504,12,12,1,1,1
738,15,695,428,14,11,1,1,1
738,16,928,542,13,12,1,1,1
739,1,1063,502,14,12,1,1,1
739,2,1075,540,13,11,1,1,1
739,3,1127,618,11,9,1,1,1
739,4,998,540,13,10,1,1,1
739,5,975,542,11,10,1,1,1
739,6,819,486,11,11,1,1,1
739,7,877,593,12,10,1,1,1
739,8,790,593,11,10,1,1,1
739,9,590,551,10,10,1,1,1
739,10,642,561,12,9,1,1,1
739,11,599,563,12,11,1,1,1
739,12,619,585,14,11,1,1,1
739,13,545,560,15,12,1,1,1
739,14,654,501,14,12,1,1,1
739,15,691,425,15,13,1,1,1
739,16,925,539,13,12,1,1,1
740,1,1061,501,13,12,1,1,1
740,2,1073,539,14,9,1,1,1
740,3,1126,617,11,10,1,1,1
740,4,997,539,12,10,1,1,1
740,5,975,542,10,10,1,1,1
740,6,818,486,11,10,1,1,1
740,7,877,592,10,11,1,1,1
740,8,788,592,11,9,1,1,1
740,9,589,549,10,11,1,1,1
740,10,640,560,13,11,1,1,1
740,11,597,562,13,11,1,1,1
740,12,617,584,14,11,1,1,1
740,13,543,558,14,13,1,1,1
740,14,650,500,15,12,1,1,1
740,15,689,424,15,12,1,1,1
740,16,923,537,13,12,1,1,1
741,1,1057,499,13,11,1,1,1
741,2,1071,537,13,11,1,1,1
741,3,1124,615,11,11,1,1,1
741,4,994,537,13,10,1,1,1
741,5,973,539,10,11,1,1,1
741,6,814,484,13,9,1,1,1
741,7,874,591,12,9,1,1,1
741,8,787,591,11,11,1,1,1
741,9,584,547,11,11,1,1,1
741,10,637,558,12,11,1,1,1
741,11,593,560,14,11,1,1,1
741,12,613,582,14,11,1,1,1
741,13,538,555,15,12,1,1,1
741,14,647,496,15,11,1,1,1
741,15,687,422,13,12,1,1,1
741,16,920,534,13,11,1,1,1
742,1,1053,496,13,12,1,1,1
742,2,1068,534,13,11,1,1,1
742,3,1122,613,11,10,1,1,1
742,4,992,535,12,10,1,1,1
742,5,970,537,10,11,1,1,1
742,6,812,482,12,9,1,1,1
742,7,872,589,10,10,1,1,1
742,8,783,590,12,11,1,1,1
742,9,582,545,12,10,1,1,1
742,10,633,555,13,11,1,1,1
742,11,590,557,12,11,1,1,1
742,12,608,580,13,10,1,1,1
742,13,533,551,13,12,1,1,1
742,14,641,492,16,13,1,1,1
742,15,681,420,15,11,1,1,1
742,16,916,530,13,12,1,1,1
743,1,1047,493,15,12,1,1,1
743,2,1062,530,13,12,1,1,1
743,3,1118,610,11,11,1,1,1
743,4,988,532,12,10,1,1,1
743,5,965,534,11,9,1,1,1
743,6,809,479,10,11,1,1,1
743,7,868,587,10,11,1,1,1
743,8,779,588,11,10,1,1,1
743,9,578,542,10,10,1,1,1
743,10,628,552,12,11,1,1,1
743,11,583,553,12,11,1,1,1
743,12,602,576,13,12,1,1,1
743,13,527,546,14,13,1,1,1
743,14,636,488,15,11,1,1,1
743,15,677,417,12,13,1,1,1
743,16,910,523,13,13,1,1,1
744,1,1043,490,15,14,1,1,1
744,2,1058,528,13,11,1,1,1
744,3,1115,608,12,11,1,1,1
744,4,985,529,11,11,1,1,1
744,5,963,532,11,11,1,1,1
744,6,806,477,10,11,1,1,1
744,7,865,586,10,9,1,1,1
744,8,777,587,11,10,1,1,1
744,9,573,539,13,10,1,1,1
744,10,624,550,13,11,1,1,1
744,11,580,550,12,12,1,1,1
744,12,597,574,12,11,1,1,1
744,13,522,542,14,13,1,1,1
744,14,630,483,16,13,1,1,1
744,15,671,415,14,12,1,1,1
744,16,907,520,13,12,1,1,1
745,1,1039,489,14,12,1,1,1
745,2,1054,525,13,11,1,1,1
745,3,1112,606,12,10,1,1,1
745,4,981,527,13,11,1,1,1
745,5,961,530,11,10,1,1,1
745,6,803,475,10,11,1,1,1
745,7,861,584,12,10,1,1,1
745,8,772,586,12,10,1,1,1
745,9,571,536,11,11,1,1,1
745,10,621,547,11,11,1,1,1
745,11,575,547,13,12,1,1,1
745,12,592,571,12,12,1,1,1
745,13,516,538,15,13,1,1,1
745,14,625,480,16,11,1,1,1
745,15,666,413,14,13,1,1,1
745,16,902,514,14,13,1,1,1
746,1,1034,486,15,13,1,1,1
746,2,1051,523,13,11,1,1,1
746,3,1109,604,12,11,1,1,1
746,4,979,525,11,11,1,1,1
746,5,958,528,11,10,1,1,1
746,6,800,473,11,11,1,1,1
746,7,858,582,12,10,1,1,1
746,8,769,585,12,9,1,1,1
746,9,568,534,12,10,1,1,1
746,10,618,545,10,11,1,1,1
746,11,571,545,12,11,1,1,1
746,12,587,569,14,12,1,1,1
746,13,513,535,13,12,1,1,1
746,14,622,476,15,13,1,1,1
746,15,663,411,14,12,1,1,1
746,16,899,511,13,12,1,1,1
747,1,1030,485,14,12,1,1,1
747,2,1047,520,14,11,1,1,1
747,3,1106,602,12,11,1,1,1
747,4,976,523,12,9,1,1,1
747,5,955,526,12,10,1,1,1
747,6,797,472,12,10,1,1,1
747,7,856,580,11,10,1,1,1
747,8,767,583,11,11,1,1,1
747,9,565,531,11,11,1,1,1
747,10,613,543,13,11,1,1,1
747,11,566,542,13,11,1,1,1
747,12,582,566,14,12,1,1,1
747,13,508,530,13,13,1,1,1
747,14,617,472,15,13,1,1,1
747,15,659,409,12,13,1,1,1
747,16,895,506,13,12,1,1,1
748,1,1026,483,14,12,1,1,1
748,2,1044,518,14,9,1,1,1
748,3,1103,601,12,10,1,1,1
748,4,973,521,13,11,1,1,1
748,5,953,524,12,11,1,1,1
748,6,796,470,10,11,1,1,1
748,7,854,579,10,10,1,1,1
748,8,764,583,11,10,1,1,1
748,9,562,529,11,11,1,1,1
748,10,610,541,13,11,1,1,1
748,11,564,540,13,11,1,1,1
748,12,578,565,14,11,1,1,1
748,13,503,527,14,12,1,1,1
748,14,612,469,15,12,1,1,1
748,15,654,408,15,12,1,1,1
748,16,892,502,14,12,1,1,1
749,1,1024,482,12,11,1,1,1
749,2,1041,516,13,10,1,1,1
749,3,1100,599,13,11,1,1,1
749,4,972,519,10,11,1,1,1
749,5,950,522,12,10,1,1,1
749,6,792,469,11,11,1,1,1
749,7,851,578,11,10,1,1,1
749,8,761,581,12,11,1,1,1
749,9,559,527,12,10,1,1,1
749,10,607,539,12,11,1,1,1
749,11,559,537,14,11,1,1,1
749,12,574,562,14,12,1,1,1
749,13,498,523,14,12,1,1,1
749,14,608,465,15,14,1,1,1
749,15,650,405,15,13,1,1,1
749,16,889,498,14,13,1,1,1
750,1,1018,480,16,13,1,1,1
750,2,1039,513,13,10,1,1,1
750,3,1099,597,11,11,1,1,1
750,4,970,517,10,11,1,1,1
750,5,949,520,10,10,1,1,1
750,6,790,468,11,9,1,1,1
750,7,848,576,11,10,1,1,1
750,8,759,580,11,9,1,1,1
750,9,557,525,11,10,1,1,1
750,10,604,536,12,11,1,1,1
750,11,557,534,13,10,1,1,1
750,12,569,560,14,12,1,1,1
750,13,495,520,12,11,1,1,1
750,14,604,462,16,12,1,1,1
750,15,646,403,14,13,1,1,1
750,16,886,495,13,12,1,1,1
751,1,1014,479,15,11,1,1,1
751,2,1035,510,13,11,1,1,1
751,3,1094,595,13,11,1,1,1
751,4,965,515,13,10,1,1,1
751,5,945,518,11,11,1,1,1
751,6,786,466,11,11,1,1,1
751,7,845,574,12,11,1,1,1
751,8,756,579,10,10,1,1,1
751,9,553,522,12,10,1,1,1
751,10,600,534,12,10,1,1,1
751,11,551,531,15,12,1,1,1
751,12,565,558,13,10,1,1,1
751,13,488,515,15,12,1,1,1
751,14,599,458,17,14,1,1,1
751,15,642,400,15,14,1,1,1
751,16,882,489,14,13,1,1,1
752,1,1011,476,13,13,1,1,1
752,2,1031,507,13,12,1,1,1
752,3,1093,593,11,11,1,1,1
752,4,964,513,10,11,1,1,1
752,5,944,517,10,9,1,1,1
752,6,784,465,12,10,1,1,1
752,7,843,573,11,9,1,1,1
752,8,752,577,12,11,1,1,1
752,9,551,520,11,10,1,1,1
752,10,596,532,13,11,1,1,1
752,11,549,529,12,10,1,1,1
752,12,561,555,13,12,1,1,1
752,13,486,511,12,13,1,1,1
752,14,595,455,17,14,1,1,1
752,15,639,398,14,13,1,1,1
752,16,879,486,14,12,1,1,1
753,1,1006,476,15,12,1,1,1
753,2,1029,505,12,11,1,1,1
753,3,1090,591,12,11,1,1,1
753,4,960,511,12,11,1,1,1
753,5,940,514,12,11,1,1,1
753,6,782,464,10,10,1,1,1
753,7,840,571,12,10,1,1,1
753,8,749,576,12,9,1,1,1
753,9,547,517,11,11,1,1,1
753,10,593,530,12,10,1,1,1
753,11,544,525,13,12,1,1,1
753,12,555,553,14,11,1,1,1
753,13,479,507,14,13,1,1,1
753,14,591,453,14,11,1,1,1
753,15,632,396,15,13,1,1,1
753,16,876,482,14,12,1,1,1
754,1,1002,474,15,12,1,1,1
754,2,1026,503,11,11,1,1,1
754,3,1087,590,11,10,1,1,1
754,4,959,510,10,10,1,1,1
754,5,939,513,12,10,1,1,1
754,6,780,462,10,10,1,1,1
754,7,838,569,11,11,1,1,1
754,8,747,575,11,10,1,1,1
754,9,546,515,10,11,1,1,1
754,10,590,528,13,11,1,1,1
754,11,541,523,14,11,1,1,1
754,12,552,550,14,12,1,1,1
754,13,475,504,16,12,1,1,1
754,14,589,449,15,12,1,1,1
754,15,630,395,15,11,1,1,1
754,16,873,478,14,11,1,1,1
755,1,1002,474,12,12,1,1,1
755,2,1023,501,14,11,1,1,1
755,3,1086,588,11,11,1,1,1
755,4,957,508,11,11,1,1,1
755,5,937,512,12,11,1,1,1
755,6,778,462,12,10,1,1,1
755,7,837,569,10,10,1,1,1
755,8,746,574,12,11,1,1,1
755,9,543,514,13,11,1,1,1
755,10,588,527,13,11,1,1,1
755,11,539,521,13,10,1,1,1
755,12,550,549,14,12,1,1,1
755,13,473,502,16,13,1,1,1
755,14,586,448,16,12,1,1,1
755,15,628,394,15,11,1,1,1
755,16,872,477,12,12,1,1,1
756,1,997,471,13,12,1,1,1
756,2,1019,497,13,11,1,1,1
756,3,1081,586,12,10,1,1,1
756,4,954,506,11,10,1,1,1
756,5,935,509,10,11,1,1,1
756,6,774,460,11,10,1,1,1
756,7,832,566,12,11,1,1,1
756,8,741,572,12,10,1,1,1
756,9,540,511,11,10,1,1,1
756,10,585,525,10,10,1,1,1
756,11,534,517,15,11,1,1,1
756,12,544,545,13,12,1,1,1
756,13,467,497,14,12,1,1,1
756,14,581,443,15,14,1,1,1
756,15,621,389,16,13,1,1,1
756,16,867,471,14,12,1,1,1
757,1,991,470,15,13,1,1,1
757,2,1016,495,13,11,1,1,1
757,3,1078,584,13,11,1,1,1
757,4,950,504,13,10,1,1,1
757,5,932,508,12,10,1,1,1
757,6,771,459,12,11,1,1,1
757,7,831,565,10,9,1,1,1
757,8,739,571,11,10,1,1,1
757,9,538,509,10,9,1,1,1
757,10,581,522,11,11,1,1,1
757,11,532,515,12,11,1,1,1
757,12,539,543,14,12,1,1,1
757,13,464,493,14,12,1,1,1
757,14,576,441,16,13,1,1,1
757,15,618,387,14,13,1,1,1
757,16,865,467,13,12,1,1,1
758,1,988,469,13,12,1,1,1
758,2,1012,492,13,12,1,1,1
758,3,1076,581,11,11,1,1,1
758,4,948,502,11,10,1,1,1
758,5,930,506,12,10,1,1,1
758,6,769,458,11,11,1,1,1
758,7,828,563,10,9,1,1,1
758,8,736,569,11,10,1,1,1
758,9,534,506,12,9,1,1,1
758,10,578,521,10,10,1,1,1
758,11,527,511,15,12,1,1,1
758,12,534,540,14,12,1,1,1
758,13,457,489,15,11,1,1,1
758,14,571,437,17,13,1,1,1
758,15,612,385,17,12,1,1,1
758,16,862,464,13,11,1,1,1
759,1,983,469,15,11,1,1,1
759,2,1009,489,13,12,1,1,1
759,3,1074,580,11,10,1,1,1
759,4,945,500,13,10,1,1,1
759,5,928,504,10,9,1,1,1
759,6,766,457,11,11,1,1,1
759,7,824,561,12,10,1,1,1
759,8,733,568,11,10,1,1,1
759,9,531,504,12,10,1,1,1
759,10,574,519,12,9,1,1,1
759,11,525,508,14,10,1,1,1
759,12,530,537,15,10,1,1,1
759,13,455,485,13,13,1,1,1
759,14,568,436,15,10,1,1,1
759,15,609,383,16,12,1,1,1
759,16,859,460,13,12,1,1,1
760,1,978,468,13,10,1,1,1
760,2,1004,486,13,12,1,1,1
760,3,1069,577,13,11,1,1,1
760,4,943,497,10,10,1,1,1
760,5,924,502,12,10,1,1,1
760,6,763,456,11,9,1,1,1
760,7,822,559,10,10,1,1,1
760,8,730,566,10,10,1,1,1
760,9,528,500,11,11,1,1,1
760,10,569,516,13,9,1,1,1
760,11,519,504,15,11,1,1,1
760,12,524,533,15,11,1,1,1
760,13,449,480,14,13,1,1,1
760,14,562,432,17,12,1,1,1
760,15,603,380,16,13,1,1,1
760,16,855,455,13,12,1,1,1
761,1,973,466,14,12,1,1,1
761,2,1001,482,12,12,1,1,1
761,3,1065,574,13,11,1,1,1
761,4,939,495,11,10,1,1,1
761,5,922,499,10,11,1,1,1
761,6,760,455,12,10,1,1,1
761,7,817,556,12,9,1,1,1
761,8,726,564,10,10,1,1,1
761,9,525,497,11,10,1,1,1
761,10,565,513,12,11,1,1,1
761,11,516,500,13,12,1,1,1
761,12,518,529,15,12,1,1,1
761,13,441,475,16,12,1,1,1
761,14,558,429,15,12,1,1,1
761,15,597,377,16,12,1,1,1
761,16,851,451,13,12,1,1,1
762,1,970,465,14,12,1,1,1
762,2,998,480,12,11,1,1,1
762,3,1063,572,12,11,1,1,1
762,4,936,493,13,10,1,1,1
762,5,921,498,9,10,1,1,1
762,6,757,454,12,10,1,1,1
762,7,816,555,12,10,1,1,1
762,8,724,563,10,9,1,1,1
762,9,522,496,12,10,1,1,1
762,10,562,512,13,11,1,1,1
762,11,512,498,15,12,1,1,1
762,12,515,527,15,12,1,1,1
762,13,438,473,16,10,1,1,1
762,14,556,427,13,12,1,1,1
762,15,596,376,12,11,1,1,1
762,16,848,448,13,13,1,1,1
763,1,967,464,13,12,1,1,1
763,2,994,478,14,10,1,1,1
763,3,1062,570,11,11,1,1,1
763,4,935,492,10,10,1,1,1
763,5,918,497,11,10,1,1,1
763,6,757,453,9,10,1,1,1
763,7,813,553,12,11,1,1,1
763,8,720,561,13,10,1,1,1
763,9,520,493,11,11,1,1,1
763,10,560,510,11,11,1,1,1
763,11,511,496,12,11,1,1,1
763,12,511,524,15,12,1,1,1
763,13,434,469,16,12,1,1,1
763,14,552,425,15,12,1,1,1
763,15,591,373,14,14,1,1,1
763,16,846,445,13,13,1,1,1
764,1,963,463,13,12,1,1,1
764,2,992,476,11,10,1,1,1
764,3,1058,568,13,11,1,1,1
764,4,932,489,11,11,1,1,1
764,5,914,495,12,10,1,1,1
764,6,754,453,10,9,1,1,1
764,7,810,551,11,11,1,1,1
764,8,719,559,10,11,1,1,1
764,9,516,491,13,11,1,1,1
764,10,556,508,12,10,1,1,1
764,11,507,492,14,10,1,1,1
764,12,507,521,15,11,1,1,1
764,13,430,465,15,13,1,1,1
764,14,546,423,16,12,1,1,1
764,15,586,371,16,13,1,1,1
764,16,842,442,15,11,1,1,1
765,1,959,462,14,10,1,1,1
765,2,989,473,12,11,1,1,1
765,3,1055,566,12,10,1,1,1
765,4,929,488,13,10,1,1,1
765,5,914,494,10,10,1,1,1
765,6,751,452,12,10,1,1,1
765,7,809,550,11,10,1,1,1
765,8,716,558,11,10,1,1,1
765,9,514,489,12,11,1,1,1
765,10,552,507,13,11,1,1,1
765,11,503,490,15,12,1,1,1
765,12,503,518,15,12,1,1,1
765,13,427,462,14,12,1,1,1
765,14,543,421,16,12,1,1,1
765,15,582,369,16,14,1,1,1
765,16,841,439,12,13,1,1,1
766,1,956,461,13,12,1,1,1
766,2,985,471,12,12,1,1,1
766,3,1053,564,13,11,1,1,1
766,4,928,486,10,11,1,1,1
766,5,910,492,13,10,1,1,1
766,6,749,451,12,10,1,1,1
766,7,806,548,12,9,1,1,1
766,8,712,556,12,10,1,1,1
766,9,512,487,12,10,1,1,1
766,10,549,505,13,11,1,1,1
766,11,500,487,15,11,1,1,1
766,12,499,515,15,12,1,1,1
766,13,421,459,16,12,1,1,1
766,14,539,419,16,12,1,1,1
766,15,579,368,16,13,1,1,1
766,16,838,436,13,13,1,1,1
767,1,952,460,13,11,1,1,1
767,2,981,468,14,12,1,1,1
767,3,1051,562,12,10,1,1,1
767,4,925,484,10,11,1,1,1
767,5,909,490,10,11,1,1,1
767,6,746,449,13,11,1,1,1
767,7,803,546,11,9,1,1,1
767,8,710,554,10,11,1,1,1
767,9,510,484,10,10,1,1,1
767,10,547,503,12,11,1,1,1
767,11,498,484,13,11,1,1,1
767,12,495,512,13,12,1,1,1
767,13,418,455,13,12,1,1,1
767,14,535,417,15,12,1,1,1
767,15,574,367,16,11,1,1,1
767,16,834,432,14,12,1,1,1
768,1,943,457,13,11,1,1,1
768,2,976,463,12,11,1,1,1
768,3,1044,557,12,11,1,1,1
768,4,919,481,12,10,1,1,1
768,5,903,487,13,10,1,1,1
768,6,741,447,11,11,1,1,1
768,7,798,542,11,11,1,1,1
768,8,705,551,10,10,1,1,1
768,9,503,480,13,10,1,1,1
768,10,539,499,12,11,1,1,1
768,11,490,479,13,11,1,1,1
768,12,486,505,15,12,1,1,1
768,13,407,448,16,12,1,1,1
768,14,527,412,15,13,1,1,1
768,15,565,362,17,14,1,1,1
768,16,829,427,14,13,1,1,1
769,1,938,455,15,13,1,1,1
769,2,971,460,12,11,1,1,1
769,3,1042,554,11,10,1,1,1
769,4,916,479,12,10,1,1,1
769,5,901,485,12,10,1,1,1
769,6,738,447,13,11,1,1,1
769,7,795,540,12,10,1,1,1
769,8,701,548,10,11,1,1,1
769,9,500,477,12,11,1,1,1
769,10,536,497,11,11,1,1,1
769,11,486,476,14,11,1,1,1
769,12,483,501,14,12,1,1,1
769,13,403,443,15,13,1,1,1
769,14,523,410,15,12,1,1,1
769,15,560,361,16,13,1,1,1
769,16,824,423,16,13,1,1,1
770,1,933,453,13,12,1,1,1
770,2,965,457,14,12,1,1,1
770,3,1038,551,12,10,1,1,1
770,4,913,477,11,10,1,1,1
770,5,899,482,10,11,1,1,1
770,6,734,446,13,10,1,1,1
770,7,791,537,11,11,1,1,1
770,8,697,545,10,11,1,1,1
770,9,496,474,12,10,1,1,1
770,10,530,494,12,11,1,1,1
770,11,483,472,12,12,1,1,1
770,12,475,496,14,12,1,1,1
770,13,396,438,15,12,1,1,1
770,14,517,407,15,12,1,1,1
770,15,554,359,15,12,1,1,1
770,16,820,420,16,13,1,1,1
771,1,930,452,13,12,1,1,1
771,2,964,456,12,10,1,1,1
771,3,1035,549,13,11,1,1,1
771,4,911,476,11,10,1,1,1
771,5,895,481,13,10,1,1,1
771,6,733,445,11,10,1,1,1
771,7,789,536,12,10,1,1,1
771,8,695,544,11,9,1,1,1
771,9,494,472,12,10,1,1,1
771,10,527,493,12,11,1,1,1
771,11,480,470,14,12,1,1,1
771,12,473,494,13,12,1,1,1
771,13,392,435,15,13,1,1,1
771,14,515,406,14,13,1,1,1
771,15,550,359,17,12,1,1,1
771,16,818,417,15,14,1,1,1
772,1,926,450,15,13,1,1,1
772,2,960,453,13,11,1,1,1
772,3,1033,546,12,11,1,1,1
772,4,907,474,12,10,1,1,1
772,5,895,479,10,11,1,1,1
772,6,731,444,11,11,1,1,1
772,7,787,534,11,10,1,1,1
772,8,692,542,11,10,1,1,1
772,9,491,470,12,11,1,1,1
772,10,524,491,12,11,1,1,1
772,11,477,468,14,11,1,1,1
772,12,468,490,14,12,1,1,1
772,13,388,433,15,11,1,1,1
772,14,510,404,14,11,1,1,1
772,15,546,357,17,12,1,1,1
772,16,816,415,13,13,1,1,1
773,1,923,449,14,12,1,1,1
773,2,957,452,13,11,1,1,1
773,3,1031,544,11,11,1,1,1
773,4,906,473,12,11,1,1,1
773,5,892,478,11,10,1,1,1
773,6,728,443,13,12,1,1,1
773,7,785,532,10,11,1,1,1
773,8,689,540,11,11,1,1,1
773,9,490,468,11,11,1,1,1
773,10,522,489,12,12,1,1,1
773,11,475,466,13,11,1,1,1
773,12,466,488,14,11,1,1,1
773,13,383,430,16,12,1,1,1
773,14,507,402,14,13,1,1,1
773,15,542,357,17,11,1,1,1
773,16,815,413,13,13,1,1,1
774,1,918,446,15,12,1,1,1
774,2,953,449,13,12,1,1,1
774,3,1028,542,12,10,1,1,1
774,4,902,471,12,11,1,1,1
774,5,890,476,10,11,1,1,1
774,6,725,443,12,11,1,1,1
774,7,782,530,11,11,1,1,1
774,8,686,538,12,9,1,1,1
774,9,485,466,12,10,1,1,1
774,10,518,487,11,11,1,1,1
774,11,469,464,15,11,1,1,1
774,12,460,484,14,12,1,1,1
774,13,378,426,16,12,1,1,1
774,14,502,400,14,11,1,1,1
774,15,537,355,17,12,1,1,1
774,16,809,411,16,11,1,1,1
775,1,916,445,14,10,1,1,1
775,2,950,448,13,11,1,1,1
775,3,1025,539,12,11,1,1,1
775,4,900,470,12,11,1,1,1
775,5,886,475,13,10,1,1,1
775,6,724,442,11,11,1,1,1
775,7,779,528,12,11,1,1,1
775,8,684,536,11,11,1,1,1
775,9,483,464,13,11,1,1,1
775,10,514,486,13,10,1,1,1
775,11,468,462,13,11,1,1,1
775,12,457,481,13,12,1,1,1
775,13,374,423,15,13,1,1,1
775,14,498,397,15,12,1,1,1
775,15,533,355,17,12,1,1,1
775,16,808,408,13,12,1,1,1
776,1,911,443,14,13,1,1,1
776,2,946,446,14,11,1,1,1
776,3,1021,537,12,11,1,1,1
776,4,898,469,12,10,1,1,1
776,5,885,474,10,10,1,1,1
776,6,721,442,12,10,1,1,1
776,7,777,526,10,11,1,1,1
776,8,681,534,12,10,1,1,1
776,9,480,463,13,11,1,1,1
776,10,511,484,12,10,1,1,1
776,11,465,460,13,11,1,1,1
776,12,452,477,15,12,1,1,1
776,13,369,421,14,12,1,1,1
776,14,494,395,14,10,1,1,1
776,15,530,354,16,13,1,1,1
776,16,803,405,16,13,1,1,1
777,1,909,442,14,11,1,1,1
777,2,944,444,12,11,1,1,1
777,3,1019,535,13,11,1,1,1
777,4,896,467,10,11,1,1,1
777,5,883,472,10,11,1,1,1
777,6,718,441,12,11,1,1,1
777,7,775,525,10,10,1,1,1
777,8,679,532,11,10,1,1,1
777,9,478,461,11,10,1,1,1
777,10,506,482,13,11,1,1,1
777,11,460,458,15,12,1,1,1
777,12,448,474,16,11,1,1,1
777,13,364,418,16,13,1,1,1
777,14,490,392,13,12,1,1,1
777,15,524,353,17,12,1,1,1
777,16,800,402,14,13,1,1,1
778,1,902,437,14,12,1,1,1
778,2,938,442,13,11,1,1,1
778,3,1016,532,12,10,1,1,1
778,4,892,465,12,11,1,1,1
778,5,879,470,11,11,1,1,1
778,6,714,440,12,10,1,1,1
778,7,770,521,11,11,1,1,1
778,8,675,528,11,11,1,1,1
778,9,473,459,11,9,1,1,1
778,10,501,479,13,11,1,1,1
778,11,457,455,11,12,1,1,1
778,12,442,469,16,12,1,1,1
778,13,358,414,15,12,1,1,1
778,14,482,388,17,13,1,1,1
778,15,517,352,17,13,1,1,1
778,16,797,400,14,12,1,1,1
779,1,900,435,14,13,1,1,1
779,2,935,441,12,9,1,1,1
779,3,1013,529,11,11,1,1,1
779,4,890,464,9,11,1,1,1
779,5,876,469,11,10,1,1,1
779,6,713,439,11,11,1,1,1
779,7,768,519,10,11,1,1,1
779,8,671,526,11,11,1,1,1
779,9,471,457,12,11,1,1,1
779,10,499,477,11,11,1,1,1
779,11,452,453,14,12,1,1,1
779,12,438,466,13,12,1,1,1
779,13,352,412,16,12,1,1,1
779,14,478,385,16,12,1,1,1
779,15,514,351,16,13,1,1,1
779,16,793,397,14,12,1,1,1
780,1,897,434,13,12,1,1,1
780,2,932,439,12,12,1,1,1
780,3,1009,527,12,11,1,1,1
780,4,888,463,10,11,1,1,1
780,5,873,468,12,10,1,1,1
780,6,710,438,13,11,1,1,1
780,7,765,518,12,10,1,1,1
780,8,669,524,12,11,1,1,1
780,9,469,456,11,11,1,1,1
780,10,496,475,12,12,1,1,1
780,11,450,452,13,12,1,1,1
780,12,434,463,15,12,1,1,1
780,13,347,409,17,13,1,1,1
780,14,475,383,15,13,1,1,1
780,15,510,350,16,13,1,1,1
780,16,790,395,14,13,1,1,1
781,1,891,430,15,13,1,1,1
781,2,929,437,11,12,1,1,1
781,3,1006,525,13,11,1,1,1
781,4,882,462,12,9,1,1,1
781,5,872,466,11,11,1,1,1
781,6,708,438,11,10,1,1,1
781,7,762,515,12,10,1,1,1
781,8,666,521,11,11,1,1,1
781,9,464,454,12,12,1,1,1
781,10,491,474,12,10,1,1,1
781,11,445,450,14,12,1,1,1
781,12,430,459,15,12,1,1,1
781,13,341,407,17,13,1,1,1
781,14,468,379,17,13,1,1,1
781,15,503,349,17,12,1,1,1
781,16,786,393,15,12,1,1,1
782,1,890,429,14,12,1,1,1
782,2,925,437,12,12,1,1,1
782,3,1005,523,12,11,1,1,1
782,4,883,461,10,11,1,1,1
782,5,869,466,13,11,1,1,1
782,6,705,437,12,11,1,1,1
782,7,761,514,11,10,1,1,1
782,8,665,520,11,10,1,1,1
782,9,462,453,12,12,1,1,1
782,10,489,472,11,11,1,1,1
782,11,443,449,14,12,1,1,1
782,12,426,458,16,11,1,1,1
782,13,338,405,17,14,1,1,1
782,14,465,377,17,13,1,1,1
782,15,500,348,16,12,1,1,1
782,16,785,392,14,12,1,1,1
783,1,887,427,12,13,1,1,1
783,2,922,436,12,11,1,1,1
783,3,1002,522,11,10,1,1,1
783,4,879,461,10,10,1,1,1
783,5,867,465,11,9,1,1,1
783,6,703,436,13,11,1,1,1
783,7,758,512,12,10,1,1,1
783,8,661,517,12,11,1,1,1
783,9,460,452,13,12,1,1,1
783,10,485,471,13,11,1,1,1
783,11,440,448,13,12,1,1,1
783,12,422,455,16,11,1,1,1
783,13,333,404,17,13,1,1,1
783,14,463,374,15,14,1,1,1
783,15,495,347,17,12,1,1,1
783,16,781,390,15,11,1,1,1
784,1,883,426,15,12,1,1,1
784,2,920,435,13,11,1,1,1
784,3,999,520,13,11,1,1,1
784,4,878,460,12,10,1,1,1
784,5,867,464,9,10,1,1,1
784,6,702,435,11,10,1,1,1
784,7,757,510,10,10,1,1,1
784,8,660,515,12,11,1,1,1
784,9,457,452,13,11,1,1,1
784,10,483,469,11,11,1,1,1
784,11,437,447,14,12,1,1,1
784,12,419,453,15,12,1,1,1
784,13,329,402,15,12,1,1,1
784,14,457,373,16,13,1,1,1
784,15,493,346,16,13,1,1,1
784,16,780,388,12,13,1,1,1
785,1,881,425,13,11,1,1,1
785,2,918,434,11,10,1,1,1
785,3,998,519,11,10,1,1,1
785,4,875,459,13,10,1,1,1
785,5,864,464,12,10,1,1,1
785,6,700,434,11,11,1,1,1
785,7,754,509,12,10,1,1,1
785,8,658,514,12,10,1,1,1
785,9,455,451,13,11,1,1,1
785,10,480,468,11,11,1,1,1
785,11,435,445,13,12,1,1,1
785,12,418,452,12,11,1,1,1
785,13,325,400,18,13,1,1,1
785,14,456,370,15,13,1,1,1
785,15,488,345,16,13,1,1,1
785,16,777,387,15,12,1,1,1
786,1,876,420,14,13,1,1,1
786,2,912,432,12,12,1,1,1
786,3,994,515,12,11,1,1,1
786,4,872,457,11,11,1,1,1
786,5,861,463,10,10,1,1,1
786,6,695,433,14,11,1,1,1
786,7,751,506,10,10,1,1,1
786,8,655,510,10,10,1,1,1
786,9,450,448,13,12,1,1,1
786,10,475,466,12,10,1,1,1
786,11,430,443,13,11,1,1,1
786,12,410,447,14,12,1,1,1
786,13,318,398,17,13,1,1,1
786,14,448,366,15,14,1,1,1
786,15,481,344,18,13,1,1,1
786,16,773,384,14,13,1,1,1
787,1,873,419,14,13,1,1,1
787,2,909,431,12,12,1,1,1
787,3,991,514,13,10,1,1,1
787,4,869,456,10,11,1,1,1
787,5,858,462,12,10,1,1,1
787,6,693,432,12,10,1,1,1
787,7,748,504,11,10,1,1,1
787,8,651,507,12,11,1,1,1
787,9,448,447,12,12,1,1,1
787,10,470,464,13,12,1,1,1
787,11,427,441,13,12,1,1,1
787,12,406,445,15,11,1,1,1
787,13,312,396,16,12,1,1,1
787,14,444,363,16,14,1,1,1
787,15,476,343,18,13,1,1,1
787,16,770,383,14,10,1,1,1
788,1,869,416,13,12,1,1,1
788,2,904,430,14,12,1,1,1
788,3,989,512,10,10,1,1,1
788,4,866,455,10,11,1,1,1
788,5,855,461,11,11,1,1,1
788,6,690,431,14,11,1,1,1
788,7,745,501,12,11,1,1,1
788,8,649,505,12,10,1,1,1
788,9,445,446,13,11,1,1,1
788,10,466,463,13,11,1,1,1
788,11,422,439,14,12,1,1,1
788,12,403,442,13,13,1,1,1
788,13,306,394,17,13,1,1,1
788,14,440,360,15,14,1,1,1
788,15,471,342,17,12,1,1,1
788,16,766,381,14,12,1,1,1
789,1,867,415,12,12,1,1,1
789,2,901,429,14,11,1,1,1
789,3,985,510,13,11,1,1,1
789,4,864,454,10,11,1,1,1
789,5,854,461,10,9,1,1,1
789,6,688,430,12,11,1,1,1
789,7,743,500,11,9,1,1,1
789,8,646,502,12,11,1,1,1
789,9,441,444,13,12,1,1,1
789,10,463,461,13,11,1,1,1
789,11,418,438,14,12,1,1,1
789,12,398,441,13,12,1,1,1
789,13,302,392,17,14,1,1,1
789,14,435,358,16,14,1,1,1
789,15,469,341,15,13,1,1,1
789,16,762,379,14,12,1,1,1
790,1,863,412,13,13,1,1,1
790,2,898,427,13,11,1,1,1
790,3,982,508,13,11,1,1,1
790,4,861,453,11,11,1,1,1
790,5,851,459,11,10,1,1,1
790,6,686,429,13,11,1,1,1
790,7,739,497,12,11,1,1,1
790,8,643,499,12,11,1,1,1
790,9,438,443,13,11,1,1,1
790,10,460,460,12,11,1,1,1
790,11,415,435,13,13,1,1,1
790,12,394,438,14,12,1,1,1
790,13,296,390,16,12,1,1,1
790,14,430,355,16,13,1,1,1
790,15,461,340,16,12,1,1,1
790,16,758,378,16,11,1,1,1
791,1,860,411,14,12,1,1,1
791,2,894,426,15,12,1,1,1
791,3,981,506,12,11,1,1,1
791,4,859,452,11,11,1,1,1
791,5,849,459,12,11,1,1,1
791,6,685,429,11,10,1,1,1
791,7,738,496,11,9,1,1,1
791,8,642,497,11,10,1,1,1
791,9,435,443,13,10,1,1,1
791,10,456,458,13,11,1,1,1
791,11,412,434,13,12,1,1,1
791,12,390,436,14,13,1,1,1
791,13,293,389,17,13,1,1,1
791,14,427,354,15,13,1,1,1
791,15,457,339,18,12,1,1,1
791,16,756,376,15,13,1,1,1
792,1,857,408,14,13,1,1,1
792,2,892,425,12,11,1,1,1
792,3,978,504,11,11,1,1,1
792,4,857,451,12,11,1,1,1
792,5,846,458,11,9,1,1,1
792,6,682,428,12,10,1,1,1
792,7,735,494,12,10,1,1,1
792,8,641,494,10,11,1,1,1
792,9,434,442,11,10,1,1,1
792,10,452,457,12,11,1,1,1
792,11,407,432,15,12,1,1,1
792,12,385,434,14,12,1,1,1
792,13,287,386,17,14,1,1,1
792,14,420,352,17,13,1,1,1
792,15,454,338,15,12,1,1,1
792,16,754,375,14,12,1,1,1
793,1,854,406,13,13,1,1,1
793,2,888,422,12,12,1,1,1
793,3,975,502,11,11,1,1,1
793,4,853,451,13,10,1,1,1
793,5,845,457,10,11,1,1,1
793,6,678,427,14,11,1,1,1
793,7,733,492,11,10,1,1,1
793,8,637,492,12,10,1,1,1
793,9,431,439,12,12,1,1,1
793,10,448,455,14,10,1,1,1
793,11,403,429,14,13,1,1,1
793,12,382,432,14,12,1,1,1
793,13,280,384,19,14,1,1,1
793,14,415,349,17,14,1,1,1
793,15,446,337,17,12,1,1,1
793,16,749,373,16,12,1,1,1
794,1,851,405,13,11,1,1,1
794,2,885,420,13,12,1,1,1
794,3,972,500,11,11,1,1,1
794,4,850,450,14,10,1,1,1
794,5,841,457,11,10,1,1,1
794,6,676,426,12,11,1,1,1
794,7,730,490,11,10,1,1,1
794,8,635,489,12,10,1,1,1
794,9,425,439,15,10,1,1,1
794,10,444,453,13,12,1,1,1
794,11,398,428,15,12,1,1,1
794,12,376,429,14,14,1,1,1
794,13,274,382,19,14,1,1,1
794,14,410,347,17,13,1,1,1
794,15,440,336,17,12,1,1,1
794,16,745,372,16,12,1,1,1
795,1,844,401,14,12,1,1,1
795,2,879,418,12,11,1,1,1
795,3,965,497,14,11,1,1,1
795,4,848,448,10,11,1,1,1
795,5,836,455,12,11,1,1,1
795,6,673,424,10,11,1,1,1
795,7,725,486,11,10,1,1,1
795,8,630,484,12,10,1,1,1
795,9,421,437,13,10,1,1,1
795,10,437,450,14,11,1,1,1
795,11,391,424,16,13,1,1,1
795,12,368,427,14,11,1,1,1
795,13,265,379,17,14,1,1,1
795,14,403,343,15,12,1,1,1
795,15,433,334,16,12,1,1,1
795,16,740,370,15,12,1,1,1
796,1,843,400,14,12,1,1,1
796,2,877,416,13,13,1,1,1
796,3,965,496,11,11,1,1,1
796,4,844,447,13,12,1,1,1
796,5,836,455,12,10,1,1,1
796,6,670,424,13,10,1,1,1
796,7,724,485,11,10,1,1,1
796,8,628,482,12,10,1,1,1
796,9,419,437,12,10,1,1,1
796,10,436,449,13,12,1,1,1
796,11,389,423,16,13,1,1,1
796,12,365,425,15,13,1,1,1
796,13,263,378,16,14,1,1,1
796,14,398,342,18,12,1,1,1
796,15,428,333,18,13,1,1,1
796,16,737,369,16,12,1,1,1
797,1,841,399,14,12,1,1,1
797,2,875,416,12,12,1,1,1
797,3,962,495,13,11,1,1,1
797,4,845,447,10,10,1,1,1
797,5,834,454,11,10,1,1,1
797,6,669,423,11,10,1,1,1
797,7,721,483,12,11,1,1,1
797,8,628,481,11,10,1,1,1
797,9,416,435,14,11,1,1,1
797,10,432,448,12,11,1,1,1
797,11,388,423,14,11,1,1,1
797,12,362,424,15,12,1,1,1
797,13,257,377,16,13,1,1,1
797,14,395,341,17,12,1,1,1
797,15,424,333,17,12,1,1,1
797,16,735,368,16,13,1,1,1
798,1,839,398,14,12,1,1,1
798,2,873,415,12,11,1,1,1
798,3,960,494,13,10,1,1,1
798,4,841,447,13,10,1,1,1
798,5,833,454,12,10,1,1,1
798,6,668,423,11,10,1,1,1
798,7,719,482,12,9,1,1,1
798,8,625,479,13,11,1,1,1
798,9,415,435,13,11,1,1,1
798,10,430,447,13,11,1,1,1
798,11,385,421,13,12,1,1,1
798,12,360,422,16,14,1,1,1
798,13,253,376,19,13,1,1,1
798,14,392,340,17,13,1,1,1
798,15,421,332,18,13,1,1,1
798,16,732,367,17,13,1,1,1
799,1,836,397,13,11,1,1,1
799,2,869,414,14,12,1,1,1
799,3,960,492,10,9,1,1,1
799,4,839,446,12,10,1,1,1
799,5,831,453,10,10,1,1,1
799,6,665,421,11,11,1,1,1
799,7,717,480,12,11,1,1,1
799,8,623,477,13,10,1,1,1
799,9,412,435,12,10,1,1,1
799,10,426,445,15,12,1,1,1
799,11,382,419,14,12,1,1,1
799,12,355,422,17,12,1,1,1
799,13,248,374,19,14,1,1,1
799,14,389,339,16,13,1,1,1
799,15,416,331,19,13,1,1,1
799,16,729,366,17,13,1,1,1
800,1,832,394,14,13,1,1,1
800,2,865,412,14,12,1,1,1
800,3,954,490,13,11,1,1,1
800,4,836,445,13,11,1,1,1
800,5,829,452,10,11,1,1,1
800,6,663,420,10,10,1,1,1
800,7,714,478,12,9,1,1,1
800,8,620,474,13,10,1,1,1
800,9,408,433,13,11,1,1,1
800,10,421,443,14,12,1,1,1
800,11,377,417,14,12,1,1,1
800,12,351,418,15,13,1,1,1
800,13,243,372,16,14,1,1,1
800,14,381,336,18,14,1,1,1
800,15,409,330,17,13,1,1,1
800,16,725,365,15,12,1,1,1
801,1,828,392,13,12,1,1,1
801,2,861,409,14,12,1,1,1
801,3,952,488,11,10,1,1,1
801,4,834,443,11,10,1,1,1
801,5,826,451,10,11,1,1,1
801,6,657,419,14,9,1,1,1
801,7,712,476,10,9,1,1,1
801,8,617,471,12,10,1,1,1
801,9,404,432,12,11,1,1,1
801,10,418,441,13,12,1,1,1
801,11,371,416,14,11,1,1,1
801,12,344,417,15,12,1,1,1
801,13,235,370,15,14,1,1,1
801,14,377,334,14,13,1,1,1
801,15,402,328,18,13,1,1,1
801,16,720,363,17,13,1,1,1
802,1,825,391,15,13,1,1,1
802,2,859,407,11,12,1,1,1
802,3,947,486,13,10,1,1,1
802,4,831,442,12,11,1,1,1
802,5,822,450,13,12,1,1,1
802,6,657,418,11,11,1,1,1
802,7,709,474,11,9,1,1,1
802,8,614,469,13,10,1,1,1
802,9,402,431,9,11,1,1,1
802,10,412,439,14,12,1,1,1
802,11,367,414,13,10,1,1,1
802,12,340,414,15,13,1,1,1
802,13,227,369,19,13,1,1,1
802,14,370,333,15,14,1,1,1
802,15,396,327,19,13,1,1,1
802,16,717,362,15,13,1,1,1
803,1,823,390,15,11,1,1,1
803,2,857,407,11,11,1,1,1
803,3,947,484,11,10,1,1,1
803,4,830,442,12,11,1,1,1
803,5,821,450,10,11,1,1,1
803,6,653,417,13,11,1,1,1
803,7,707,473,11,10,1,1,1
803,8,614,468,10,10,1,1,1
803,9,397,431,15,11,1,1,1
803,10,410,439,13,11,1,1,1
803,11,365,413,14,12,1,1,1
803,12,336,413,17,13,1,1,1
803,13,223,368,19,13,1,1,1
803,14,366,332,17,14,1,1,1
803,15,395,326,16,14,1,1,1
803,16,717,362,13,12,1,1,1
804,1,820,390,13,10,1,1,1
804,2,853,405,14,13,1,1,1
804,3,943,483,13,11,1,1,1
804,4,827,441,13,11,1,1,1
804,5,818,450,12,10,1,1,1
804,6,652,417,12,10,1,1,1
804,7,705,471,11,11,1,1,1
804,8,610,466,13,10,1,1,1
804,9,394,430,13,10,1,1,1
804,10,407,438,14,10,1,1,1
804,11,359,411,16,12,1,1,1
804,12,334,412,13,12,1,1,1
804,13,217,367,20,12,1,1,1
804,14,362,331,16,14,1,1,1
804,15,390,325,16,14,1,1,1
804,16,713,361,15,12,1,1,1
805,1,817,388,14,13,1,1,1
805,2,850,404,14,12,1,1,1
805,3,942,481,11,10,1,1,1
805,4,825,440,12,9,1,1,1
805,5,817,450,11,10,1,1,1
805,6,651,416,10,11,1,1,1
805,7,702,470,11,10,1,1,1
805,8,608,464,12,11,1,1,1
805,9,393,429,12,11,1,1,1
805,10,405,436,13,11,1,1,1
805,11,356,410,15,12,1,1,1
805,12,327,410,16,12,1,1,1
805,13,212,366,18,13,1,1,1
805,14,357,331,17,13,1,1,1
805,15,384,324,17,14,1,1,1
805,16,710,360,15,12,1,1,1
806,1,815,388,14,10,1,1,1
806,2,848,403,14,12,1,1,1
806,3,938,480,14,11,1,1,1
806,4,823,439,12,9,1,1,1
806,5,814,449,12,11,1,1,1
806,6,646,415,14,11,1,1,1
806,7,701,469,10,10,1,1,1
806,8,606,463,13,10,1,1,1
806,9,389,429,13,11,1,1,1
806,10,401,434,12,13,1,1,1
806,11,352,410,14,10,1,1,1
806,12,325,409,15,12,1,1,1
806,13,207,364,19,13,1,1,1
806,14,353,330,19,13,1,1,1
806,15,378,323,18,14,1,1,1
806,16,706,359,16,13,1,1,1
807,1,812,386,14,13,1,1,1
807,2,845,402,14,12,1,1,1
807,3,937,478,12,11,1,1,1
807,4,821,438,12,11,1,1,1
807,5,813,449,10,10,1,1,1
807,6,644,415,12,11,1,1,1
807,7,698,467,12,10,1,1,1
807,8,605,461,11,11,1,1,1
807,9,387,429,12,10,1,1,1
807,10,397,434,13,11,1,1,1
807,11,350,408,13,11,1,1,1
807,12,320,406,16,13,1,1,1
807,13,203,363,18,13,1,1,1
807,14,348,328,19,14,1,1,1
807,15,374,322,17,14,1,1,1
807,16,702,358,17,13,1,1,1
808,1,807,385,16,12,1,1,1
808,2,840,400,14,12,1,1,1
808,3,932,475,11,11,1,1,1
808,4,818,436,11,10,1,1,1
808,5,810,447,12,11,1,1,1
808,6,641,413,12,11,1,1,1
808,7,694,465,11,11,1,1,1
808,8,600,458,13,11,1,1,1
808,9,380,427,13,11,1,1,1
808,10,390,431,14,12,1,1,1
808,11,343,405,13,12,1,1,1
808,12,311,403,17,14,1,1,1
808,13,191,361,20,13,1,1,1
808,14,342,327,17,12,1,1,1
808,15,363,320,17,13,1,1,1
808,16,698,357,13,12,1,1,1
809,1,804,384,15,10,1,1,1
809,2,837,399,14,12,1,1,1
809,3,928,474,14,11,1,1,1
809,4,816,435,12,10,1,1,1
809,5,808,447,10,11,1,1,1
809,6,638,412,13,11,1,1,1
809,7,692,464,10,10,1,1,1
809,8,599,457,11,11,1,1,1
809,9,378,427,14,10,1,1,1
809,10,387,431,15,11,1,1,1
809,11,340,404,12,12,1,1,1
809,12,307,402,17,12,1,1,1
809,13,186,360,19,13,1,1,1
809,14,337,326,15,13,1,1,1
809,15,357,320,19,13,1,1,1
809,16,693,356,17,11,1,1,1
810,1,804,383,14,12,1,1,1
810,2,835,399,13,11,1,1,1
810,3,927,473,12,11,1,1,1
810,4,813,435,14,11,1,1,1
810,5,805,447,12,11,1,1,1
810,6,635,411,14,11,1,1,1
810,7,690,463,11,10,1,1,1
810,8,597,457,12,10,1,1,1
810,9,377,426,11,11,1,1,1
810,10,384,429,15,12,1,1,1
810,11,337,404,13,12,1,1,1
810,12,306,401,15,12,1,1,1
810,13,182,359,19,13,1,1,1
810,14,332,326,19,13,1,1,1
810,15,354,319,18,14,1,1,1
810,16,691,355,17,13,1,1,1
811,1,800,382,16,13,1,1,1
811,2,834,398,13,10,1,1,1
811,3,925,472,11,10,1,1,1
811,4,811,434,12,11,1,1,1
811,5,804,446,12,11,1,1,1
811,6,633,410,13,11,1,1,1
811,7,688,462,11,10,1,1,1
811,8,595,456,12,9,1,1,1
811,9,373,426,13,11,1,1,1
811,10,381,428,14,12,1,1,1
811,11,334,403,13,11,1,1,1
811,12,300,400,17,13,1,1,1
811,13,177,358,19,13,1,1,1
811,14,328,325,19,13,1,1,1
811,15,349,318,18,14,1,1,1
811,16,688,354,17,12,1,1,1
812,1,798,381,16,12,1,1,1
812,2,830,398,13,11,1,1,1
812,3,922,470,13,11,1,1,1
812,4,811,434,11,10,1,1,1
812,5,804,446,10,11,1,1,1
812,6,631,409,12,11,1,1,1
812,7,686,461,12,10,1,1,1
812,8,593,455,12,11,1,1,1
812,9,372,425,12,12,1,1,1
812,10,378,427,14,12,1,1,1
812,11,330,402,15,12,1,1,1
812,12,296,399,18,13,1,1,1
812,13,172,357,19,13,1,1,1
812,14,325,324,18,14,1,1,1
812,15,344,317,17,14,1,1,1
812,16,685,354,17,11,1,1,1
813,1,793,379,14,12,1,1,1
813,2,824,396,15,11,1,1,1
813,3,917,467,12,10,1,1,1
813,4,806,432,13,11,1,1,1
813,5,799,446,11,10,1,1,1
813,6,627,407,11,9,1,1,1
813,7,681,459,11,11,1,1,1
813,8,588,452,12,11,1,1,1
813,9,365,424,13,11,1,1,1
813,10,372,425,14,11,1,1,1
813,11,321,400,16,12,1,1,1
813,12,289,396,13,12,1,1,1
813,13,160,355,20,13,1,1,1
813,14,317,323,16,12,1,1,1
813,15,332,314,19,13,1,1,1
813,16,678,352,16,12,1,1,1
814,1,790,379,15,12,1,1,1
814,2,822,396,13,11,1,1,1
814,3,916,465,10,11,1,1,1
814,4,803,431,14,11,1,1,1
814,5,797,445,10,11,1,1,1
814,6,625,406,11,10,1,1,1
814,7,679,458,12,10,1,1,1
814,8,586,451,13,11,1,1,1
814,9,361,424,13,10,1,1,1
814,10,368,424,15,11,1,1,1
814,11,317,399,16,12,1,1,1
814,12,283,395,16,13,1,1,1
814,13,155,354,20,13,1,1,1
814,14,311,322,18,13,1,1,1
814,15,327,313,19,14,1,1,1
814,16,675,352,17,12,1,1,1
815,1,787,377,14,13,1,1,1
815,2,818,395,15,10,1,1,1
815,3,912,463,12,9,1,1,1
815,4,800,430,14,11,1,1,1
815,5,794,445,12,9,1,1,1
815,6,622,404,10,10,1,1,1
815,7,677,457,10,11,1,1,1
815,8,583,450,13,12,1,1,1
815,10,364,423,13,12,1,1,1
815,11,313,398,15,12,1,1,1
815,12,279,394,15,12,1,1,1
815,13,146,352,20,13,1,1,1
815,14,304,321,19,14,1,1,1
815,15,319,311,19,15,1,1,1
815,16,671,351,17,12,1,1,1
816,1,784,376,15,13,1,1,1
816,2,814,394,15,12,1,1,1
816,3,907,461,13,11,1,1,1
816,4,798,429,12,10,1,1,1
816,5,792,444,10,10,1,1,1
816,6,617,402,12,11,1,1,1
816,7,672,455,12,11,1,1,1
816,8,580,450,12,10,1,1,1
816,10,358,422,15,11,1,1,1
816,11,306,397,16,12,1,1,1
816,12,270,392,17,13,1,1,1
816,13,138,351,20,13,1,1,1
816,14,297,321,19,13,1,1,1
816,15,311,309,18,14,1,1,1
816,16,667,349,14,13,1,1,1
817,1,781,375,14,12,1,1,1
817,2,813,395,13,11,1,1,1
817,3,906,460,11,10,1,1,1
817,4,795,428,14,11,1,1,1
817,5,789,444,13,9,1,1,1
817,6,615,401,11,10,1,1,1
817,7,670,454,12,11,1,1,1
817,8,580,449,10,10,1,1,1
817,10,354,421,16,11,1,1,1
817,11,303,397,14,11,1,1,1
817,12,266,391,16,13,1,1,1
817,13,132,350,20,13,1,1,1
817,14,292,320,18,12,1,1,1
817,15,305,307,17,15,1,1,1
817,16,662,348,18,13,1,1,1
818,1,778,375,15,12,1,1,1
818,2,808,394,14,11,1,1,1
818,3,901,458,13,11,1,1,1
818,4,792,427,14,10,1,1,1
818,5,786,443,12,10,1,1,1
818,6,610,399,13,11,1,1,1
818,7,668,452,11,12,1,1,1
818,8,577,448,10,11,1,1,1
818,9,347,422,11,11,1,1,1
818,10,352,419,14,11,1,1,1
818,11,297,396,15,11,1,1,1
818,12,260,390,18,13,1,1,1
818,13,124,349,21,13,1,1,1
818,14,289,319,15,13,1,1,1
818,15,298,305,18,15,1,1,1
818,16,658,347,17,13,1,1,1
819,1,773,373,16,13,1,1,1
819,2,805,394,13,11,1,1,1
819,3,898,456,12,9,1,1,1
819,4,791,426,11,10,1,1,1
819,5,785,442,11,11,1,1,1
819,6,606,397,14,12,1,1,1
819,7,666,452,10,9,1,1,1
819,8,572,447,13,11,1,1,1
819,10,345,418,14,11,1,1,1
819,11,292,395,14,11,1,1,1
819,12,254,389,16,12,1,1,1
819,13,116,347,20,13,1,1,1
819,14,280,318,19,13,1,1,1
819,15,290,302,17,15,1,1,1
819,16,653,346,16,13,1,1,1
820,1,771,372,14,13,1,1,1
820,2,801,393,15,11,1,1,1
820,3,896,454,11,11,1,1,1
820,4,788,425,12,10,1,1,1
820,5,782,442,11,10,1,1,1
820,6,603,396,13,10,1,1,1
820,7,662,449,12,11,1,1,1
820,8,571,447,12,11,1,1,1
820,9,338,421,13,11,1,1,1
820,10,342,417,14,10,1,1,1
820,11,287,394,15,12,1,1,1
820,12,248,387,18,13,1,1,1
820,13,109,346,20,13,1,1,1
820,14,274,317,19,12,1,1,1
820,15,282,300,19,15,1,1,1
820,16,649,345,17,13,1,1,1
821,1,767,371,15,13,1,1,1
821,2,798,393,14,11,1,1,1
821,3,893,453,11,10,1,1,1
821,4,786,423,11,11,1,1,1
821,5,780,440,11,11,1,1,1
821,6,601,395,11,10,1,1,1
821,7,660,449,12,10,1,1,1
821,8,568,446,12,11,1,1,1
821,9,335,421,14,11,1,1,1
821,10,337,415,14,12,1,1,1
821,11,283,393,16,11,1,1,1
821,12,243,387,18,11,1,1,1
821,13,102,345,20,13,1,1,1
821,14,270,316,18,11,1,1,1
821,15,275,297,18,15,1,1,1
821,16,645,344,17,13,1,1,1
822,1,763,370,16,13,1,1,1
822,2,794,392,15,12,1,1,1
822,3,889,451,11,11,1,1,1
822,4,781,422,14,11,1,1,1
822,5,778,439,9,10,1,1,1
822,6,596,392,13,10,1,1,1
822,7,658,446,10,10,1,1,1
822,8,563,445,13,11,1,1,1
822,9,331,420,12,11,1,1,1
822,10,333,413,14,10,1,1,1
822,11,279,392,14,10,1,1,1
822,12,236,385,18,13,1,1,1
822,13,92,343,20,14,1,1,1
822,14,260,315,20,13,1,1,1
822,15,265,294,18,15,1,1,1
822,16,639,343,16,13,1,1,1
823,1,760,369,16,13,1,1,1
823,2,791,392,15,12,1,1,1
823,3,885,450,12,11,1,1,1
823,4,778,421,13,11,1,1,1
823,5,775,438,12,11,1,1,1
823,6,592,391,13,11,1,1,1
823,7,653,445,13,11,1,1,1
823,8,562,445,12,11,1,1,1
823,9,326,420,14,11,1,1,1
823,10,327,412,14,11,1,1,1
823,11,273,391,15,11,1,1,1
823,12,230,384,18,12,1,1,1
823,13,84,342,20,14,1,1,1
823,14,254,313,20,11,1,1,1
823,15,257,291,17,15,1,1,1
823,16,636,342,16,13,1,1,1
824,1,756,368,17,13,1,1,1
824,2,789,391,14,10,1,1,1
824,3,884,449,11,11,1,1,1
824,4,777,420,13,11,1,1,1
824,5,771,437,12,10,1,1,1
824,6,590,389,12,12,1,1,1
824,7,652,443,11,11,1,1,1
824,8,559,444,11,11,1,1,1
824,9,324,419,11,11,1,1,1
824,10,324,410,14,12,1,1,1
824,11,267,391,16,11,1,1,1
824,12,224,383,18,12,1,1,1
824,13,76,341,21,13,1,1,1
824,14,248,312,20,13,1,1,1
824,15,249,288,18,15,1,1,1
824,16,630,341,18,13,1,1,1
825,1,754,368,17,11,1,1,1
825,2,786,391,13,11,1,1,1
825,3,880,448,13,11,1,1,1
825,4,775,419,13,11,1,1,1
825,5,771,436,11,11,1,1,1
825,6,588,389,11,10,1,1,1
825,7,650,442,11,10,1,1,1
825,8,557,444,13,10,1,1,1
825,9,321,419,12,11,1,1,1
825,10,321,410,13,11,1,1,1
825,11,265,390,14,12,1,1,1
825,12,221,382,17,12,1,1,1
825,13,71,340,21,14,1,1,1
825,14,244,311,20,13,1,1,1
825,15,244,285,18,16,1,1,1
825,16,627,340,18,12,1,1,1
826,1,749,366,17,13,1,1,1
826,2,781,390,13,11,1,1,1
826,3,874,446,13,11,1,1,1
826,4,770,417,12,12,1,1,1
826,5,767,435,11,11,1,1,1
826,6,581,386,13,12,1,1,1
826,7,646,439,11,12,1,1,1
826,8,553,443,12,11,1,1,1
826,9,314,418,13,11,1,1,1
826,10,314,407,14,12,1,1,1
826,11,257,389,13,12,1,1,1
826,12,211,381,18,12,1,1,1
826,13,61,338,18,14,1,1,1
826,14,234,309,20,13,1,1,1
826,15,231,280,18,15,1,1,1
826,16,621,338,16,13,1,1,1
827,1,746,365,16,13,1,1,1
827,2,777,389,15,12,1,1,1
827,3,871,445,12,10,1,1,1
827,4,769,416,11,10,1,1,1
827,5,763,434,12,11,1,1,1
827,6,578,385,12,12,1,1,1
827,7,643,438,12,11,1,1,1
827,8,549,442,12,11,1,1,1
827,9,310,418,12,11,1,1,1
827,10,308,406,14,11,1,1,1
827,11,252,389,13,11,1,1,1
827,12,204,380,17,11,1,1,1
827,13,49,337,21,14,1,1,1
827,14,227,307,20,12,1,1,1
827,15,221,276,19,15,1,1,1
827,16,614,337,18,13,1,1,1
828,1,741,364,14,12,1,1,1
828,2,772,388,15,12,1,1,1
828,3,867,444,13,10,1,1,1
828,4,764,414,12,11,1,1,1
828,5,761,433,12,9,1,1,1
828,6,573,384,10,10,1,1,1
828,7,639,436,12,11,1,1,1
828,8,543,441,13,11,1,1,1
828,9,304,418,12,10,1,1,1
828,10,301,404,14,11,1,1,1
828,11,244,387,13,12,1,1,1
828,12,195,378,18,12,1,1,1
828,13,36,335,21,14,1,1,1
828,14,217,305,20,13,1,1,1
828,15,208,270,20,15,1,1,1
828,16,607,335,16,13,1,1,1
829,1,736,363,17,11,1,1,1
829,2,770,388,13,11,1,1,1
829,3,863,442,14,11,1,1,1
829,4,759,413,13,11,1,1,1
829,5,758,432,11,11,1,1,1
829,6,568,382,13,12,1,1,1
829,7,635,436,13,11,1,1,1
829,8,543,441,9,11,1,1,1
829,9,300,417,12,11,1,1,1
829,10,298,403,14,11,1,1,1
829,11,238,386,15,12,1,1,1
829,12,189,377,17,12,1,1,1
829,13,28,333,21,14,1,1,1
829,14,210,303,20,13,1,1,1
829,15,200,265,19,16,1,1,1
829,16,602,333,18,14,1,1,1
830,1,733,362,17,12,1,1,1
830,2,766,386,15,12,1,1,1
830,3,860,441,13,11,1,1,1
830,4,758,411,13,11,1,1,1
830,5,756,432,12,11,1,1,1
830,6,565,381,13,12,1,1,1
830,7,634,434,12,10,1,1,1
830,8,538,441,14,11,1,1,1
830,9,295,417,14,10,1,1,1
830,10,292,401,16,12,1,1,1
830,11,232,386,15,11,1,1,1
830,12,183,376,18,12,1,1,1
830,13,20,331,21,14,1,1,1
830,14,204,302,20,13,1,1,1
830,15,192,262,20,16,1,1,1
830,16,598,331,17,13,1,1,1
831,1,731,361,17,13,1,1,1
831,2,765,386,13,11,1,1,1
831,3,859,440,13,11,1,1,1
831,4,755,410,14,11,1,1,1
831,5,754,432,12,10,1,1,1
831,6,563,381,12,9,1,1,1
831,7,632,434,11,11,1,1,1
831,8,537,441,12,10,1,1,1
831,9,294,417,12,10,1,1,1
831,10,291,400,14,12,1,1,1
831,11,230,385,15,12,1,1,1
831,12,179,375,16,12,1,1,1
831,13,15,330,21,14,1,1,1
831,14,200,301,20,13,1,1,1
831,15,187,259,20,16,1,1,1
831,16,595,330,17,13,1,1,1
832,1,729,361,17,12,1,1,1
832,2,762,386,14,12,1,1,1
832,3,858,439,13,11,1,1,1
832,4,754,409,12,11,1,1,1
832,5,754,432,11,10,1,1,1
832,6,562,380,11,10,1,1,1
832,7,630,433,12,11,1,1,1
832,8,536,440,10,11,1,1,1
832,9,292,416,12,11,1,1,1
832,10,287,400,16,11,1,1,1
832,11,226,385,15,12,1,1,1
832,12,179,374,15,12,1,1,1
832,13,11,329,18,14,1,1,1
832,14,197,300,20,14,1,1,1
832,15,183,257,20,16,1,1,1
832,16,592,329,17,15,1,1,1
833,1,725,360,16,13,1,1,1
833,2,760,385,14,12,1,1,1
833,3,855,438,13,11,1,1,1
833,4,753,408,11,11,1,1,1
833,5,751,431,12,11,1,1,1
833,6,557,378,13,11,1,1,1
833,7,628,433,12,11,1,1,1
833,8,531,440,14,11,1,1,1
833,9,287,416,14,11,1,1,1
833,10,284,398,14,12,1,1,1
833,11,222,385,15,11,1,1,1
833,12,170,372,18,13,1,1,1
833,13,2,327,21,14,1,1,1
833,14,190,299,21,13,1,1,1
833,15,174,252,21,16,1,1,1
833,16,589,328,15,14,1,1,1
834,1,723,359,17,13,1,1,1
834,2,756,385,16,11,1,1,1
834,3,853,437,13,11,1,1,1
834,4,750,407,11,10,1,1,1
834,5,748,430,12,11,1,1,1
834,6,554,377,13,12,1,1,1
834,7,627,432,10,10,1,1,1
834,8,531,439,11,11,1,1,1
834,9,283,415,14,12,1,1,1
834,10,281,398,14,11,1,1,1
834,11,217,384,15,12,1,1,1
834,12,168,371,14,12,1,1,1
834,13,0,325,16,14,1,1,1
834,14,185,298,21,13,1,1,1
834,15,168,249,21,16,1,1,1
834,16,583,326,18,14,1,1,1
835,1,720,358,17,12,1,1,1
835,2,755,384,14,12,1,1,1
835,3,851,436,12,12,1,1,1
835,4,748,405,12,11,1,1,1
835,5,747,430,12,11,1,1,1
835,6,551,376,13,11,1,1,1
835,7,624,431,10,11,1,1,1
835,8,527,439,14,11,1,1,1
835,9,282,415,13,11,1,1,1
835,10,277,396,14,12,1,1,1
835,11,213,383,16,12,1,1,1
835,12,161,369,16,13,1,1,1
835,13,0,324,9,14,1,1,1
835,14,179,296,21,14,1,1,1
835,15,162,245,20,17,1,1,1
835,16,579,324,16,15,1,1,1
836,1,716,357,17,13,1,1,1
836,2,751,384,14,11,1,1,1
836,3,848,435,13,12,1,1,1
836,4,743,404,14,12,1,1,1
836,5,744,429,12,11,1,1,1
836,6,549,374,12,11,1,1,1
836,7,621,430,13,12,1,1,1
836,8,524,438,14,11,1,1,1
836,9,276,415,15,11,1,1,1
836,10,271,395,14,11,1,1,1
836,11,208,383,15,12,1,1,1
836,12,154,367,19,13,1,1,1
836,14,173,295,21,14,1,1,1
836,15,153,241,22,16,1,1,1
836,16,574,322,18,15,1,1,1
837,1,711,355,17,14,1,1,1
837,2,746,383,16,12,1,1,1
837,3,844,434,13,10,1,1,1
837,4,739,402,13,11,1,1,1
837,5,740,428,13,11,1,1,1
837,6,542,372,12,11,1,1,1
837,7,618,430,13,10,1,1,1
837,8,521,437,11,11,1,1,1
837,9,272,414,12,11,1,1,1
837,10,267,393,12,11,1,1,1
837,11,200,382,17,12,1,1,1
837,12,145,365,16,12,1,1,1
837,14,163,293,21,13,1,1,1
837,15,141,234,22,16,1,1,1
837,16,566,319,18,13,1,1,1
838,1,707,354,17,14,1,1,1
838,2,744,382,13,12,1,1,1
838,3,842,432,10,11,1,1,1
838,4,737,400,11,12,1,1,1
838,5,738,427,12,12,1,1,1
838,6,538,370,13,12,1,1,1
838,7,616,429,12,11,1,1,1
838,8,516,436,13,10,1,1,1
838,9,267,414,12,10,1,1,1
838,10,261,391,15,11,1,1,1
838,11,196,381,14,12,1,1,1
838,12,138,362,18,13,1,1,1
838,14,155,291,21,14,1,1,1
838,15,133,228,22,17,1,1,1
838,16,560,316,18,13,1,1,1
839,1,704,353,18,14,1,1,1
839,2,740,382,16,12,1,1,1
839,3,840,431,11,10,1,1,1
839,4,734,399,13,12,1,1,1
839,5,737,427,12,10,1,1,1
839,6,535,369,12,11,1,1,1
839,7,613,428,13,11,1,1,1
839,8,515,435,12,11,1,1,1
839,9,263,413,13,12,1,1,1
839,10,257,390,14,12,1,1,1
839,11,190,381,17,12,1,1,1
839,12,136,361,16,12,1,1,1
839,14,150,290,21,14,1,1,1
839,15,127,224,22,17,1,1,1
839,16,556,314,18,13,1,1,1
840,1,700,352,18,14,1,1,1
840,2,738,381,13,12,1,1,1
840,3,835,430,12,11,1,1,1
840,4,732,397,12,10,1,1,1
840,5,734,426,12,11,1,1,1
840,6,533,368,11,10,1,1,1
840,7,611,428,11,11,1,1,1
840,8,512,434,11,11,1,1,1
840,9,260,413,13,11,1,1,1
840,10,253,389,13,11,1,1,1
840,11,186,380,14,12,1,1,1
840,12,127,359,18,12,1,1,1
840,14,143,288,18,14,1,1,1
840,15,119,219,22,17,1,1,1
840,16,551,311,17,14,1,1,1
841,1,696,351,16,13,1,1,1
841,2,733,381,16,11,1,1,1
841,3,832,429,12,11,1,1,1
841,4,727,396,14,12,1,1,1
841,5,732,425,11,10,1,1,1
841,6,529,366,12,10,1,1,1
841,7,608,427,13,11,1,1,1
841,8,510,433,9,10,1,1,1
841,9,254,412,15,12,1,1,1
841,10,248,387,13,12,1,1,1
841,11,179,379,17,12,1,1,1
841,12,120,356,19,13,1,1,1
841,14,135,286,21,15,1,1,1
841,15,110,214,23,17,1,1,1
841,16,545,307,16,15,1,1,1
842,1,693,350,17,14,1,1,1
842,2,732,380,15,12,1,1,1
842,3,832,428,11,12,1,1,1
842,4,726,395,12,12,1,1,1
842,5,728,424,14,11,1,1,1
842,6,525,364,13,12,1,1,1
842,7,607,427,11,11,1,1,1
842,8,507,432,11,11,1,1,1
842,9,253,412,13,11,1,1,1
842,10,245,386,13,12,1,1,1
842,11,175,379,17,12,1,1,1
842,12,117,355,17,13,1,1,1
842,14,130,285,21,15,1,1,1
842,15,105,210,23,17,1,1,1
842,16,541,305,16,14,1,1,1
843,1,689,349,18,14,1,1,1
843,2,728,379,16,13,1,1,1
843,3,828,427,12,11,1,1,1
843,4,722,393,13,11,1,1,1
843,5,726,423,13,11,1,1,1
843,6,522,363,13,12,1,1,1
843,7,605,427,10,10,1,1,1
843,8,504,431,11,11,1,1,1
843,9,247,411,15,11,1,1,1
843,10,239,385,16,11,1,1,1
843,11,170,378,16,12,1,1,1
843,12,111,353,17,13,1,1,1
843,14,123,283,21,15,1,1,1
843,15,99,205,22,17,1,1,1
843,16,536,303,17,14,1,1,1
844,1,686,348,16,12,1,1,1
844,2,726,379,15,12,1,1,1
844,3,827,426,12,10,1,1,1
844,4,721,392,12,11,1,1,1
844,5,724,422,13,11,1,1,1
844,6,519,361,13,11,1,1,1
844,7,602,427,13,11,1,1,1
844,8,501,430,12,11,1,1,1
844,9,245,411,13,11,1,1,1
844,10,235,383,16,12,1,1,1
844,11,168,378,13,11,1,1,1
844,12,104,351,18,13,1,1,1
844,14,117,282,21,15,1,1,1
844,15,92,201,23,15,1,1,1
844,16,531,300,17,13,1,1,1
845,1,682,347,18,13,1,1,1
845,2,722,378,16,13,1,1,1
845,3,824,425,13,12,1,1,1
845,4,717,391,13,12,1,1,1
845,5,723,421,11,11,1,1,1
845,6,515,359,13,13,1,1,1
845,7,600,426,13,11,1,1,1
845,8,498,429,11,11,1,1,1
845,9,241,410,13,12,1,1,1
845,10,233,382,12,12,1,1,1
845,11,160,377,17,12,1,1,1
845,12,98,349,18,13,1,1,1
845,14,110,280,21,15,1,1,1
845,15,85,195,23,16,1,1,1
845,16,526,296,17,14,1,1,1
846,1,676,344,17,14,1,1,1
846,2,717,378,16,12,1,1,1
846,3,820,424,12,11,1,1,1
846,4,712,389,13,12,1,1,1
846,5,717,419,14,11,1,1,1
846,6,511,357,12,12,1,1,1
846,7,596,426,12,10,1,1,1
846,8,493,428,13,11,1,1,1
846,9,234,409,14,12,1,1,1
846,10,224,380,16,11,1,1,1
846,11,152,376,17,11,1,1,1
846,12,88,345,18,14,1,1,1
846,14,99,278,21,15,1,1,1
846,15,75,187,23,15,1,1,1
846,16,517,292,18,13,1,1,1
847,1,672,342,17,14,1,1,1
847,2,715,377,13,12,1,1,1
847,3,819,423,10,11,1,1,1
847,4,710,388,11,11,1,1,1
847,5,716,418,11,9,1,1,1
847,6,506,355,14,11,1,1,1
847,7,594,426,12,11,1,1,1
847,8,489,427,14,11,1,1,1
847,9,229,409,14,12,1,1,1
847,10,221,378,14,12,1,1,1
847,11,148,375,15,13,1,1,1
847,12,81,343,18,14,1,1,1
847,14,91,276,21,15,1,1,1
847,15,67,182,23,17,1,1,1
847,16,511,288,17,15,1,1,1
848,1,667,340,17,13,1,1,1
848,2,710,376,16,12,1,1,1
848,3,814,422,12,12,1,1,1
848,4,705,386,13,11,1,1,1
848,5,712,416,13,11,1,1,1
848,6,502,353,13,11,1,1,1
848,7,592,425,11,12,1,1,1
848,8,487,426,13,11,1,1,1
848,9,225,408,14,11,1,1,1
848,10,214,376,16,10,1,1,1
848,11,142,374,15,11,1,1,1
848,12,74,342,18,13,1,1,1
848,14,83,274,20,15,1,1,1
848,15,60,176,23,17,1,1,1
848,16,505,284,17,15,1,1,1
849,1,661,337,18,15,1,1,1
849,2,707,375,14,13,1,1,1
849,3,812,421,11,11,1,1,1
849,4,703,384,12,11,1,1,1
849,5,709,414,11,11,1,1,1
849,6,499,351,13,11,1,1,1
849,7,589,425,13,11,1,1,1
849,8,482,425,14,11,1,1,1
849,9,221,408,11,11,1,1,1
849,10,208,374,16,12,1,1,1
849,11,135,373,15,11,1,1,1
849,12,66,339,17,14,1,1,1
849,14,73,271,21,16,1,1,1
849,15,51,169,24,17,1,1,1
849,16,498,279,17,14,1,1,1
850,1,656,334,16,14,1,1,1
850,2,702,374,13,13,1,1,1
850,3,807,420,14,11,1,1,1
850,4,697,382,13,11,1,1,1
850,5,706,413,10,11,1,1,1
850,6,493,348,13,11,1,1,1
850,7,587,425,9,10,1,1,1
850,8,477,424,13,11,1,1,1
850,9,214,407,11,10,1,1,1
850,10,201,371,14,11,1,1,1
850,11,125,372,16,13,1,1,1
850,12,55,336,18,14,1,1,1
850,14,61,268,21,16,1,1,1
850,15,42,160,23,17,1,1,1
850,16,488,274,17,15,1,1,1
851,1,651,333,18,14,1,1,1
851,2,698,374,16,11,1,1,1
851,3,805,419,14,11,1,1,1
851,4,695,381,11,12,1,1,1
851,5,703,412,11,11,1,1,1
851,6,491,347,14,12,1,1,1
851,7,583,425,11,10,1,1,1
851,8,476,423,11,11,1,1,1
851,9,209,406,14,12,1,1,1
851,10,197,370,16,12,1,1,1
851,11,122,371,15,13,1,1,1
851,12,51,334,17,14,1,1,1
851,14,55,267,21,15,1,1,1
851,15,36,156,24,17,1,1,1
851,16,484,272,17,14,1,1,1
852,1,645,329,18,15,1,1,1
852,2,693,373,17,10,1,1,1
852,3,803,418,13,12,1,1,1
852,4,690,380,13,11,1,1,1
852,5,700,410,12,12,1,1,1
852,6,487,345,12,12,1,1,1
852,7,580,425,12,10,1,1,1
852,8,472,422,13,11,1,1,1
852,9,204,405,14,12,1,1,1
852,10,192,367,14,13,1,1,1
852,11,114,370,16,13,1,1,1
852,12,42,332,18,14,1,1,1
852,14,45,264,20,16,1,1,1
852,15,29,149,24,17,1,1,1
852,16,477,267,17,14,1,1,1
853,1,641,326,17,15,1,1,1
853,2,690,372,16,13,1,1,1
853,3,800,418,14,10,1,1,1
853,5,697,409,12,12,1,1,1
853,6,483,342,15,13,1,1,1
853,7,578,425,12,10,1,1,1
853,8,469,422,12,11,1,1,1
853,9,199,404,14,11,1,1,1
853,10,187,365,14,12,1,1,1
853,11,108,369,16,13,1,1,1
853,12,35,330,17,14,1,1,1
853,14,37,262,20,16,1,1,1
853,15,23,143,23,17,1,1,1
853,16,470,264,17,15,1,1,1
854,1,630,320,18,13,1,1,1
854,2,682,370,16,13,1,1,1
854,3,795,416,13,12,1,1,1
854,4,679,376,13,11,1,1,1
854,5,691,407,12,12,1,1,1
854,6,476,338,14,11,1,1,1
854,7,574,424,13,11,1,1,1
854,8,462,420,13,11,1,1,1
854,9,189,402,15,11,1,1,1
854,10,176,361,15,13,1,1,1
854,11,96,366,15,13,1,1,1
854,12,20,325,17,14,1,1,1
854,14,18,256,20,17,1,1,1
854,15,10,131,23,17,1,1,1
854,16,457,257,17,15,1,1,1
855,1,624,317,17,14,1,1,1
855,2,677,369,16,13,1,1,1
855,3,792,415,13,11,1,1,1
855,5,686,406,13,12,1,1,1
855,6,474,336,12,12,1,1,1
855,7,571,424,13,11,1,1,1
855,8,458,419,12,11,1,1,1
855,9,183,400,13,12,1,1,1
855,10,170,359,15,12,1,1,1
855,11,88,364,16,13,1,1,1
855,12,10,321,18,14,1,1,1
855,14,7,253,20,17,1,1,1
855,15,2,124,24,17,1,1,1
855,16,449,253,17,15,1,1,1
856,1,620,314,17,15,1,1,1
856,2,674,368,16,13,1,1,1
856,3,789,415,12,11,1,1,1
856,5,685,405,12,12,1,1,1
856,6,470,334,15,11,1,1,1
856,7,568,424,13,11,1,1,1
856,8,455,418,13,11,1,1,1
856,9,181,399,12,12,1,1,1
856,10,165,357,15,13,1,1,1
856,11,83,362,16,14,1,1,1
856,12,4,319,18,14,1,1,1
856,14,0,251,20,17,1,1,1
856,15,0,119,21,16,1,1,1
856,16,444,250,17,14,1,1,1
857,1,613,310,17,15,1,1,1
857,2,669,366,16,14,1,1,1
857,3,786,414,13,11,1,1,1
857,5,680,405,12,10,1,1,1
857,6,466,331,13,11,1,1,1
857,7,565,424,13,11,1,1,1
857,8,451,417,12,10,1,1,1
857,9,174,398,14,11,1,1,1
857,10,159,355,14,11,1,1,1
857,11,75,360,16,13,1,1,1
857,12,0,316,13,14,1,1,1
857,14,0,249,9,15,1,1,1
857,15,0,112,14,16,1,1,1
857,16,435,246,17,14,1,1,1
858,1,608,306,16,15,1,1,1
858,2,664,365,15,14,1,1,1
858,3,784,413,13,11,1,1,1
858,5,677,404,12,11,1,1,1
858,6,464,329,14,12,1,1,1
858,7,562,424,12,10,1,1,1
858,8,446,415,12,12,1,1,1
858,9,168,396,14,11,1,1,1
858,10,152,352,16,13,1,1,1
858,11,67,358,17,12,1,1,1
858,15,0,110,7,9,1,1,1
858,16,427,242,17,13,1,1,1
859,1,602,301,16,15,1,1,1
859,2,660,364,15,13,1,1,1
859,3,780,413,13,11,1,1,1
859,5,674,403,11,11,1,1,1
859,6,460,326,13,12,1,1,1
859,7,561,423,12,11,1,1,1
859,8,443,414,12,11,1,1,1
859,9,162,394,14,11,1,1,1
859,10,147,350,14,12,1,1,1
859,11,60,355,17,14,1,1,1
859,16,419,238,17,15,1,1,1
860,1,595,297,16,15,1,1,1
860,2,654,363,16,13,1,1,1
860,3,777,412,13,11,1,1,1
860,5,670,403,11,10,1,1,1
860,6,457,323,14,11,1,1,1
860,7,556,423,13,11,1,1,1
860,8,437,412,13,11,1,1,1
860,9,155,392,15,12,1,1,1
860,10,139,347,15,13,1,1,1
860,11,51,353,17,13,1,1,1
860,16,410,232,17,16,1,1,1
861,1,591,294,16,16,1,1,1
861,2,651,362,16,13,1,1,1
861,3,775,411,14,12,1,1,1
861,5,667,402,12,12,1,1,1
861,6,456,322,11,10,1,1,1
861,7,556,423,13,11,1,1,1
861,8,434,411,14,11,1,1,1
861,9,153,391,13,12,1,1,1
861,10,135,345,15,13,1,1,1
861,11,46,351,18,13,1,1,1
861,16,405,230,18,16,1,1,1
862,1,588,292,16,16,1,1,1
862,2,650,361,14,12,1,1,1
862,3,774,411,13,11,1,1,1
862,5,665,402,13,11,1,1,1
862,6,453,319,15,13,1,1,1
862,7,555,422,12,11,1,1,1
862,8,433,410,13,12,1,1,1
862,9,150,390,13,12,1,1,1
862,10,132,344,15,13,1,1,1
862,11,43,350,17,13,1,1,1
862,16,401,228,18,16,1,1,1
863,1,582,288,17,16,1,1,1
863,2,644,360,15,12,1,1,1
863,3,771,410,13,11,1,1,1
863,5,662,401,12,12,1,1,1
863,6,451,317,14,11,1,1,1
863,7,551,422,14,11,1,1,1
863,8,429,409,13,11,1,1,1
863,9,144,388,15,12,1,1,1
863,10,126,342,16,12,1,1,1
863,11,36,347,16,14,1,1,1
863,16,394,223,17,17,1,1,1
864,1,578,286,18,16,1,1,1
864,2,641,359,16,13,1,1,1
864,3,771,409,11,11,1,1,1
864,5,661,401,11,11,1,1,1
864,6,449,316,13,11,1,1,1
864,7,550,422,13,11,1,1,1
864,8,426,408,14,11,1,1,1
864,9,142,387,13,11,1,1,1
864,10,123,341,14,11,1,1,1
864,11,31,346,18,12,1,1,1
864,16,389,221,18,17,1,1,1
865,1,570,280,18,16,1,1,1
865,2,636,356,14,13,1,1,1
865,3,767,408,13,11,1,1,1
865,5,656,399,11,11,1,1,1
865,6,445,313,15,11,1,1,1
865,7,546,421,13,11,1,1,1
865,8,421,406,13,11,1,1,1
865,9,134,384,14,13,1,1,1
865,10,115,337,15,12,1,1,1
865,11,21,342,17,13,1,1,1
865,16,379,215,18,17,1,1,1
866,1,566,277,18,16,1,1,1
866,2,631,355,15,12,1,1,1
866,3,765,407,13,11,1,1,1
866,5,654,399,11,10,1,1,1
866,6,443,311,14,11,1,1,1
866,7,544,421,14,11,1,1,1
866,8,418,405,13,11,1,1,1
866,9,131,383,13,11,1,1,1
866,10,109,335,15,12,1,1,1
866,11,16,340,18,13,1,1,1
866,16,372,212,19,17,1,1,1
867,1,558,271,18,16,1,1,1
867,2,624,352,15,14,1,1,1
867,3,761,404,14,10,1,1,1
867,5,648,398,12,11,1,1,1
867,6,441,307,12,12,1,1,1
867,7,543,420,10,11,1,1,1
867,8,413,403,13,11,1,1,1
867,9,123,380,16,11,1,1,1
867,10,101,332,15,12,1,1,1
867,11,6,336,17,12,1,1,1
867,16,362,207,19,17,1,1,1
868,1,552,267,19,16,1,1,1
868,2,619,351,15,12,1,1,1
868,3,760,403,11,11,1,1,1
868,4,626,353,13,13,1,1,1
868,5,645,396,13,11,1,1,1
868,6,438,305,13,12,1,1,1
868,7,538,420,14,11,1,1,1
868,8,410,402,11,11,1,1,1
868,9,118,378,15,11,1,1,1
868,10,96,330,13,11,1,1,1
868,11,0,333,17,13,1,1,1
868,16,355,202,18,18,1,1,1
869,1,550,264,18,16,1,1,1
869,2,617,349,14,14,1,1,1
869,3,757,402,13,12,1,1,1
869,4,625,353,12,12,1,1,1
869,5,644,396,12,10,1,1,1
869,6,436,303,13,13,1,1,1
869,7,537,420,13,10,1,1,1
869,8,406,401,13,11,1,1,1
869,9,116,377,15,12,1,1,1
869,10,91,328,17,13,1,1,1
869,11,0,331,14,13,1,1,1
869,16,350,200,19,17,1,1,1
870,1,543,259,19,16,1,1,1
870,2,611,347,15,14,1,1,1
870,3,753,401,14,11,1,1,1
870,4,619,350,13,12,1,1,1
870,5,640,395,11,10,1,1,1
870,6,434,301,13,11,1,1,1
870,7,536,419,10,11,1,1,1
870,8,402,399,13,12,1,1,1
870,9,109,374,16,13,1,1,1
870,10,84,325,17,13,1,1,1
870,16,342,195,19,18,1,1,1
871,1,539,256,19,16,1,1,1
871,2,607,345,15,13,1,1,1
871,3,751,400,15,11,1,1,1
871,4,616,349,13,12,1,1,1
871,5,636,394,13,11,1,1,1
871,6,432,299,14,11,1,1,1
871,7,532,419,14,11,1,1,1
871,8,399,398,13,12,1,1,1
871,9,106,373,16,13,1,1,1
871,10,80,323,17,13,1,1,1
871,16,336,193,20,17,1,1,1
872,1,534,252,20,14,1,1,1
872,2,603,343,15,13,1,1,1
872,3,749,398,13,12,1,1,1
872,4,613,347,12,11,1,1,1
872,5,633,393,13,11,1,1,1
872,6,430,297,14,11,1,1,1
872,7,530,418,12,11,1,1,1
872,8,397,398,10,10,1,1,1
872,9,102,371,14,13,1,1,1
872,10,74,320,15,13,1,1,1
872,16,329,189,21,17,1,1,1
873,1,528,246,20,16,1,1,1
873,2,597,340,15,13,1,1,1
873,3,745,397,15,11,1,1,1
873,4,608,344,13,13,1,1,1
873,5,629,391,13,12,1,1,1
873,6,427,293,14,12,1,1,1
873,7,526,418,13,10,1,1,1
873,8,392,396,12,12,1,1,1
873,9,95,368,17,12,1,1,1
873,10,68,317,15,13,1,1,1
873,16,321,184,21,17,1,1,1
874,1,521,239,20,16,1,1,1
874,2,590,337,14,13,1,1,1
874,3,743,395,12,12,1,1,1
874,4,603,342,13,11,1,1,1
874,5,625,389,11,11,1,1,1
874,6,424,290,13,12,1,1,1
874,7,524,418,11,10,1,1,1
874,8,385,395,12,11,1,1,1
874,9,89,365,16,13,1,1,1
874,10,58,312,18,14,1,1,1
874,16,311,178,21,17,1,1,1
875,1,514,232,20,16,1,1,1
875,2,583,334,15,14,1,1,1
875,3,737,393,15,12,1,1,1
875,4,597,339,13,12,1,1,1
875,5,620,387,11,10,1,1,1
875,6,421,286,14,12,1,1,1
875,7,519,417,14,11,1,1,1
875,8,379,393,13,12,1,1,1
875,9,83,362,14,12,1,1,1
875,10,49,308,18,13,1,1,1
875,16,301,172,21,17,1,1,1
876,1,512,229,20,17,1,1,1
876,2,580,333,16,14,1,1,1
876,3,738,393,13,12,1,1,1
876,4,596,338,13,13,1,1,1
876,5,619,387,12,11,1,1,1
876,6,420,286,14,12,1,1,1
876,7,517,417,14,11,1,1,1
876,8,377,392,12,11,1,1,1
876,9,81,361,15,12,1,1,1
876,10,47,307,18,12,1,1,1
876,16,298,170,21,17,1,1,1
877,1,508,225,20,16,1,1,1
877,2,576,331,16,12,1,1,1
877,3,734,392,13,11,1,1,1
877,4,592,336,14,12,1,1,1
877,5,616,386,12,10,1,1,1
877,6,419,284,14,12,1,1,1
877,7,517,416,10,11,1,1,1
877,8,375,391,12,12,1,1,1
877,9,77,359,17,12,1,1,1
877,10,42,304,18,14,1,1,1
877,16,293,167,21,16,1,1,1
878,1,504,221,20,17,1,1,1
878,2,572,328,16,15,1,1,1
878,3,732,391,14,12,1,1,1
878,4,590,335,13,12,1,1,1
878,5,613,384,12,11,1,1,1
878,6,417,281,13,12,1,1,1
878,7,514,416,13,11,1,1,1
878,8,370,390,12,11,1,1,1
878,9,73,357,15,12,1,1,1
878,10,37,301,18,13,1,1,1
878,16,287,163,21,17,1,1,1
879,1,500,217,20,17,1,1,1
879,2,568,326,16,14,1,1,1
879,3,731,391,13,12,1,1,1
879,4,586,333,13,12,1,1,1
879,5,610,383,13,12,1,1,1
879,6,415,279,13,12,1,1,1
879,7,510,415,13,12,1,1,1
879,8,368,389,12,11,1,1,1
879,9,70,355,15,13,1,1,1
879,10,32,299,18,12,1,1,1
879,16,281,159,22,18,1,1,1
880,1,497,213,19,17,1,1,1
880,2,564,324,17,13,1,1,1
880,3,727,390,12,11,1,1,1
880,4,583,331,14,12,1,1,1
880,5,608,382,12,12,1,1,1
880,6,414,277,13,12,1,1,1
880,7,510,415,10,11,1,1,1
880,8,363,388,12,11,1,1,1
880,9,67,353,15,12,1,1,1
880,10,27,296,18,14,1,1,1
880,16,276,155,22,18,1,1,1
881,1,494,210,19,15,1,1,1
881,2,561,323,17,14,1,1,1
881,3,726,389,13,12,1,1,1
881,4,580,329,14,12,1,1,1
881,5,606,381,12,12,1,1,1
881,6,414,275,13,13,1,1,1
881,7,506,415,15,11,1,1,1
881,8,361,388,12,10,1,1,1
881,9,65,352,16,11,1,1,1
881,10,23,294,19,12,1,1,1
881,16,273,153,21,17,1,1,1
882,1,489,205,20,17,1,1,1
882,2,556,320,17,13,1,1,1
882,3,723,388,14,11,1,1,1
882,4,576,327,14,13,1,1,1
882,5,602,380,12,10,1,1,1
882,6,412,274,12,10,1,1,1
882,7,503,414,13,11,1,1,1
882,8,356,386,13,10,1,1,1
882,9,60,349,17,13,1,1,1
882,10,18,291,18,12,1,1,1
882,16,267,148,21,17,1,1,1
883,1,486,200,19,17,1,1,1
883,2,552,318,17,14,1,1,1
883,3,719,387,15,12,1,1,1
883,4,573,325,14,13,1,1,1
883,5,599,378,12,12,1,1,1
883,6,409,271,15,11,1,1,1
883,7,502,414,13,11,1,1,1
883,8,352,385,14,12,1,1,1
883,9,57,347,14,12,1,1,1
883,10,13,288,18,13,1,1,1
883,16,262,144,21,18,1,1,1
884,1,481,194,19,17,1,1,1
884,2,547,314,17,14,1,1,1
884,3,716,386,15,11,1,1,1
884,4,569,322,15,12,1,1,1
884,5,595,376,14,11,1,1,1
884,6,407,267,15,12,1,1,1
884,7,497,413,15,11,1,1,1
884,8,348,384,13,11,1,1,1
884,9,53,343,15,13,1,1,1
884,10,7,283,16,14,1,1,1
884,16,256,139,20,18,1,1,1
885,1,479,192,19,15,1,1,1
885,2,544,313,17,14,1,1,1
885,3,714,385,15,11,1,1,1
885,4,567,321,14,13,1,1,1
885,5,593,375,14,11,1,1,1
885,6,408,266,13,11,1,1,1
885,7,497,413,13,11,1,1,1
885,8,345,383,13,12,1,1,1
885,9,52,342,15,12,1,1,1
885,10,3,281,17,13,1,1,1
885,16,252,136,21,18,1,1,1
886,1,474,186,19,15,1,1,1
886,2,540,310,16,12,1,1,1
886,3,712,384,12,11,1,1,1
886,4,563,318,14,13,1,1,1
886,5,590,373,13,12,1,1,1
886,6,405,263,14,11,1,1,1
886,7,492,412,12,11,1,1,1
886,8,340,382,12,10,1,1,1
886,9,49,339,13,13,1,1,1
886,10,0,277,15,14,1,1,1
886,16,246,130,20,18,1,1,1
887,1,470,181,19,16,1,1,1
887,2,535,306,17,13,1,1,1
887,3,707,382,15,10,1,1,1
887,4,561,316,12,11,1,1,1
887,5,588,372,13,10,1,1,1
887,6,403,260,13,12,1,1,1
887,7,489,411,13,11,1,1,1
887,8,337,381,11,10,1,1,1
887,9,45,336,14,12,1,1,1
887,10,0,274,10,13,1,1,1
887,16,242,126,19,19,1,1,1
888,1,466,176,19,18,1,1,1
888,2,531,303,17,13,1,1,1
888,3,704,380,14,13,1,1,1
888,4,557,313,14,13,1,1,1
888,5,585,370,12,12,1,1,1
888,6,402,258,14,11,1,1,1
888,7,486,411,14,11,1,1,1
888,8,331,379,13,12,1,1,1
888,9,42,333,14,12,1,1,1
888,10,0,273,5,9,1,1,1
888,16,237,122,19,18,1,1,1
889,1,464,174,19,17,1,1,1
889,2,528,301,17,15,1,1,1
889,3,702,380,14,12,1,1,1
889,4,556,312,15,11,1,1,1
889,5,583,369,12,12,1,1,1
889,6,400,256,15,13,1,1,1
889,7,486,410,12,11,1,1,1
889,8,329,379,13,11,1,1,1
889,9,40,332,13,12,1,1,1
889,16,235,119,18,19,1,1,1
890,1,461,169,19,16,1,1,1
890,2,525,298,17,15,1,1,1
890,3,701,378,12,12,1,1,1
890,4,553,309,15,13,1,1,1
890,5,580,367,13,12,1,1,1
890,6,400,255,12,11,1,1,1
890,7,482,410,13,11,1,1,1
890,8,325,378,14,11,1,1,1
890,9,37,329,15,13,1,1,1
890,16,231,116,18,18,1,1,1
891,1,458,165,19,16,1,1,1
891,2,522,297,17,13,1,1,1
891,3,697,377,14,11,1,1,1
891,4,552,307,13,12,1,1,1
891,5,579,366,13,11,1,1,1
891,6,397,253,15,10,1,1,1
891,7,479,410,13,10,1,1,1
891,8,321,377,14,12,1,1,1
891,9,34,327,16,12,1,1,1
891,16,227,112,19,18,1,1,1
892,1,455,161,19,16,1,1,1
892,2,518,293,17,13,1,1,1
892,3,695,375,14,11,1,1,1
892,4,548,305,15,13,1,1,1
892,5,576,364,12,12,1,1,1
892,6,396,251,13,11,1,1,1
892,7,478,409,11,10,1,1,1
892,8,318,376,13,12,1,1,1
892,9,32,325,14,12,1,1,1
892,16,223,109,19,18,1,1,1
893,1,453,158,19,16,1,1,1
893,2,516,292,17,12,1,1,1
893,3,693,374,14,11,1,1,1
893,4,547,303,13,12,1,1,1
893,5,575,363,12,12,1,1,1
893,6,395,250,14,11,1,1,1
893,7,476,408,13,12,1,1,1
893,8,315,375,14,11,1,1,1
893,9,30,323,16,12,1,1,1
893,16,220,106,20,18,1,1,1
894,1,448,152,19,16,1,1,1
894,2,512,287,16,13,1,1,1
894,3,689,371,13,12,1,1,1
894,4,543,300,15,13,1,1,1
894,5,571,360,12,12,1,1,1
894,6,394,247,13,12,1,1,1
894,7,470,407,14,11,1,1,1
894,8,309,374,14,11,1,1,1
894,9,27,320,14,12,1,1,1
894,16,215,101,19,18,1,1,1
895,1,444,146,19,17,1,1,1
895,2,507,283,15,15,1,1,1
895,3,683,369,14,11,1,1,1
895,4,539,297,14,11,1,1,1
895,5,568,357,14,12,1,1,1
895,6,392,245,12,11,1,1,1
895,7,466,406,14,11,1,1,1
895,8,304,372,13,12,1,1,1
895,9,23,316,16,13,1,1,1
895,16,209,96,21,18,1,1,1
896,1,440,139,18,16,1,1,1
896,2,502,278,16,14,1,1,1
896,3,678,365,13,12,1,1,1
896,4,537,293,12,12,1,1,1
896,5,565,355,13,11,1,1,1
896,6,388,243,15,12,1,1,1
896,7,461,405,13,11,1,1,1
896,8,297,370,14,12,1,1,1
896,9,20,313,14,13,1,1,1
896,16,203,90,21,18,1,1,1
897,1,438,136,19,18,1,1,1
897,2,501,277,14,13,1,1,1
897,3,676,364,15,13,1,1,1
897,4,534,292,14,11,1,1,1
897,5,564,353,13,12,1,1,1
897,6,389,242,13,12,1,1,1
897,7,461,405,11,11,1,1,1
897,8,296,370,13,11,1,1,1
897,9,18,311,16,12,1,1,1
897,16,202,88,20,18,1,1,1
898,1,433,130,20,15,1,1,1
898,2,495,272,17,15,1,1,1
898,3,671,361,13,13,1,1,1
898,4,531,288,13,13,1,1,1
898,5,561,350,13,11,1,1,1
898,6,387,240,12,12,1,1,1
898,7,456,403,13,12,1,1,1
898,8,289,368,13,11,1,1,1
898,9,15,307,16,13,1,1,1
898,16,196,83,21,18,1,1,1
899,1,432,127,19,17,1,1,1
899,2,494,270,16,14,1,1,1
899,3,670,360,14,11,1,1,1
899,4,530,287,14,11,1,1,1
899,5,559,350,14,10,1,1,1
899,6,384,240,14,11,1,1,1
899,7,453,403,13,11,1,1,1
899,8,287,367,13,12,1,1,1
899,9,13,306,17,12,1,1,1
899,16,194,81,21,18,1,1,1
900,1,428,121,19,16,1,1,1
900,2,490,267,16,14,1,1,1
900,3,665,357,14,13,1,1,1
900,4,527,284,14,12,1,1,1
900,5,556,347,13,11,1,1,1
900,6,384,238,13,12,1,1,1
900,7,449,402,13,11,1,1,1
900,8,281,365,14,12,1,1,1
900,9,11,303,16,13,1,1,1
900,16,190,77,22,18,1,1,1
901,1,426,118,20,17,1,1,1
901,2,488,264,16,14,1,1,1
901,3,662,355,13,13,1,1,1
901,4,525,281,15,12,1,1,1
901,5,555,346,14,10,1,1,1
901,6,381,238,14,11,1,1,1
901,7,446,401,13,12,1,1,1
901,8,278,364,14,12,1,1,1
901,9,9,301,17,12,1,1,1
901,16,188,75,21,17,1,1,1
902,1,423,111,19,18,1,1,1
902,2,484,260,16,14,1,1,1
902,3,657,352,15,12,1,1,1
902,4,522,278,15,12,1,1,1
902,5,552,343,14,12,1,1,1
902,6,381,236,12,12,1,1,1
902,7,442,399,13,12,1,1,1
902,8,273,362,13,12,1,1,1
902,9,7,298,16,13,1,1,1
902,16,184,70,21,18,1,1,1
903,1,418,102,19,17,1,1,1
903,2,479,254,15,15,1,1,1
903,3,650,347,13,12,1,1,1
903,4,519,273,13,13,1,1,1
903,5,548,339,14,11,1,1,1
903,6,376,235,13,11,1,1,1
903,7,435,397,13,12,1,1,1
903,8,264,358,14,12,1,1,1
903,9,3,293,15,12,1,1,1
903,16,178,64,21,18,1,1,1
904,1,416,98,19,17,1,1,1
904,2,476,252,16,15,1,1,1
904,3,647,345,14,13,1,1,1
904,4,516,272,15,12,1,1,1
904,5,548,337,11,12,1,1,1
904,6,375,234,13,12,1,1,1
904,7,432,396,13,13,1,1,1
904,8,261,357,13,12,1,1,1
904,9,1,291,17,13,1,1,1
904,16,176,61,21,18,1,1,1
905,1,412,90,20,16,1,1,1
905,2,472,247,16,14,1,1,1
905,3,641,341,14,13,1,1,1
905,4,512,268,15,13,1,1,1
905,5,543,333,15,12,1,1,1
905,6,373,233,12,12,1,1,1
905,7,427,395,12,12,1,1,1
905,8,254,354,14,12,1,1,1
905,9,0,287,13,13,1,1,1
905,16,172,56,21,17,1,1,1
906,1,410,86,20,16,1,1,1
906,2,470,245,16,13,1,1,1
906,3,638,338,14,12,1,1,1
906,4,511,266,13,13,1,1,1
906,5,542,332,13,11,1,1,1
906,6,371,233,13,11,1,1,1
906,7,424,394,13,12,1,1,1
906,8,252,353,12,12,1,1,1
906,9,0,285,12,13,1,1,1
906,16,170,53,21,19,1,1,1
907,1,409,82,19,17,1,1,1
907,2,468,242,16,14,1,1,1
907,3,635,336,14,13,1,1,1
907,4,509,266,14,11,1,1,1
907,5,542,330,11,11,1,1,1
907,6,370,233,13,11,1,1,1
907,7,421,393,13,11,1,1,1
907,8,248,352,14,10,1,1,1
907,9,0,283,11,12,1,1,1
907,16,168,51,21,17,1,1,1
908,1,406,77,20,16,1,1,1
908,2,466,239,16,14,1,1,1
908,3,632,334,13,13,1,1,1
908,4,506,263,15,12,1,1,1
908,5,540,329,11,10,1,1,1
908,6,369,232,11,11,1,1,1
908,7,418,392,13,11,1,1,1
908,8,244,350,13,12,1,1,1
908,9,0,281,11,12,1,1,1
908,16,165,49,21,18,1,1,1
909,1,405,75,20,16,1,1,1
909,2,465,237,15,15,1,1,1
909,3,629,332,14,13,1,1,1
909,4,505,262,14,12,1,1,1
909,5,538,327,13,11,1,1,1
909,6,368,232,13,11,1,1,1
909,7,415,391,14,11,1,1,1
909,8,241,348,14,13,1,1,1
909,9,0,280,9,12,1,1,1
909,16,163,47,21,17,1,1,1
910,1,401,65,20,16,1,1,1
910,2,460,231,16,14,1,1,1
910,3,622,327,14,12,1,1,1
910,4,502,258,14,13,1,1,1
910,5,535,323,14,12,1,1,1
910,6,364,231,13,11,1,1,1
910,7,408,389,14,11,1,1,1
910,8,233,344,15,12,1,1,1
910,9,0,275,7,10,1,1,1
910,16,158,42,21,16,1,1,1
911,1,400,62,20,17,1,1,1
911,2,459,230,15,13,1,1,1
911,3,620,325,14,13,1,1,1
911,4,499,258,13,12,1,1,1
911,5,534,322,14,11,1,1,1
911,6,364,231,12,12,1,1,1
911,7,406,388,14,11,1,1,1
911,8,231,343,15,13,1,1,1
911,9,0,274,7,10,1,1,1
911,16,157,40,20,17,1,1,1
912,1,397,55,20,16,1,1,1
912,2,456,225,16,14,1,1,1
912,3,615,321,13,13,1,1,1
912,4,496,256,16,11,1,1,1
912,5,532,319,14,12,1,1,1
912,6,359,231,14,12,1,1,1
912,7,401,386,13,13,1,1,1
912,8,227,341,14,12,1,1,1
912,9,0,271,5,9,1,1,1
912,16,154,38,20,17,1,1,1
913,1,394,49,21,17,1,1,1
913,2,453,221,15,15,1,1,1
913,3,610,317,15,12,1,1,1
913,4,494,254,15,12,1,1,1
913,5,531,316,12,10,1,1,1
913,6,357,231,14,12,1,1,1
913,7,397,385,15,12,1,1,1
913,8,222,339,14,12,1,1,1
913,16,151,35,19,17,1,1,1
914,1,392,44,21,17,1,1,1
914,2,451,218,16,14,1,1,1
914,3,606,314,15,12,1,1,1
914,4,493,253,14,12,1,1,1
914,5,528,314,15,11,1,1,1
914,6,355,231,16,12,1,1,1
914,7,393,383,14,13,1,1,1
914,8,218,337,14,11,1,1,1
914,16,148,34,19,15,1,1,1
915,1,391,41,21,17,1,1,1
915,2,450,216,16,14,1,1,1
915,3,604,312,15,12,1,1,1
915,4,490,252,14,12,1,1,1
915,5,528,313,12,10,1,1,1
915,6,354,231,16,11,1,1,1
915,7,392,382,12,12,1,1,1
915,8,215,335,15,12,1,1,1
915,16,147,33,19,16,1,1,1
916,1,389,35,21,17,1,1,1
916,2,448,211,16,14,1,1,1
916,3,599,308,15,12,1,1,1
916,4,489,251,14,11,1,1,1
916,5,526,310,12,11,1,1,1
916,6,352,231,15,11,1,1,1
916,7,387,381,15,11,1,1,1
916,8,211,333,14,12,1,1,1
916,16,143,31,20,17,1,1,1
917,1,387,30,21,17,1,1,1
917,2,446,208,16,14,1,1,1
917,3,595,304,15,13,1,1,1
917,4,485,249,16,12,1,1,1
917,5,524,307,14,11,1,1,1
917,6,350,231,14,12,1,1,1
917,7,383,379,14,13,1,1,1
917,8,207,330,14,12,1,1,1
917,16,140,30,20,16,1,1,1
918,1,384,23,21,17,1,1,1
918,2,443,202,17,15,1,1,1
918,3,590,300,14,13,1,1,1
918,4,482,248,14,12,1,1,1
918,5,523,304,11,10,1,1,1
918,6,349,232,14,12,1,1,1
918,7,379,378,14,10,1,1,1
918,8,203,328,14,11,1,1,1
918,16,136,28,20,16,1,1,1
919,1,382,17,22,17,1,1,1
919,2,442,199,16,13,1,1,1
919,3,586,296,15,13,1,1,1
919,4,480,247,14,12,1,1,1
919,5,522,301,13,12,1,1,1
919,6,346,232,15,11,1,1,1
919,7,375,375,14,13,1,1,1
919,8,198,325,16,12,1,1,1
919,16,133,27,21,16,1,1,1
920,1,382,15,20,17,1,1,1
920,2,442,197,15,14,1,1,1
920,3,584,294,16,14,1,1,1
920,4,479,247,15,11,1,1,1
920,5,520,300,15,11,1,1,1
920,6,346,232,12,11,1,1,1
920,7,373,374,14,12,1,1,1
920,8,196,324,16,13,1,1,1
920,16,132,27,20,16,1,1,1
921,1,379,9,21,17,1,1,1
921,2,438,192,17,14,1,1,1
921,3,581,290,14,14,1,1,1
921,4,477,246,13,11,1,1,1
921,5,519,297,13,11,1,1,1
921,6,343,233,14,12,1,1,1
921,7,370,372,13,12,1,1,1
921,8,193,322,15,12,1,1,1
921,16,128,26,21,16,1,1,1
922,1,376,2,21,17,1,1,1
922,2,436,187,17,14,1,1,1
922,3,575,286,16,12,1,1,1
922,4,474,245,13,11,1,1,1
922,5,517,293,13,11,1,1,1
922,6,342,233,13,12,1,1,1
922,7,366,371,15,11,1,1,1
922,8,188,318,16,13,1,1,1
922,16,124,25,21,17,1,1,1
923,1,374,0,21,14,1,1,1
923,2,434,182,17,14,1,1,1
923,3,570,281,15,13,1,1,1
923,4,471,244,14,12,1,1,1
923,5,515,290,15,12,1,1,1
923,6,339,235,14,10,1,1,1
923,7,362,369,13,12,1,1,1
923,8,184,315,16,13,1,1,1
923,16,121,25,21,17,1,1,1
924,1,372,0,20,10,1,1,1
924,2,433,180,17,13,1,1,1
924,3,567,278,15,13,1,1,1
924,4,469,243,14,12,1,1,1
924,5,515,288,12,10,1,1,1
924,6,337,235,13,11,1,1,1
924,7,360,366,14,12,1,1,1
924,8,181,313,15,12,1,1,1
924,16,118,25,21,17,1,1,1
925,1,376,0,10,6,1,1,1
925,2,433,175,14,13,1,1,1
925,3,564,274,16,14,1,1,1
925,4,467,243,14,11,1,1,1
925,5,513,285,15,12,1,1,1
925,6,336,235,13,12,1,1,1
925,7,357,364,13,13,1,1,1
925,8,179,311,15,12,1,1,1
925,16,115,25,21,17,1,1,1
926,2,430,172,18,14,1,1,1
926,3,563,272,15,14,1,1,1
926,4,466,242,13,13,1,1,1
926,5,514,283,13,11,1,1,1
926,6,335,236,13,12,1,1,1
926,7,356,363,13,12,1,1,1
926,8,177,309,14,12,1,1,1
926,16,113,25,21,17,1,1,1
927,2,429,168,17,14,1,1,1
927,3,557,267,16,14,1,1,1
927,4,464,242,12,13,1,1,1
927,5,512,280,12,11,1,1,1
927,6,333,238,13,11,1,1,1
927,7,352,361,13,12,1,1,1
927,8,174,306,15,12,1,1,1
927,16,109,25,21,16,1,1,1
928,2,427,163,17,13,1,1,1
928,3,553,263,16,14,1,1,1
928,4,461,242,13,12,1,1,1
928,5,511,276,12,12,1,1,1
928,6,331,239,13,12,1,1,1
928,7,349,359,13,12,1,1,1
928,8,171,303,13,11,1,1,1
928,16,106,26,21,17,1,1,1
929,2,426,160,17,13,1,1,1
929,3,551,261,16,12,1,1,1
929,4,459,241,13,13,1,1,1
929,5,510,275,12,10,1,1,1
929,6,329,240,14,11,1,1,1
929,7,347,357,13,13,1,1,1
929,8,168,301,16,11,1,1,1
929,16,103,27,21,16,1,1,1
930,2,424,156,16,14,1,1,1
930,3,547,257,15,12,1,1,1
930,4,457,241,13,13,1,1,1
930,5,509,272,12,11,1,1,1
930,6,328,240,13,13,1,1,1
930,7,345,356,13,12,1,1,1
930,8,166,298,15,12,1,1,1
930,16,100,27,21,16,1,1,1
931,2,423,155,18,14,1,1,1
931,3,545,255,15,12,1,1,1
931,4,456,243,14,11,1,1,1
931,5,507,270,15,12,1,1,1
931,6,327,241,14,12,1,1,1
931,7,343,355,13,12,1,1,1
931,8,165,296,13,12,1,1,1
931,16,98,28,21,16,1,1,1
932,2,421,151,18,13,1,1,1
932,3,542,251,16,12,1,1,1
932,4,453,241,15,14,1,1,1
932,5,507,267,12,11,1,1,1
932,6,325,242,13,12,1,1,1
932,7,340,353,14,13,1,1,1
932,8,162,293,15,13,1,1,1
932,16,95,29,20,16,1,1,1
933,2,420,147,17,15,1,1,1
933,3,540,248,15,13,1,1,1
933,4,451,241,15,13,1,1,1
933,5,506,264,13,12,1,1,1
933,6,323,243,15,13,1,1,1
933,7,337,351,14,13,1,1,1
933,8,159,291,14,12,1,1,1
933,16,92,31,19,15,1,1,1
934,2,418,145,18,14,1,1,1
934,3,536,245,16,12,1,1,1
934,4,450,241,14,14,1,1,1
934,5,505,262,14,11,1,1,1
934,6,322,244,14,13,1,1,1
934,7,336,350,14,12,1,1,1
934,8,158,289,13,12,1,1,1
934,16,89,31,19,15,1,1,1
935,2,418,142,16,14,1,1,1
935,3,532,240,15,12,1,1,1
935,4,448,242,14,13,1,1,1
935,5,502,259,15,11,1,1,1
935,6,321,246,13,12,1,1,1
935,7,333,348,13,12,1,1,1
935,8,154,286,15,11,1,1,1
935,16,85,33,19,15,1,1,1
936,2,416,140,17,14,1,1,1
936,3,532,239,15,12,1,1,1
936,4,448,243,13,12,1,1,1
936,5,502,257,14,11,1,1,1
936,6,320,246,15,14,1,1,1
936,7,332,347,13,12,1,1,1
936,8,153,285,15,12,1,1,1
936,16,83,34,19,14,1,1,1
937,2,414,137,17,14,1,1,1
937,3,528,234,15,13,1,1,1
937,4,444,242,15,14,1,1,1
937,5,500,254,14,12,1,1,1
937,6,319,249,14,13,1,1,1
937,7,328,344,15,12,1,1,1
937,8,149,281,14,13,1,1,1
937,16,78,35,20,15,1,1,1
938,2,413,136,17,13,1,1,1
938,3,525,231,16,14,1,1,1
938,4,443,243,15,14,1,1,1
938,5,500,253,13,12,1,1,1
938,6,318,249,15,13,1,1,1
938,7,328,344,14,12,1,1,1
938,8,148,281,15,11,1,1,1
938,16,76,36,20,15,1,1,1
939,2,412,133,16,13,1,1,1
939,3,522,226,15,14,1,1,1
939,4,441,244,13,12,1,1,1
939,5,498,251,13,11,1,1,1
939,6,317,252,13,12,1,1,1
939,7,324,341,15,13,1,1,1
939,8,144,277,15,12,1,1,1
939,16,70,38,21,15,1,1,1
940,2,409,130,17,14,1,1,1
940,3,518,223,15,13,1,1,1
940,4,439,244,15,13,1,1,1
940,5,497,249,13,11,1,1,1
940,6,316,253,14,13,1,1,1
940,7,323,340,13,12,1,1,1
940,8,143,275,14,12,1,1,1
940,16,67,40,20,15,1,1,1
941,2,407,127,17,15,1,1,1
941,3,514,218,16,13,1,1,1
941,4,437,246,14,13,1,1,1
941,5,496,246,13,11,1,1,1
941,6,314,255,14,13,1,1,1
941,7,321,338,12,11,1,1,1
941,8,138,272,15,12,1,1,1
941,16,61,42,21,16,1,1,1
942,2,405,125,16,14,1,1,1
942,3,509,212,17,13,1,1,1
942,4,435,248,13,12,1,1,1
942,5,494,243,14,12,1,1,1
942,6,313,258,15,13,1,1,1
942,7,317,334,15,13,1,1,1
942,8,134,269,15,12,1,1,1
942,16,55,45,22,16,1,1,1
943,2,404,123,16,15,1,1,1
943,3,507,209,17,12,1,1,1
943,4,435,249,13,12,1,1,1
943,5,494,242,12,11,1,1,1
943,6,314,260,13,12,1,1,1
943,7,316,334,14,11,1,1,1
943,8,134,268,13,12,1,1,1
943,16,51,47,23,15,1,1,1
944,2,402,122,15,14,1,1,1
944,3,504,205,17,13,1,1,1
944,4,432,249,13,12,1,1,1
944,5,493,241,12,11,1,1,1
944,6,312,261,15,12,1,1,1
944,7,314,331,14,13,1,1,1
944,8,130,266,14,11,1,1,1
944,16,47,49,23,16,1,1,1
945,2,400,120,15,14,1,1,1
945,3,500,199,17,14,1,1,1
945,4,430,251,14,13,1,1,1
945,5,491,238,12,11,1,1,1
945,6,311,264,15,12,1,1,1
945,7,312,329,14,12,1,1,1
945,8,127,263,14,12,1,1,1
945,16,41,52,23,16,1,1,1
946,2,397,118,15,15,1,1,1
946,3,496,193,16,13,1,1,1
946,4,429,253,13,13,1,1,1
946,5,489,236,12,12,1,1,1
946,6,310,267,15,13,1,1,1
946,7,309,326,13,13,1,1,1
946,8,122,261,15,12,1,1,1
946,16,34,56,24,16,1,1,1
947,2,394,117,15,14,1,1,1
947,3,492,187,16,14,1,1,1
947,4,426,255,14,13,1,1,1
947,5,487,234,13,12,1,1,1
947,6,309,270,15,13,1,1,1
947,7,308,324,12,11,1,1,1
947,8,117,259,16,11,1,1,1
947,16,28,60,24,16,1,1,1
948,2,393,117,15,13,1,1,1
948,3,492,186,15,13,1,1,1
948,4,426,256,14,12,1,1,1
948,5,487,234,13,11,1,1,1
948,6,310,272,14,12,1,1,1
948,7,306,322,13,13,1,1,1
948,8,117,258,14,12,1,1,1
948,16,26,61,24,14,1,1,1
949,2,391,116,15,14,1,1,1
949,3,488,181,16,14,1,1,1
949,4,425,258,13,12,1,1,1
949,5,486,232,13,12,1,1,1
949,6,308,273,15,12,1,1,1
949,7,306,321,12,11,1,1,1
949,8,113,257,15,12,1,1,1
949,16,21,64,25,16,1,1,1
950,2,388,115,16,14,1,1,1
950,3,485,177,17,14,1,1,1
950,4,425,260,13,12,1,1,1
950,5,483,232,15,11,1,1,1
950,6,308,276,14,13,1,1,1
950,7,303,318,15,12,1,1,1
950,8,110,256,16,12,1,1,1
950,16,17,66,24,17,1,1,1
951,2,386,115,16,14,1,1,1
951,3,484,174,13,12,1,1,1
951,4,423,261,14,13,1,1,1
951,5,484,231,12,11,1,1,1
951,6,307,278,16,13,1,1,1
951,7,303,316,13,12,1,1,1
951,8,107,255,16,12,1,1,1
951,16,13,69,24,17,1,1,1
952,2,384,115,17,13,1,1,1
952,3,481,170,16,14,1,1,1
952,4,422,262,14,12,1,1,1
952,5,481,230,13,12,1,1,1
952,6,308,280,15,12,1,1,1
952,7,301,314,15,12,1,1,1
952,8,105,254,16,13,1,1,1
952,16,10,71,24,15,1,1,1
953,2,382,115,16,13,1,1,1
953,3,478,166,15,11,1,1,1
953,4,421,264,13,12,1,1,1
953,5,479,229,15,11,1,1,1
953,6,307,282,16,12,1,1,1
953,7,300,312,14,13,1,1,1
953,8,104,254,14,12,1,1,1
953,16,6,74,24,17,1,1,1
954,2,379,114,17,14,1,1,1
954,3,476,162,16,13,1,1,1
954,4,420,265,14,13,1,1,1
954,5,478,228,15,12,1,1,1
954,6,307,285,15,11,1,1,1
954,7,299,310,14,12,1,1,1
954,8,99,253,16,12,1,1,1
954,16,2,78,23,16,1,1,1
955,2,376,114,17,14,1,1,1
955,3,473,157,15,13,1,1,1
955,4,419,268,15,13,1,1,1
955,5,478,228,12,12,1,1,1
955,6,307,288,14,13,1,1,1
955,7,298,308,14,11,1,1,1
955,8,95,252,16,13,1,1,1
955,16,0,81,20,17,1,1,1
956,2,374,114,17,14,1,1,1
956,3,470,153,16,14,1,1,1
956,4,418,269,16,12,1,1,1
956,5,475,227,15,11,1,1,1
956,6,308,291,13,12,1,1,1
956,7,297,305,14,12,1,1,1
956,8,94,251,14,13,1,1,1
956,16,0,85,16,15,1,1,1
957,2,372,114,18,14,1,1,1
957,3,468,150,16,12,1,1,1
957,4,418,271,15,13,1,1,1
957,5,474,227,14,11,1,1,1
957,6,308,293,13,11,1,1,1
957,7,296,303,14,13,1,1,1
957,8,90,252,16,11,1,1,1
957,16,0,88,12,15,1,1,1
958,2,368,115,18,13,1,1,1
958,3,464,144,14,14,1,1,1
958,4,418,274,13,13,1,1,1
958,5,472,226,15,12,1,1,1
958,6,308,297,13,11,1,1,1
958,7,295,300,14,11,1,1,1
958,8,88,252,13,12,1,1,1
958,16,0,96,6,9,1,1,1
959,2,364,115,18,14,1,1,1
959,3,460,139,15,14,1,1,1
959,4,417,277,15,12,1,1,1
959,5,472,226,13,11,1,1,1
959,6,307,300,15,12,1,1,1
959,7,294,297,14,11,1,1,1
959,8,81,251,15,13,1,1,1
960,2,362,115,19,14,1,1,1
960,3,458,137,15,12,1,1,1
960,4,416,278,16,12,1,1,1
960,5,472,226,12,12,1,1,1
960,6,307,302,15,11,1,1,1
960,7,294,295,12,12,1,1,1
960,8,79,251,15,12,1,1,1
961,2,359,116,18,13,1,1,1
961,3,455,133,15,14,1,1,1
961,4,417,281,14,11,1,1,1
961,5,468,225,14,12,1,1,1
961,6,307,305,14,13,1,1,1
961,7,292,291,13,13,1,1,1
961,8,75,251,14,13,1,1,1
962,2,357,117,18,14,1,1,1
962,3,453,131,15,13,1,1,1
962,4,416,282,14,12,1,1,1
962,5,467,225,14,12,1,1,1
962,6,307,307,16,13,1,1,1
962,7,292,290,14,11,1,1,1
962,8,72,252,16,12,1,1,1
963,2,354,118,18,14,1,1,1
963,3,449,128,16,13,1,1,1
963,4,415,285,16,13,1,1,1
963,5,466,225,13,12,1,1,1
963,6,308,311,15,11,1,1,1
963,7,292,287,12,11,1,1,1
963,8,68,252,15,11,1,1,1
964,2,352,119,17,14,1,1,1
964,3,448,125,13,13,1,1,1
964,4,416,288,15,12,1,1,1
964,5,465,226,13,12,1,1,1
964,6,309,314,14,12,1,1,1
964,7,290,284,14,12,1,1,1
964,8,64,252,15,12,1,1,1
965,2,347,121,16,12,1,1,1
965,3,443,122,15,13,1,1,1
965,4,416,290,14,13,1,1,1
965,5,463,226,12,11,1,1,1
965,6,310,318,12,12,1,1,1
965,7,290,281,12,11,1,1,1
965,8,60,253,15,11,1,1,1
966,2,346,121,18,14,1,1,1
966,3,442,120,15,14,1,1,1
966,4,415,292,15,12,1,1,1
966,5,462,226,12,12,1,1,1
966,6,309,319,15,12,1,1,1
966,7,289,279,14,12,1,1,1
966,8,58,253,14,12,1,1,1
967,2,343,122,18,15,1,1,1
967,3,439,118,15,12,1,1,1
967,4,416,294,13,13,1,1,1
967,5,461,227,12,11,1,1,1
967,6,309,322,15,13,1,1,1
967,7,289,277,13,11,1,1,1
967,8,55,254,15,11,1,1,1
968,2,340,124,18,13,1,1,1
968,3,436,116,15,13,1,1,1
968,4,416,298,13,11,1,1,1
968,5,459,227,14,12,1,1,1
968,6,310,325,14,12,1,1,1
968,7,288,273,14,12,1,1,1
968,8,51,255,15,12,1,1,1
969,2,337,125,18,15,1,1,1
969,3,433,114,15,13,1,1,1
969,4,417,300,13,12,1,1,1
969,5,459,228,13,12,1,1,1
969,6,311,329,14,11,1,1,1
969,7,288,271,13,11,1,1,1
969,8,47,255,15,12,1,1,1
970,2,334,127,18,13,1,1,1
970,3,431,112,15,13,1,1,1
970,4,415,303,14,11,1,1,1
970,5,457,229,14,12,1,1,1
970,6,311,332,14,12,1,1,1
970,7,288,268,13,12,1,1,1
970,8,45,257,14,11,1,1,1
971,2,333,128,17,13,1,1,1
971,3,429,111,15,13,1,1,1
971,4,416,304,14,12,1,1,1
971,5,457,230,11,12,1,1,1
971,6,312,333,13,12,1,1,1
971,7,287,266,14,11,1,1,1
971,8,42,257,14,12,1,1,1
972,2,330,130,16,14,1,1,1
972,3,427,110,15,12,1,1,1
972,4,417,307,12,12,1,1,1
972,5,455,229,14,13,1,1,1
972,6,312,337,14,12,1,1,1
972,7,286,263,14,12,1,1,1
972,8,38,258,13,12,1,1,1
973,1,255,0,11,6,1,1,1
973,2,329,131,17,13,1,1,1
973,3,425,108,15,14,1,1,1
973,4,416,308,14,12,1,1,1
973,5,456,231,11,11,1,1,1
973,6,312,338,14,13,1,1,1
973,7,287,262,13,12,1,1,1
973,8,36,258,15,13,1,1,1
974,1,248,0,20,11,1,1,1
974,2,325,134,17,14,1,1,1
974,3,421,106,15,13,1,1,1
974,4,416,312,14,13,1,1,1
974,5,454,233,13,12,1,1,1
974,6,314,344,14,11,1,1,1
974,7,287,258,12,11,1,1,1
974,8,30,260,15,12,1,1,1
975,1,247,0,20,13,1,1,1
975,2,324,135,15,14,1,1,1
975,3,420,105,15,14,1,1,1
975,4,416,314,14,12,1,1,1
975,5,454,233,11,11,1,1,1
975,6,313,345,14,12,1,1,1
975,7,285,256,14,12,1,1,1
975,8,29,261,13,11,1,1,1
976,1,244,0,21,18,1,1,1
976,2,320,138,17,13,1,1,1
976,3,417,104,14,13,1,1,1
976,4,416,318,13,12,1,1,1
976,5,452,235,12,12,1,1,1
976,6,314,349,15,12,1,1,1
976,7,285,252,14,12,1,1,1
976,8,24,262,15,13,1,1,1
977,1,243,2,21,17,1,1,1
977,2,319,140,16,14,1,1,1
977,3,415,103,15,13,1,1,1
977,4,416,320,13,12,1,1,1
977,5,452,236,12,11,1,1,1
977,6,316,351,14,13,1,1,1
977,7,286,251,12,11,1,1,1
977,8,21,263,15,13,1,1,1
978,1,241,7,21,17,1,1,1
978,2,316,143,15,14,1,1,1
978,3,412,101,13,14,1,1,1
978,4,417,324,13,11,1,1,1
978,5,451,238,12,11,1,1,1
978,6,316,356,13,12,1,1,1
978,7,284,247,14,12,1,1,1
978,8,17,265,15,13,1,1,1
979,1,240,11,20,16,1,1,1
979,2,313,145,16,14,1,1,1
979,3,409,100,14,14,1,1,1
979,4,417,327,14,12,1,1,1
979,5,450,239,12,12,1,1,1
979,6,317,359,12,12,1,1,1
979,7,284,245,13,11,1,1,1
979,8,13,267,15,12,1,1,1
980,1,238,16,21,18,1,1,1
980,2,310,149,16,13,1,1,1
980,3,406,99,14,13,1,1,1
980,4,417,331,14,12,1,1,1
980,5,449,240,13,13,1,1,1
980,6,318,364,15,11,1,1,1
980,7,283,241,14,12,1,1,1
980,8,9,268,14,13,1,1,1
981,1,237,19,21,18,1,1,1
981,2,309,150,15,15,1,1,1
981,3,405,99,14,13,1,1,1
981,4,417,333,13,12,1,1,1
981,5,449,242,12,13,1,1,1
981,6,318,365,14,12,1,1,1
981,7,282,240,13,11,1,1,1
981,8,6,270,16,12,1,1,1
982,1,236,25,20,16,1,1,1
982,2,306,154,16,15,1,1,1
982,3,401,98,15,12,1,1,1
982,4,418,338,12,10,1,1,1
982,5,448,245,13,12,1,1,1
982,6,319,370,14,11,1,1,1
982,7,281,236,15,12,1,1,1
982,8,2,272,14,13,1,1,1
983,1,235,30,19,18,1,1,1
983,2,303,158,16,13,1,1,1
983,3,398,96,15,14,1,1,1
983,4,418,341,12,11,1,1,1
983,5,448,246,13,13,1,1,1
983,6,321,373,15,12,1,1,1
983,7,282,234,12,11,1,1,1
983,8,0,274,12,12,1,1,1
984,1,235,34,19,17,1,1,1
984,2,301,161,16,13,1,1,1
984,3,397,97,14,13,1,1,1
984,4,418,344,14,12,1,1,1
984,5,448,248,12,13,1,1,1
984,6,322,376,13,11,1,1,1
984,7,282,232,12,11,1,1,1
984,8,0,277,10,11,1,1,1
985,1,234,40,19,17,1,1,1
985,2,299,166,15,14,1,1,1
985,3,393,95,15,15,1,1,1
985,4,419,349,12,11,1,1,1
985,5,447,252,13,12,1,1,1
985,6,322,380,14,11,1,1,1
985,7,279,229,15,12,1,1,1
986,1,233,44,19,17,1,1,1
986,2,297,168,16,14,1,1,1
986,3,391,95,14,14,1,1,1
986,4,417,352,15,12,1,1,1
986,5,447,254,12,12,1,1,1
986,6,325,382,13,11,1,1,1
986,7,281,228,12,11,1,1,1
987,1,232,50,19,17,1,1,1
987,2,294,173,16,15,1,1,1
987,3,388,95,16,15,1,1,1
987,4,417,356,14,13,1,1,1
987,5,447,258,13,11,1,1,1
987,6,325,385,14,12,1,1,1
987,7,278,225,15,12,1,1,1
988,1,232,54,19,15,1,1,1
988,2,293,176,16,14,1,1,1
988,3,387,95,15,15,1,1,1
988,4,417,359,13,13,1,1,1
988,5,447,260,13,12,1,1,1
988,6,326,387,13,12,1,1,1
988,7,277,224,16,12,1,1,1
989,1,232,59,19,17,1,1,1
989,2,291,181,16,14,1,1,1
989,3,385,97,15,14,1,1,1
989,4,418,364,15,11,1,1,1
989,5,447,263,14,11,1,1,1
989,6,327,390,12,11,1,1,1
989,7,277,222,15,11,1,1,1
990,1,231,65,20,17,1,1,1
990,2,289,186,16,15,1,1,1
990,3,383,98,13,13,1,1,1
990,4,418,369,15,11,1,1,1
990,5,447,266,14,13,1,1,1
990,6,326,393,14,11,1,1,1
990,7,277,220,14,11,1,1,1
991,1,231,69,19,17,1,1,1
991,2,288,190,16,13,1,1,1
991,3,381,97,15,16,1,1,1
991,4,417,371,16,12,1,1,1
991,5,447,269,13,12,1,1,1
991,6,328,394,14,12,1,1,1
991,7,275,219,15,12,1,1,1
992,1,231,73,19,17,1,1,1
992,2,286,193,17,15,1,1,1
992,3,379,98,16,16,1,1,1
992,4,417,375,16,13,1,1,1
992,5,447,272,14,12,1,1,1
992,6,329,396,12,11,1,1,1
992,7,276,218,12,11,1,1,1
993,1,231,79,19,16,1,1,1
993,2,285,199,16,15,1,1,1
993,3,377,100,16,15,1,1,1
993,4,417,380,16,12,1,1,1
993,5,448,275,14,13,1,1,1
993,6,330,398,12,12,1,1,1
993,7,274,217,14,11,1,1,1
994,1,231,83,19,15,1,1,1
994,2,283,202,17,16,1,1,1
994,3,376,101,15,15,1,1,1
994,4,417,384,16,12,1,1,1
994,5,448,279,13,11,1,1,1
994,6,329,400,15,11,1,1,1
994,7,274,216,12,11,1,1,1
995,1,230,89,20,16,1,1,1
995,2,281,208,18,15,1,1,1
995,3,375,104,15,15,1,1,1
995,4,417,388,16,12,1,1,1
995,5,449,282,13,13,1,1,1
995,6,331,401,13,10,1,1,1
995,7,273,215,13,12,1,1,1
996,1,230,94,21,15,1,1,1
996,2,280,212,18,15,1,1,1
996,3,375,105,14,14,1,1,1
996,4,417,391,16,12,1,1,1
996,5,449,285,13,13,1,1,1
996,6,331,402,14,11,1,1,1
996,7,271,215,13,12,1,1,1
997,1,230,98,21,16,1,1,1
997,2,279,216,19,15,1,1,1
997,3,373,107,15,15,1,1,1
997,4,417,394,16,11,1,1,1
997,5,451,288,12,12,1,1,1
997,6,331,403,14,12,1,1,1
997,7,270,214,13,12,1,1,1
998,1,230,105,21,15,1,1,1
998,2,278,222,19,15,1,1,1
998,3,373,111,14,13,1,1,1
998,4,417,398,14,12,1,1,1
998,5,453,293,11,11,1,1,1
998,6,331,405,14,11,1,1,1
998,7,269,214,13,12,1,1,1
999,1,229,112,22,16,1,1,1
999,2,277,229,19,14,1,1,1
999,3,371,113,16,14,1,1,1
999,4,417,402,15,11,1,1,1
999,5,452,298,13,11,1,1,1
999,6,331,406,14,11,1,1,1
999,7,266,214,15,11,1,1,1
1000,1,229,116,22,16,1,1,1
1000,2,276,233,19,13,1,1,1
1000,3,371,115,14,13,1,1,1
1000,4,417,404,15,12,1,1,1
1000,5,453,300,14,12,1,1,1
1000,6,331,406,14,11,1,1,1
1000,7,265,213,14,11,1,1,1
1001,1,229,121,22,15,1,1,1
1001,2,275,237,20,14,1,1,1
1001,3,370,118,16,14,1,1,1
1001,4,417,406,14,12,1,1,1
1001,5,453,303,13,12,1,1,1
1001,6,331,407,15,11,1,1,1
1001,7,264,214,14,11,1,1,1
1002,1,229,130,21,17,1,1,1
1002,2,274,245,19,15,1,1,1
1002,3,369,122,17,15,1,1,1
1002,4,417,411,15,11,1,1,1
1002,5,454,310,15,11,1,1,1
1002,6,333,407,13,10,1,1,1
1002,7,264,213,13,12,1,1,1
1003,1,229,133,22,15,1,1,1
1003,2,274,247,19,15,1,1,1
1003,3,369,124,16,14,1,1,1
1003,4,417,412,14,11,1,1,1
1003,5,455,311,13,12,1,1,1
1003,6,333,407,12,10,1,1,1
1003,7,263,213,13,13,1,1,1
1004,1,228,140,22,17,1,1,1
1004,2,273,254,19,15,1,1,1
1004,3,369,128,16,13,1,1,1
1004,4,417,414,14,12,1,1,1
1004,5,455,316,15,12,1,1,1
1004,6,333,407,12,10,1,1,1
1004,7,259,214,14,10,1,1,1
1005,1,229,146,21,16,1,1,1
1005,2,272,259,19,13,1,1,1
1005,3,369,131,16,13,1,1,1
1005,4,417,416,14,12,1,1,1
1005,5,456,319,15,12,1,1,1
1005,6,332,407,14,11,1,1,1
1005,7,260,215,13,11,1,1,1
1006,1,228,153,20,17,1,1,1
1006,2,274,265,16,14,1,1,1
1006,3,369,135,15,15,1,1,1
1006,4,417,419,14,11,1,1,1
1006,5,458,324,14,12,1,1,1
1006,6,332,406,14,12,1,1,1
1006,7,257,215,13,12,1,1,1
1007,1,228,159,20,16,1,1,1
1007,2,271,270,18,15,1,1,1
1007,3,369,138,15,15,1,1,1
1007,4,417,420,14,12,1,1,1
1007,5,458,328,12,11,1,1,1
1007,6,331,406,14,11,1,1,1
1007,7,254,216,13,11,1,1,1
1008,1,228,166,19,17,1,1,1
1008,2,271,276,17,14,1,1,1
1008,3,370,143,16,13,1,1,1
1008,4,417,422,14,12,1,1,1
1008,5,460,333,13,11,1,1,1
1008,6,332,405,12,11,1,1,1
1008,7,254,216,12,13,1,1,1
1009,1,228,172,18,16,1,1,1
1009,2,270,281,17,15,1,1,1
1009,3,370,146,16,14,1,1,1
1009,4,417,423,14,12,1,1,1
1009,5,459,335,14,12,1,1,1
1009,6,332,404,12,12,1,1,1
1009,7,252,218,14,11,1,1,1
1010,1,227,178,18,15,1,1,1
1010,2,270,286,16,15,1,1,1
1010,3,371,150,15,14,1,1,1
1010,4,417,424,14,12,1,1,1
1010,5,461,339,13,11,1,1,1
1010,6,331,403,14,12,1,1,1
1010,7,249,218,14,11,1,1,1
1011,1,226,183,19,16,1,1,1
1011,2,269,291,17,13,1,1,1
1011,3,371,153,15,13,1,1,1
1011,4,417,425,12,12,1,1,1
1011,5,462,342,13,12,1,1,1
1011,6,331,402,14,11,1,1,1
1011,7,249,219,14,11,1,1,1
1012,1,224,191,20,16,1,1,1
1012,2,268,298,16,15,1,1,1
1012,3,372,158,15,15,1,1,1
1012,4,416,426,13,12,1,1,1
1012,5,463,347,12,11,1,1,1
1012,6,330,401,14,11,1,1,1
1012,7,245,220,14,11,1,1,1
1013,1,223,196,21,16,1,1,1
1013,2,267,303,18,15,1,1,1
1013,3,372,162,16,13,1,1,1
1013,4,417,426,13,10,1,1,1
1013,5,462,350,13,12,1,1,1
1013,6,330,399,14,12,1,1,1
1013,7,244,221,14,11,1,1,1
1014,1,222,202,21,16,1,1,1
1014,2,266,308,19,14,1,1,1
1014,3,373,166,16,14,1,1,1
1014,4,416,427,13,12,1,1,1
1014,5,462,354,13,11,1,1,1
1014,6,329,398,13,11,1,1,1
1014,7,244,222,12,10,1,1,1
1015,1,221,208,21,16,1,1,1
1015,2,265,312,19,15,1,1,1
1015,3,373,169,15,14,1,1,1
1015,4,416,427,15,12,1,1,1
1015,5,463,357,13,11,1,1,1
1015,6,329,396,14,12,1,1,1
1015,7,242,223,13,12,1,1,1
1016,1,219,216,21,16,1,1,1
1016,2,264,319,19,15,1,1,1
1016,3,374,175,15,13,1,1,1
1016,4,416,427,14,10,1,1,1
1016,5,464,362,13,12,1,1,1
1016,6,329,394,12,11,1,1,1
1016,7,240,224,12,13,1,1,1
1017,1,217,224,21,15,1,1,1
1017,2,263,326,18,13,1,1,1
1017,3,375,182,17,12,1,1,1
1017,4,416,427,14,12,1,1,1
1017,5,464,367,13,12,1,1,1
1017,6,327,392,14,11,1,1,1
1017,7,236,227,15,12,1,1,1
1018,1,216,230,21,16,1,1,1
1018,2,262,331,20,14,1,1,1
1018,3,376,185,17,13,1,1,1
1018,4,416,427,14,12,1,1,1
1018,5,463,370,14,12,1,1,1
1018,6,328,390,12,11,1,1,1
1018,7,235,228,14,11,1,1,1
1019,1,214,235,22,16,1,1,1
1019,2,261,335,20,14,1,1,1
1019,3,376,189,17,13,1,1,1
1019,4,417,427,13,11,1,1,1
1019,5,464,374,13,11,1,1,1
1019,6,327,388,14,11,1,1,1
1019,7,234,229,12,13,1,1,1
1020,1,212,241,23,15,1,1,1
1020,2,261,340,19,13,1,1,1
1020,3,377,193,17,13,1,1,1
1020,4,416,426,15,12,1,1,1
1020,5,464,377,13,12,1,1,1
1020,6,327,387,12,11,1,1,1
1020,7,232,231,14,11,1,1,1
1021,1,210,248,22,14,1,1,1
1021,2,260,346,19,13,1,1,1
1021,3,378,199,15,12,1,1,1
1021,4,416,425,15,12,1,1,1
1021,5,464,382,12,10,1,1,1
1021,6,325,385,14,11,1,1,1
1021,7,228,233,14,13,1,1,1
1022,1,209,253,20,15,1,1,1
1022,2,260,350,19,12,1,1,1
1022,3,379,203,17,12,1,1,1
1022,4,416,424,14,10,1,1,1
1022,5,463,385,13,12,1,1,1
1022,6,325,384,14,11,1,1,1
1022,7,227,236,15,11,1,1,1
1023,1,207,257,22,15,1,1,1
1023,2,259,353,19,13,1,1,1
1023,3,380,207,17,13,1,1,1
1023,4,416,423,14,10,1,1,1
1023,5,461,388,14,11,1,1,1
1023,6,325,382,13,11,1,1,1
1023,7,225,237,14,12,1,1,1
1024,1,206,262,21,15,1,1,1
1024,2,258,357,19,12,1,1,1
1024,3,382,211,16,12,1,1,1
1024,4,416,422,14,10,1,1,1
1024,5,460,390,15,11,1,1,1
1024,6,325,382,13,11,1,1,1
1024,7,225,239,14,10,1,1,1
1025,1,203,268,22,14,1,1,1
1025,2,258,362,19,13,1,1,1
1025,3,382,216,17,14,1,1,1
1025,4,417,421,14,11,1,1,1
1025,5,459,394,14,11,1,1,1
1025,6,323,380,13,11,1,1,1
1025,7,221,242,15,12,1,1,1
1026,1,202,271,21,15,1,1,1
1026,2,257,365,19,13,1,1,1
1026,3,385,220,15,14,1,1,1
1026,4,417,419,14,12,1,1,1
1026,5,460,396,12,12,1,1,1
1026,6,323,379,13,11,1,1,1
1026,7,219,244,16,10,1,1,1
1027,1,201,275,21,14,1,1,1
1027,2,257,368,18,13,1,1,1
1027,3,385,224,14,14,1,1,1
1027,4,417,418,13,11,1,1,1
1027,5,457,399,13,11,1,1,1
1027,6,322,378,14,11,1,1,1
1027,7,219,246,12,10,1,1,1
1028,1,199,278,21,15,1,1,1
1028,2,256,371,19,13,1,1,1
1028,3,384,228,17,14,1,1,1
1028,4,418,416,13,12,1,1,1
1028,5,456,401,13,11,1,1,1
1028,6,322,377,13,11,1,1,1
1028,7,216,248,14,11,1,1,1
1029,1,198,282,21,14,1,1,1
1029,2,256,373,16,12,1,1,1
1029,3,385,232,17,14,1,1,1
1029,4,417,414,14,12,1,1,1
1029,5,455,403,12,11,1,1,1
1029,6,321,376,15,11,1,1,1
1029,7,216,251,12,11,1,1,1
1030,1,196,286,21,15,1,1,1
1030,2,255,377,19,13,1,1,1
1030,3,386,239,16,13,1,1,1
1030,4,418,412,13,12,1,1,1
1030,5,454,406,12,11,1,1,1
1030,6,322,375,13,12,1,1,1
1030,7,213,254,15,12,1,1,1
1031,1,195,289,21,15,1,1,1
1031,2,255,379,17,14,1,1,1
1031,3,387,244,16,12,1,1,1
1031,4,417,410,14,12,1,1,1
1031,5,451,408,13,11,1,1,1
1031,6,320,374,14,12,1,1,1
1031,7,212,257,12,9,1,1,1
1032,1,194,291,20,15,1,1,1
1032,2,255,381,18,14,1,1,1
1032,3,388,247,15,13,1,1,1
1032,4,417,409,14,11,1,1,1
1032,5,449,410,14,11,1,1,1
1032,6,320,374,14,11,1,1,1
1032,7,210,259,15,12,1,1,1
1033,1,193,294,19,15,1,1,1
1033,2,255,383,18,13,1,1,1
1033,3,388,251,16,13,1,1,1
1033,4,417,408,14,11,1,1,1
1033,5,447,412,14,9,1,1,1
1033,6,319,373,14,11,1,1,1
1033,7,207,261,16,10,1,1,1
1034,1,192,296,21,15,1,1,1
1034,2,256,385,16,13,1,1,1
1034,3,389,256,15,12,1,1,1
1034,4,417,406,14,12,1,1,1
1034,5,447,414,12,11,1,1,1
1034,6,320,372,13,12,1,1,1
1034,7,207,264,13,11,1,1,1
1035,1,191,298,21,14,1,1,1
1035,2,254,387,18,12,1,1,1
1035,3,390,259,14,13,1,1,1
1035,4,417,405,14,12,1,1,1
1035,5,444,415,15,12,1,1,1
1035,6,318,372,14,11,1,1,1
1035,7,205,266,15,11,1,1,1
1036,1,191,300,20,13,1,1,1
1036,2,254,388,18,13,1,1,1
1036,3,390,264,14,12,1,1,1
1036,4,417,404,14,12,1,1,1
1036,5,443,417,14,11,1,1,1
1036,6,319,371,13,12,1,1,1
1036,7,204,269,13,11,1,1,1
1037,1,190,301,21,15,1,1,1
1037,2,254,390,18,13,1,1,1
1037,3,390,267,15,14,1,1,1
1037,4,417,403,14,12,1,1,1
1037,5,442,419,12,11,1,1,1
1037,6,317,371,14,11,1,1,1
1037,7,201,271,16,10,1,1,1
1038,1,190,302,20,15,1,1,1
1038,2,254,391,18,13,1,1,1
1038,3,390,272,15,12,1,1,1
1038,4,417,402,14,12,1,1,1
1038,5,439,420,15,12,1,1,1
1038,6,318,371,12,11,1,1,1
1038,7,201,274,15,11,1,1,1
1039,1,189,304,20,13,1,1,1
1039,2,253,392,18,12,1,1,1
1039,3,390,276,16,13,1,1,1
1039,4,417,401,14,12,1,1,1
1039,5,438,422,14,11,1,1,1
1039,6,316,370,14,11,1,1,1
1039,7,198,276,14,11,1,1,1
1040,1,189,305,20,14,1,1,1
1040,2,253,392,18,14,1,1,1
1040,3,390,280,16,13,1,1,1
1040,4,417,400,14,12,1,1,1
1040,5,436,423,15,11,1,1,1
1040,6,317,370,12,10,1,1,1
1040,7,197,279,15,12,1,1,1
1041,1,189,305,20,15,1,1,1
1041,2,255,393,16,13,1,1,1
1041,3,390,284,16,13,1,1,1
1041,4,417,399,15,11,1,1,1
1041,5,436,425,12,11,1,1,1
1041,6,315,369,15,11,1,1,1
1041,7,195,281,16,12,1,1,1
1042,1,188,306,21,15,1,1,1
1042,2,253,394,18,13,1,1,1
1042,3,391,288,15,13,1,1,1
1042,4,417,398,14,12,1,1,1
1042,5,434,426,14,11,1,1,1
1042,6,316,369,13,11,1,1,1
1042,7,195,285,13,11,1,1,1
1043,1,188,306,21,14,1,1,1
1043,2,253,394,18,13,1,1,1
1043,3,389,292,17,13,1,1,1
1043,4,418,398,14,11,1,1,1
1043,5,432,427,15,11,1,1,1
1043,6,316,368,13,12,1,1,1
1043,7,192,287,16,12,1,1,1
1044,1,188,307,20,14,1,1,1
1044,2,253,394,18,13,1,1,1
1044,3,390,298,15,13,1,1,1
1044,4,418,396,14,11,1,1,1
1044,5,431,429,14,11,1,1,1
1044,6,314,368,14,11,1,1,1
1044,7,191,291,15,12,1,1,1
1045,1,188,307,21,14,1,1,1
1045,2,253,394,18,13,1,1,1
1045,3,389,300,16,13,1,1,1
1045,4,418,396,14,12,1,1,1
1045,5,431,430,12,11,1,1,1
1045,6,315,368,12,11,1,1,1
1045,7,189,292,14,12,1,1,1
1046,1,188,306,21,15,1,1,1
1046,2,255,394,16,12,1,1,1
1046,3,388,304,16,13,1,1,1
1046,4,418,396,14,11,1,1,1
1046,5,428,430,14,12,1,1,1
1046,6,315,367,13,11,1,1,1
1046,7,189,296,13,11,1,1,1
1047,1,188,306,21,14,1,1,1
1047,2,253,393,18,12,1,1,1
1047,3,387,310,16,13,1,1,1
1047,4,418,395,14,12,1,1,1
1047,5,428,432,14,10,1,1,1
1047,6,313,367,14,11,1,1,1
1047,7,186,300,14,11,1,1,1
1048,1,189,305,20,15,1,1,1
1048,2,254,393,17,12,1,1,1
1048,3,386,313,16,13,1,1,1
1048,4,418,394,14,12,1,1,1
1048,5,427,433,12,11,1,1,1
1048,6,313,367,13,11,1,1,1
1049,1,189,304,21,15,1,1,1
1049,2,255,392,16,13,1,1,1
1049,3,387,317,14,13,1,1,1
1049,4,418,394,14,11,1,1,1
1049,5,425,433,15,12,1,1,1
1049,6,312,366,15,12,1,1,1
1050,1,190,303,20,15,1,1,1
1050,2,254,391,17,13,1,1,1
1050,3,384,320,16,13,1,1,1
1050,4,418,394,14,11,1,1,1
1050,5,425,434,12,10,1,1,1
1050,6,313,366,13,10,1,1,1
1050,7,183,308,14,12,1,1,1
1051,1,190,302,20,14,1,1,1
1051,2,254,390,17,13,1,1,1
1051,3,383,324,16,13,1,1,1
1051,4,418,393,14,12,1,1,1
1051,5,423,434,15,12,1,1,1
1051,6,311,366,15,12,1,1,1
1051,7,179,311,17,12,1,1,1
1052,1,190,300,21,15,1,1,1
1052,2,254,389,17,12,1,1,1
1052,3,382,327,15,14,1,1,1
1052,4,418,392,13,12,1,1,1
1052,5,422,434,13,12,1,1,1
1052,6,312,366,13,11,1,1,1
1052,7,180,313,11,12,1,1,1
1053,1,191,299,21,14,1,1,1
1053,2,254,387,16,13,1,1,1
1053,3,383,331,13,13,1,1,1
1053,4,418,392,14,12,1,1,1
1053,5,422,435,13,11,1,1,1
1053,6,312,366,12,11,1,1,1
1053,7,176,316,15,13,1,1,1
1054,1,192,297,20,14,1,1,1
1054,2,254,385,18,13,1,1,1
1054,3,379,335,15,13,1,1,1
1054,4,419,392,13,12,1,1,1
1054,5,421,435,15,11,1,1,1
1054,6,312,365,13,12,1,1,1
1054,7,176,319,15,12,1,1,1
1055,1,193,295,20,15,1,1,1
1055,2,254,384,18,12,1,1,1
1055,3,378,338,14,13,1,1,1
1055,4,418,391,13,12,1,1,1
1055,5,420,435,15,11,1,1,1
1055,6,310,365,15,11,1,1,1
1055,7,173,323,16,12,1,1,1
1056,1,194,291,20,14,1,1,1
1056,2,256,381,16,13,1,1,1
1056,3,375,343,15,12,1,1,1
1056,4,418,391,15,12,1,1,1
1056,5,419,435,15,11,1,1,1
1056,6,310,365,14,11,1,1,1
1056,7,171,327,14,12,1,1,1
1057,1,194,290,20,15,1,1,1
1057,2,255,380,17,13,1,1,1
1057,3,374,344,14,14,1,1,1
1057,4,418,391,14,12,1,1,1
1057,5,419,435,15,11,1,1,1
1057,6,310,365,14,11,1,1,1
1057,7,172,328,14,13,1,1,1
1058,1,195,287,21,13,1,1,1
1058,2,255,376,16,13,1,1,1
1058,3,371,349,14,13,1,1,1
1058,4,418,390,14,10,1,1,1
1058,5,418,434,14,12,1,1,1
1058,6,310,365,13,11,1,1,1
1058,7,169,333,14,12,1,1,1
1059,1,196,284,20,15,1,1,1
1059,2,255,374,18,13,1,1,1
1059,3,369,353,13,13,1,1,1
1059,4,420,390,13,12,1,1,1
1059,5,417,434,16,12,1,1,1
1059,6,309,364,14,12,1,1,1
1059,7,167,336,14,11,1,1,1
1060,1,197,281,20,15,1,1,1
1060,2,255,371,18,13,1,1,1
1060,3,367,356,13,13,1,1,1
1060,4,418,390,15,12,1,1,1
1060,5,418,434,13,11,1,1,1
1060,6,309,364,13,12,1,1,1
1060,7,164,340,14,12,1,1,1
1061,1,198,279,20,15,1,1,1
1061,2,256,369,17,13,1,1,1
1061,3,364,359,14,13,1,1,1
1061,4,419,390,13,11,1,1,1
1061,5,417,433,15,11,1,1,1
1061,6,310,365,12,11,1,1,1
1061,7,163,342,14,13,1,1,1
1062,1,199,277,20,14,1,1,1
1062,2,256,367,17,12,1,1,1
1062,3,361,362,15,13,1,1,1
1062,4,419,389,14,12,1,1,1
1062,5,416,432,15,12,1,1,1
1062,6,308,364,15,12,1,1,1
1062,7,161,345,14,12,1,1,1
1063,1,200,275,20,14,1,1,1
1063,2,256,363,18,14,1,1,1
1063,3,357,367,15,12,1,1,1
1063,4,419,389,14,12,1,1,1
1063,5,416,431,14,11,1,1,1
1063,6,309,364,14,11,1,1,1
1063,7,159,350,14,13,1,1,1
1064,1,200,273,20,15,1,1,1
1064,2,256,362,18,14,1,1,1
1064,3,356,368,15,11,1,1,1
1064,4,420,389,13,12,1,1,1
1064,5,417,431,14,11,1,1,1
1064,6,309,364,14,11,1,1,1
1064,7,157,351,15,13,1,1,1
1065,1,201,271,20,15,1,1,1
1065,2,258,361,16,13,1,1,1
1065,3,353,370,14,13,1,1,1
1065,4,419,389,14,11,1,1,1
1065,5,417,430,12,11,1,1,1
1065,6,309,364,12,11,1,1,1
1065,7,154,355,15,11,1,1,1
1066,1,202,270,20,15,1,1,1
1066,2,257,359,17,13,1,1,1
1066,3,350,373,15,12,1,1,1
1066,4,419,389,14,12,1,1,1
1066,5,415,428,15,12,1,1,1
1066,6,309,364,12,11,1,1,1
1066,7,154,358,14,11,1,1,1
1067,1,203,268,20,15,1,1,1
1067,2,257,357,18,13,1,1,1
1067,3,347,375,15,12,1,1,1
1067,4,419,389,14,11,1,1,1
1067,5,415,427,15,11,1,1,1
1067,6,309,364,12,11,1,1,1
1067,7,150,360,17,12,1,1,1
1068,1,203,266,21,15,1,1,1
1068,2,257,355,18,14,1,1,1
1068,3,345,377,14,12,1,1,1
1068,4,419,389,14,11,1,1,1
1068,5,416,426,12,10,1,1,1
1068,6,308,363,14,12,1,1,1
1068,7,148,363,15,13,1,1,1
1069,1,205,265,20,14,1,1,1
1069,2,257,354,18,13,1,1,1
1069,3,342,379,15,12,1,1,1
1069,4,419,388,13,12,1,1,1
1069,5,416,424,14,12,1,1,1
1069,6,309,363,13,11,1,1,1
1069,7,145,366,17,13,1,1,1
1070,1,205,263,21,15,1,1,1
1070,2,258,352,17,14,1,1,1
1070,3,339,381,15,12,1,1,1
1070,4,419,388,14,12,1,1,1
1070,5,414,423,14,11,1,1,1
1070,6,307,363,15,11,1,1,1
1070,7,144,369,16,12,1,1,1
