1,1,1031,533,31,16,1,1,1
1,2,1225,429,36,18,1,1,1
1,3,1339,422,37,18,1,1,1
1,4,1433,435,38,17,1,1,1
1,5,1693,467,42,17,1,1,1
1,6,720,464,32,17,1,1,1
1,7,477,458,37,17,1,1,1
1,8,420,516,38,17,1,1,1
1,9,293,443,41,17,1,1,1
1,10,843,423,32,17,1,1,1
1,11,114,437,44,18,1,1,1
2,1,1032,534,31,16,1,1,1
2,2,1223,432,35,17,1,1,1
2,3,1342,424,36,18,1,1,1
2,4,1432,435,39,18,1,1,1
2,5,1694,467,43,18,1,1,1
2,6,717,464,32,17,1,1,1
2,7,477,457,37,17,1,1,1
2,8,419,517,38,16,1,1,1
2,9,293,445,41,17,1,1,1
2,10,846,426,31,17,1,1,1
2,11,111,440,44,17,1,1,1
3,1,1033,534,31,16,1,1,1
3,2,1222,433,36,18,1,1,1
3,3,1342,426,37,18,1,1,1
3,4,1432,437,39,17,1,1,1
3,5,1694,469,44,17,1,1,1
3,6,716,465,32,17,1,1,1
3,7,476,458,38,17,1,1,1
3,8,418,517,39,16,1,1,1
3,9,293,447,41,17,1,1,1
3,10,847,427,31,18,1,1,1
3,11,110,441,44,18,1,1,1
4,1,1034,535,31,17,1,1,1
4,2,1220,438,35,18,1,1,1
4,3,1345,431,37,18,1,1,1
4,4,1432,442,39,17,1,1,1
4,5,1696,474,43,17,1,1,1
4,6,713,469,32,17,1,1,1
4,7,476,461,38,17,1,1,1
4,8,417,518,39,17,1,1,1
4,9,293,450,41,17,1,1,1
4,10,849,430,32,18,1,1,1
4,11,107,446,44,17,1,1,1
5,1,1034,537,31,17,1,1,1
5,2,1219,439,35,17,1,1,1
5,3,1347,434,37,18,1,1,1
5,4,1432,445,39,17,1,1,1
5,5,1698,477,42,17,1,1,1
5,6,711,470,32,17,1,1,1
5,7,476,462,37,17,1,1,1
5,8,416,520,39,17,1,1,1
5,9,294,450,41,17,1,1,1
5,10,851,433,32,18,1,1,1
5,11,105,449,44,18,1,1,1
6,1,1034,539,32,16,1,1,1
6,2,1218,439,35,18,1,1,1
6,3,1348,436,37,18,1,1,1
6,4,1432,447,39,17,1,1,1
6,5,1697,479,44,17,1,1,1
6,6,709,470,32,17,1,1,1
6,7,475,463,38,17,1,1,1
6,8,416,523,39,17,1,1,1
6,9,294,451,41,17,1,1,1
6,10,852,436,32,17,1,1,1
6,11,104,452,44,18,1,1,1
7,1,1036,539,30,16,1,1,1
7,2,1217,441,35,17,1,1,1
7,3,1350,439,36,17,1,1,1
7,4,1432,447,39,17,1,1,1
7,5,1699,479,42,17,1,1,1
7,6,707,471,33,17,1,1,1
7,7,475,463,37,17,1,1,1
7,8,415,526,39,16,1,1,1
7,9,294,452,41,17,1,1,1
7,10,854,439,32,17,1,1,1
7,11,102,455,44,17,1,1,1
8,1,1035,539,31,17,1,1,1
8,2,1215,443,35,17,1,1,1
8,3,1351,442,37,17,1,1,1
8,4,1433,448,37,17,1,1,1
8,5,1698,480,44,17,1,1,1
8,6,705,473,33,17,1,1,1
8,7,474,464,38,17,1,1,1
8,8,415,526,38,16,1,1,1
8,9,294,454,40,17,1,1,1
8,10,855,441,32,17,1,1,1
8,11,100,457,44,18,1,1,1
9,1,1035,540,31,16,1,1,1
9,2,1214,445,35,17,1,1,1
9,3,1352,443,37,18,1,1,1
9,4,1431,449,39,17,1,1,1
9,5,1699,481,43,17,1,1,1
9,6,703,474,33,17,1,1,1
9,7,474,465,37,16,1,1,1
9,8,414,525,39,16,1,1,1
9,9,294,456,41,16,1,1,1
9,10,856,441,32,17,1,1,1
9,11,98,459,44,17,1,1,1
10,1,1036,542,31,17,1,1,1
10,2,1213,448,35,18,1,1,1
10,3,1353,447,37,18,1,1,1
10,4,1431,454,38,17,1,1,1
10,5,1699,486,44,17,1,1,1
10,6,701,476,33,17,1,1,1
10,7,473,466,37,17,1,1,1
10,8,414,527,37,16,1,1,1
10,9,295,458,40,16,1,1,1
10,10,858,445,32,17,1,1,1
10,11,96,463,44,18,1,1,1
11,1,1036,543,31,16,1,1,1
11,2,1212,449,35,17,1,1,1
11,3,1355,450,36,17,1,1,1
11,4,1430,457,39,17,1,1,1
11,5,1700,489,43,17,1,1,1
11,6,699,476,32,17,1,1,1
11,7,472,467,38,17,1,1,1
11,8,413,530,39,16,1,1,1
11,9,295,458,40,17,1,1,1
11,10,859,449,32,17,1,1,1
11,11,94,467,45,17,1,1,1
12,1,1036,544,31,16,1,1,1
12,2,1211,450,35,17,1,1,1
12,3,1356,453,37,17,1,1,1
12,4,1430,459,38,17,1,1,1
12,5,1700,491,43,17,1,1,1
12,6,697,477,32,17,1,1,1
12,7,472,468,38,17,1,1,1
12,8,413,533,37,16,1,1,1
12,9,295,459,41,17,1,1,1
12,10,861,452,31,17,1,1,1
12,11,93,470,44,17,1,1,1
13,1,1036,545,31,16,1,1,1
13,2,1210,452,35,17,1,1,1
13,3,1357,456,37,17,1,1,1
13,4,1430,460,38,17,1,1,1
13,5,1700,492,44,16,1,1,1
13,6,695,479,34,17,1,1,1
13,7,472,469,37,17,1,1,1
13,8,412,536,39,16,1,1,1
13,9,295,461,41,17,1,1,1
13,10,862,454,32,16,1,1,1
13,11,92,472,44,18,1,1,1
14,1,1036,547,31,16,1,1,1
14,2,1209,455,35,17,1,1,1
14,3,1358,459,37,17,1,1,1
14,4,1429,461,39,17,1,1,1
14,5,1700,492,44,17,1,1,1
14,6,694,482,33,17,1,1,1
14,7,471,471,38,17,1,1,1
14,8,412,536,38,16,1,1,1
14,9,295,464,40,16,1,1,1
14,10,863,455,32,17,1,1,1
14,11,90,475,45,17,1,1,1
15,1,1037,548,30,16,1,1,1
15,2,1207,458,36,17,1,1,1
15,3,1359,461,37,17,1,1,1
15,4,1429,463,38,17,1,1,1
15,5,1701,494,43,17,1,1,1
15,6,692,483,33,16,1,1,1
15,7,470,472,38,17,1,1,1
15,8,411,536,38,16,1,1,1
15,9,295,466,40,16,1,1,1
15,10,864,458,32,17,1,1,1
15,11,89,478,45,16,1,1,1
16,1,1037,547,30,16,1,1,1
16,2,1206,459,36,16,1,1,1
16,3,1360,462,37,17,1,1,1
16,4,1428,465,39,17,1,1,1
16,5,1702,496,42,16,1,1,1
16,6,691,482,33,16,1,1,1
16,7,470,471,38,17,1,1,1
16,8,410,536,38,16,1,1,1
16,9,295,465,41,17,1,1,1
16,10,865,460,32,16,1,1,1
16,11,88,479,45,17,1,1,1
17,1,1037,548,30,16,1,1,1
17,2,1206,459,35,17,1,1,1
17,3,1361,465,37,17,1,1,1
17,4,1428,468,38,17,1,1,1
17,5,1701,500,44,16,1,1,1
17,6,689,483,33,16,1,1,1
17,7,469,472,38,17,1,1,1
17,8,410,538,38,16,1,1,1
17,9,295,466,40,16,1,1,1
17,10,866,463,32,17,1,1,1
17,11,87,483,45,17,1,1,1
18,1,1037,550,30,16,1,1,1
18,2,1205,460,35,17,1,1,1
18,3,1363,468,36,18,1,1,1
18,4,1428,470,38,17,1,1,1
18,5,1701,502,44,17,1,1,1
18,6,688,485,32,16,1,1,1
18,7,469,474,38,17,1,1,1
18,8,409,541,38,17,1,1,1
18,9,295,467,41,17,1,1,1
18,10,867,465,32,17,1,1,1
18,11,86,486,45,17,1,1,1
19,1,1038,552,29,16,1,1,1
19,2,1204,462,35,17,1,1,1
19,3,1364,472,36,17,1,1,1
19,4,1427,471,38,17,1,1,1
19,5,1702,504,43,16,1,1,1
19,6,686,487,34,17,1,1,1
19,7,469,476,38,17,1,1,1
19,8,408,544,39,17,1,1,1
19,9,295,469,40,17,1,1,1
19,10,868,467,33,17,1,1,1
19,11,85,489,45,16,1,1,1
20,1,1038,552,30,17,1,1,1
20,2,1202,465,35,17,1,1,1
20,3,1365,474,37,17,1,1,1
20,4,1427,472,38,17,1,1,1
20,5,1703,504,43,17,1,1,1
20,6,685,489,33,17,1,1,1
20,7,468,477,38,16,1,1,1
20,8,407,546,39,16,1,1,1
20,9,295,472,40,17,1,1,1
20,10,870,470,32,17,1,1,1
20,11,85,491,44,17,1,1,1
21,1,1038,553,30,16,1,1,1
21,2,1201,468,35,17,1,1,1
21,3,1366,476,37,17,1,1,1
21,4,1427,475,38,17,1,1,1
21,5,1703,505,43,17,1,1,1
21,6,684,489,33,17,1,1,1
21,7,468,477,38,17,1,1,1
21,8,407,546,37,16,1,1,1
21,9,295,474,40,16,1,1,1
21,10,871,473,32,16,1,1,1
21,11,84,494,44,17,1,1,1
22,1,1039,554,29,16,1,1,1
22,2,1200,470,35,17,1,1,1
22,3,1368,479,36,17,1,1,1
22,4,1426,478,39,17,1,1,1
22,5,1703,508,43,16,1,1,1
22,6,682,490,34,16,1,1,1
22,7,468,477,38,17,1,1,1
22,8,406,546,38,16,1,1,1
22,9,294,474,41,17,1,1,1
22,10,872,475,33,17,1,1,1
22,11,83,497,45,16,1,1,1
23,1,1039,554,30,17,1,1,1
23,2,1199,469,35,17,1,1,1
23,3,1369,480,36,17,1,1,1
23,4,1426,479,38,17,1,1,1
23,5,1704,510,43,16,1,1,1
23,6,681,489,34,17,1,1,1
23,7,467,478,38,16,1,1,1
23,8,405,546,38,16,1,1,1
23,9,294,473,40,17,1,1,1
23,10,873,476,33,17,1,1,1
23,11,83,498,44,17,1,1,1
24,1,1039,555,30,17,1,1,1
24,2,1197,470,36,17,1,1,1
24,3,1371,483,36,17,1,1,1
24,4,1426,481,38,17,1,1,1
24,5,1704,513,43,16,1,1,1
24,6,680,492,32,16,1,1,1
24,7,467,480,37,16,1,1,1
24,8,404,548,38,16,1,1,1
24,9,294,474,41,17,1,1,1
24,10,875,478,32,16,1,1,1
24,11,82,501,45,17,1,1,1
25,1,1040,556,30,17,1,1,1
25,2,1196,472,36,17,1,1,1
25,3,1372,486,36,17,1,1,1
25,4,1426,482,38,17,1,1,1
25,5,1706,515,42,17,1,1,1
25,6,679,495,33,16,1,1,1
25,7,467,481,38,17,1,1,1
25,8,403,552,38,16,1,1,1
25,9,294,476,40,17,1,1,1
25,10,876,481,33,16,1,1,1
25,11,82,505,44,15,1,1,1
26,1,1041,557,30,16,1,1,1
26,2,1196,475,34,17,1,1,1
26,3,1374,489,36,16,1,1,1
26,4,1427,484,37,16,1,1,1
26,5,1706,516,31,16,1,1,1
26,6,677,496,34,16,1,1,1
26,7,466,482,38,16,1,1,1
26,8,402,554,38,17,1,1,1
26,9,294,479,41,17,1,1,1
26,10,878,484,32,17,1,1,1
26,11,81,507,45,17,1,1,1
27,1,1042,559,29,17,1,1,1
27,2,1193,480,35,16,1,1,1
27,3,1376,493,37,17,1,1,1
27,4,1426,488,38,17,1,1,1
27,5,1707,518,43,16,1,1,1
27,6,676,496,33,17,1,1,1
27,7,466,483,38,16,1,1,1
27,8,400,555,38,17,1,1,1
27,9,294,482,41,17,1,1,1
27,10,881,489,32,16,1,1,1
27,11,80,512,45,16,1,1,1
28,1,1042,561,30,16,1,1,1
28,2,1192,480,35,17,1,1,1
28,3,1378,496,37,17,1,1,1
28,4,1426,491,38,17,1,1,1
28,5,1708,520,43,17,1,1,1
28,6,674,498,33,16,1,1,1
28,7,466,485,37,16,1,1,1
28,8,399,555,38,17,1,1,1
28,9,294,482,41,17,1,1,1
28,10,882,490,33,17,1,1,1
28,11,79,515,45,16,1,1,1
29,1,1043,561,30,17,1,1,1
29,2,1190,481,35,17,1,1,1
29,3,1380,499,37,16,1,1,1
29,4,1426,493,38,16,1,1,1
29,5,1708,523,44,17,1,1,1
29,6,673,500,33,16,1,1,1
29,7,466,486,38,16,1,1,1
29,8,398,556,38,17,1,1,1
29,9,294,482,41,17,1,1,1
29,10,884,492,32,16,1,1,1
29,11,92,517,32,16,1,1,1
30,1,1044,560,30,17,1,1,1
30,2,1188,481,36,17,1,1,1
30,3,1382,499,37,17,1,1,1
30,4,1426,492,38,16,1,1,1
30,5,1710,525,43,17,1,1,1
30,6,671,500,33,17,1,1,1
30,7,465,485,38,16,1,1,1
30,8,397,558,37,16,1,1,1
30,9,294,482,41,17,1,1,1
30,10,886,493,32,17,1,1,1
30,11,78,519,45,16,1,1,1
31,1,1044,562,30,16,1,1,1
31,2,1187,484,35,17,1,1,1
31,3,1384,502,36,17,1,1,1
31,4,1426,494,38,16,1,1,1
31,5,1710,527,44,17,1,1,1
31,6,671,501,32,17,1,1,1
31,7,465,486,38,16,1,1,1
31,8,395,561,39,16,1,1,1
31,9,294,485,40,17,1,1,1
31,10,888,496,32,17,1,1,1
31,11,78,521,43,17,1,1,1
32,1,1045,564,30,16,1,1,1
32,2,1186,487,35,17,1,1,1
32,3,1385,505,37,17,1,1,1
32,4,1426,496,38,17,1,1,1
32,5,1712,528,43,16,1,1,1
32,6,669,502,33,16,1,1,1
32,7,465,487,38,16,1,1,1
32,8,394,563,39,17,1,1,1
32,9,294,488,41,16,1,1,1
32,10,889,500,33,16,1,1,1
32,11,77,524,44,17,1,1,1
33,1,1046,566,30,16,1,1,1
33,2,1185,490,35,16,1,1,1
33,3,1387,508,37,17,1,1,1
33,4,1426,499,38,17,1,1,1
33,5,1713,529,43,16,1,1,1
33,6,668,503,32,17,1,1,1
33,7,465,489,38,16,1,1,1
33,8,393,564,39,17,1,1,1
33,9,295,490,40,16,1,1,1
33,10,891,502,32,16,1,1,1
33,11,76,527,44,17,1,1,1
34,1,1047,566,30,16,1,1,1
34,2,1183,491,35,16,1,1,1
34,3,1389,511,37,17,1,1,1
34,4,1426,502,38,17,1,1,1
34,5,1713,531,32,16,1,1,1
34,6,666,505,33,17,1,1,1
34,7,465,490,38,17,1,1,1
34,8,392,564,39,17,1,1,1
34,9,295,490,40,16,1,1,1
34,10,893,503,32,17,1,1,1
34,11,76,530,44,16,1,1,1
35,1,1047,566,31,17,1,1,1
35,2,1181,491,36,16,1,1,1
35,3,1391,513,37,16,1,1,1
35,4,1426,504,38,17,1,1,1
35,5,1714,534,44,16,1,1,1
35,6,665,507,33,17,1,1,1
35,7,465,491,38,16,1,1,1
35,8,391,565,39,16,1,1,1
35,9,295,490,41,16,1,1,1
35,10,895,506,32,16,1,1,1
35,11,75,532,45,17,1,1,1
36,1,1048,567,31,17,1,1,1
36,2,1180,492,35,17,1,1,1
36,3,1393,515,37,17,1,1,1
36,4,1426,505,38,16,1,1,1
36,5,1715,537,44,16,1,1,1
36,6,664,508,32,16,1,1,1
36,7,465,491,37,16,1,1,1
36,8,390,566,39,17,1,1,1
36,9,295,491,40,16,1,1,1
36,10,897,508,32,16,1,1,1
36,11,74,535,45,16,1,1,1
37,1,1049,569,31,16,1,1,1
37,2,1177,496,35,16,1,1,1
37,3,1396,519,37,16,1,1,1
37,4,1426,506,39,16,1,1,1
37,5,1717,539,44,17,1,1,1
37,6,661,507,33,17,1,1,1
37,7,465,491,37,17,1,1,1
37,8,388,570,38,16,1,1,1
37,9,295,494,41,16,1,1,1
37,10,900,512,32,16,1,1,1
37,11,73,538,45,16,1,1,1
38,1,1050,569,30,17,1,1,1
38,2,1177,497,35,17,1,1,1
38,3,1397,520,37,17,1,1,1
38,4,1427,507,38,16,1,1,1
38,5,1718,540,31,16,1,1,1
38,6,660,508,33,16,1,1,1
38,7,464,492,38,17,1,1,1
38,8,388,571,39,16,1,1,1
38,9,295,495,41,16,1,1,1
38,10,901,513,32,16,1,1,1
38,11,73,539,44,17,1,1,1
39,1,1052,571,30,16,1,1,1
39,2,1174,500,35,17,1,1,1
39,3,1400,525,37,16,1,1,1
39,4,1427,512,38,17,1,1,1
39,5,1719,541,44,17,1,1,1
39,6,658,511,33,17,1,1,1
39,7,464,495,38,16,1,1,1
39,8,386,573,39,17,1,1,1
39,9,295,497,41,17,1,1,1
39,10,904,516,32,16,1,1,1
39,11,71,545,44,16,1,1,1
40,1,1052,571,30,17,1,1,1
40,2,1173,501,35,16,1,1,1
40,3,1403,527,36,16,1,1,1
40,4,1427,515,37,16,1,1,1
40,5,1720,543,44,17,1,1,1
40,6,656,514,33,16,1,1,1
40,7,464,495,38,17,1,1,1
40,8,386,574,38,16,1,1,1
40,9,295,498,41,16,1,1,1
40,10,906,519,31,16,1,1,1
40,11,70,547,45,16,1,1,1
41,1,1052,573,31,17,1,1,1
41,2,1171,502,35,17,1,1,1
41,3,1405,530,36,16,1,1,1
41,4,1427,516,38,17,1,1,1
41,5,1721,546,44,17,1,1,1
41,6,655,515,33,16,1,1,1
41,7,463,496,37,16,1,1,1
41,8,384,574,39,17,1,1,1
41,9,295,498,41,17,1,1,1
41,10,908,522,31,16,1,1,1
41,11,69,550,44,16,1,1,1
42,1,1053,575,31,16,1,1,1
42,2,1170,504,35,17,1,1,1
42,3,1406,533,37,16,1,1,1
42,4,1427,517,38,16,1,1,1
42,5,1722,549,44,17,1,1,1
42,6,653,515,33,16,1,1,1
42,7,463,497,38,16,1,1,1
42,8,383,576,39,16,1,1,1
42,9,295,500,41,16,1,1,1
42,10,909,524,31,16,1,1,1
42,11,68,552,45,16,1,1,1
43,1,1054,575,31,17,1,1,1
43,2,1168,508,35,16,1,1,1
43,3,1408,536,37,16,1,1,1
43,4,1428,518,37,16,1,1,1
43,5,1723,552,44,17,1,1,1
43,6,651,515,34,17,1,1,1
43,7,463,499,37,16,1,1,1
43,8,382,578,39,17,1,1,1
43,9,295,502,40,17,1,1,1
43,10,911,526,31,16,1,1,1
43,11,67,555,45,16,1,1,1
44,1,1055,574,30,17,1,1,1
44,2,1167,509,35,16,1,1,1
44,3,1409,537,38,16,1,1,1
44,4,1428,519,37,16,1,1,1
44,5,1724,552,44,17,1,1,1
44,6,650,516,32,16,1,1,1
44,7,463,498,38,17,1,1,1
44,8,381,580,39,17,1,1,1
44,9,296,503,40,17,1,1,1
44,10,913,527,32,16,1,1,1
44,11,66,557,44,16,1,1,1
45,1,1055,575,31,17,1,1,1
45,2,1165,510,35,16,1,1,1
45,3,1412,539,37,17,1,1,1
45,4,1427,522,38,17,1,1,1
45,5,1725,553,31,16,1,1,1
45,6,648,519,33,16,1,1,1
45,7,462,499,38,16,1,1,1
45,8,380,582,39,17,1,1,1
45,9,296,504,40,17,1,1,1
45,10,915,529,31,16,1,1,1
45,11,78,560,32,16,1,1,1
46,1,1056,578,31,16,1,1,1
46,2,1164,511,35,16,1,1,1
46,3,1413,542,38,17,1,1,1
46,4,1428,526,37,16,1,1,1
46,5,1726,555,44,16,1,1,1
46,6,646,520,34,17,1,1,1
46,7,462,500,38,16,1,1,1
46,8,379,583,39,16,1,1,1
46,9,296,505,41,16,1,1,1
46,10,917,533,31,16,1,1,1
46,11,64,562,45,17,1,1,1
47,1,1056,579,31,17,1,1,1
47,2,1162,513,35,16,1,1,1
47,3,1415,546,37,16,1,1,1
47,4,1427,528,38,16,1,1,1
47,5,1728,557,43,17,1,1,1
47,6,645,521,32,16,1,1,1
47,7,462,502,38,16,1,1,1
47,8,378,583,38,17,1,1,1
47,9,296,506,40,16,1,1,1
47,10,919,536,31,16,1,1,1
47,11,63,566,43,16,1,1,1
48,1,1057,580,31,17,1,1,1
48,2,1161,515,35,17,1,1,1
48,3,1416,549,38,16,1,1,1
48,4,1427,529,38,16,1,1,1
48,5,1728,561,44,16,1,1,1
48,6,643,522,34,16,1,1,1
48,7,462,504,37,16,1,1,1
48,8,377,584,40,17,1,1,1
48,9,296,508,41,16,1,1,1
48,10,920,538,31,16,1,1,1
48,11,61,568,44,17,1,1,1
49,1,1058,580,30,17,1,1,1
49,2,1160,518,34,17,1,1,1
49,3,1418,551,38,16,1,1,1
49,4,1427,530,38,16,1,1,1
49,5,1729,564,43,16,1,1,1
49,6,641,523,34,16,1,1,1
49,7,461,504,38,17,1,1,1
49,8,377,586,39,17,1,1,1
49,9,296,510,41,17,1,1,1
49,10,922,540,32,16,1,1,1
49,11,60,571,45,17,1,1,1
50,1,1058,581,31,16,1,1,1
50,2,1158,520,35,16,1,1,1
50,3,1420,553,37,16,1,1,1
50,4,1427,532,38,16,1,1,1
50,5,1729,565,44,17,1,1,1
50,6,640,525,34,16,1,1,1
50,7,461,505,38,16,1,1,1
50,8,376,589,39,17,1,1,1
50,9,296,512,41,17,1,1,1
50,10,924,542,31,16,1,1,1
50,11,59,574,45,16,1,1,1
51,1,1059,582,30,16,1,1,1
51,2,1157,520,35,16,1,1,1
51,3,1421,554,38,17,1,1,1
51,4,1427,534,38,16,1,1,1
51,5,1730,565,44,16,1,1,1
51,6,638,526,34,16,1,1,1
51,7,461,504,38,16,1,1,1
51,8,375,591,38,16,1,1,1
51,9,296,512,41,16,1,1,1
51,10,925,544,31,16,1,1,1
51,11,58,575,45,17,1,1,1
52,1,1059,584,31,16,1,1,1
52,2,1155,521,35,16,1,1,1
52,3,1423,559,38,16,1,1,1
52,4,1426,538,38,16,1,1,1
52,5,1731,566,44,17,1,1,1
52,6,636,527,34,16,1,1,1
52,7,460,506,38,17,1,1,1
52,8,374,592,39,16,1,1,1
52,9,296,513,41,16,1,1,1
52,10,928,548,31,16,1,1,1
52,11,56,579,45,16,1,1,1
53,1,1060,584,31,17,1,1,1
53,2,1154,523,34,17,1,1,1
53,3,1425,562,38,17,1,1,1
53,4,1426,540,38,16,1,1,1
53,5,1732,569,31,16,1,1,1
53,6,634,528,34,16,1,1,1
53,7,460,508,38,17,1,1,1
53,8,373,592,39,17,1,1,1
53,9,296,514,41,16,1,1,1
53,10,929,550,31,17,1,1,1
53,11,55,582,45,17,1,1,1
54,1,1060,585,31,17,1,1,1
54,2,1153,527,34,16,1,1,1
54,3,1427,564,38,17,1,1,1
54,4,1426,541,38,16,1,1,1
54,5,1732,572,44,17,1,1,1
54,6,633,529,34,16,1,1,1
54,7,459,509,38,16,1,1,1
54,8,372,593,39,17,1,1,1
54,9,296,516,41,16,1,1,1
54,10,931,552,31,16,1,1,1
54,11,54,585,45,17,1,1,1
55,1,1061,587,31,16,1,1,1
55,2,1151,529,35,17,1,1,1
55,3,1428,567,38,16,1,1,1
55,4,1426,542,38,16,1,1,1
55,5,1733,575,44,17,1,1,1
55,6,631,532,34,16,1,1,1
55,7,459,509,38,17,1,1,1
55,8,372,595,38,17,1,1,1
55,9,308,519,28,16,1,1,1
55,10,932,555,31,16,1,1,1
55,11,53,588,45,17,1,1,1
56,1,1061,588,31,17,1,1,1
56,2,1150,530,34,17,1,1,1
56,3,1431,569,37,17,1,1,1
56,4,1426,544,38,16,1,1,1
56,5,1734,577,44,17,1,1,1
56,6,629,533,35,17,1,1,1
56,7,459,510,37,16,1,1,1
56,8,370,598,40,17,1,1,1
56,9,297,521,39,16,1,1,1
56,10,934,557,31,16,1,1,1
56,11,52,591,44,16,1,1,1
57,1,1062,589,30,17,1,1,1
57,2,1149,531,34,16,1,1,1
57,3,1431,572,38,17,1,1,1
57,4,1426,547,38,16,1,1,1
57,5,1734,578,44,17,1,1,1
57,6,628,534,34,16,1,1,1
57,7,458,512,38,16,1,1,1
57,8,370,601,39,16,1,1,1
57,9,308,521,28,16,1,1,1
57,10,935,560,32,16,1,1,1
57,11,51,593,44,16,1,1,1
58,1,1062,588,31,17,1,1,1
58,2,1147,532,34,16,1,1,1
58,3,1433,575,39,17,1,1,1
58,4,1425,550,38,16,1,1,1
58,5,1735,578,44,17,1,1,1
58,6,626,533,34,16,1,1,1
58,7,458,512,38,16,1,1,1
58,8,368,601,40,17,1,1,1
58,9,297,520,40,16,1,1,1
58,10,938,563,31,16,1,1,1
58,11,49,596,44,16,1,1,1
59,1,1064,590,30,16,1,1,1
59,2,1145,535,35,17,1,1,1
59,3,1435,577,38,17,1,1,1
59,4,1425,552,38,16,1,1,1
59,5,1737,581,31,16,1,1,1
59,6,624,535,34,16,1,1,1
59,7,458,513,38,16,1,1,1
59,8,368,601,39,17,1,1,1
59,9,297,522,39,16,1,1,1
59,10,939,567,31,16,1,1,1
59,11,48,599,45,17,1,1,1
60,1,1063,592,31,17,1,1,1
60,2,1145,539,34,16,1,1,1
60,3,1437,581,38,17,1,1,1
60,4,1425,553,38,16,1,1,1
60,5,1737,584,44,17,1,1,1
60,6,623,538,34,16,1,1,1
60,7,457,514,38,17,1,1,1
60,8,367,603,39,16,1,1,1
60,9,297,525,40,16,1,1,1
60,10,941,570,31,17,1,1,1
60,11,47,603,44,16,1,1,1
61,1,1064,594,31,16,1,1,1
61,2,1143,543,34,16,1,1,1
61,3,1438,584,38,17,1,1,1
61,4,1425,554,38,17,1,1,1
61,5,1737,588,44,16,1,1,1
61,6,621,542,34,16,1,1,1
61,7,457,516,38,16,1,1,1
61,8,366,605,38,17,1,1,1
61,9,297,528,41,16,1,1,1
61,10,942,573,31,17,1,1,1
61,11,46,606,45,17,1,1,1
62,1,1064,594,31,17,1,1,1
62,2,1142,546,34,17,1,1,1
62,3,1440,587,38,17,1,1,1
62,4,1425,557,38,16,1,1,1
62,5,1739,590,43,17,1,1,1
62,6,619,545,35,17,1,1,1
62,7,457,517,38,16,1,1,1
62,8,365,608,38,17,1,1,1
62,9,297,529,41,16,1,1,1
62,10,944,576,30,17,1,1,1
62,11,45,609,44,17,1,1,1
63,1,1065,594,30,17,1,1,1
63,2,1141,550,34,16,1,1,1
63,3,1442,589,38,17,1,1,1
63,4,1425,560,38,16,1,1,1
63,5,1739,590,43,17,1,1,1
63,6,618,549,34,17,1,1,1
63,7,456,517,38,16,1,1,1
63,8,364,611,39,17,1,1,1
63,9,308,529,30,16,1,1,1
63,10,945,579,30,17,1,1,1
63,11,44,612,44,17,1,1,1
64,1,1065,595,31,17,1,1,1
64,2,1140,553,34,16,1,1,1
64,3,1443,591,38,17,1,1,1
64,4,1425,562,37,17,1,1,1
64,5,1740,591,43,17,1,1,1
64,6,616,552,35,17,1,1,1
64,7,456,518,38,16,1,1,1
64,8,363,614,39,17,1,1,1
64,9,297,529,40,16,1,1,1
64,10,947,582,29,17,1,1,1
64,11,55,614,32,18,1,1,1
65,1,1066,596,31,17,1,1,1
65,2,1139,555,33,16,1,1,1
65,3,1444,592,39,17,1,1,1
65,4,1425,563,37,16,1,1,1
65,5,1740,591,44,17,1,1,1
65,6,615,555,35,16,1,1,1
65,7,456,519,37,16,1,1,1
65,8,362,616,40,17,1,1,1
65,9,297,530,41,16,1,1,1
65,10,946,583,31,17,1,1,1
65,11,42,616,45,17,1,1,1
66,1,1066,598,31,16,1,1,1
66,2,1138,558,33,17,1,1,1
66,3,1446,596,38,17,1,1,1
66,4,1425,564,37,16,1,1,1
66,5,1741,594,44,17,1,1,1
66,6,614,559,34,17,1,1,1
66,7,455,523,38,16,1,1,1
66,8,361,620,40,17,1,1,1
66,9,297,533,41,16,1,1,1
66,10,948,586,30,18,1,1,1
66,11,42,620,45,17,1,1,1
67,1,1067,598,31,17,1,1,1
67,2,1137,562,33,17,1,1,1
67,3,1448,599,38,17,1,1,1
67,4,1424,565,38,17,1,1,1
67,5,1741,598,44,17,1,1,1
67,6,613,562,35,17,1,1,1
67,7,455,527,37,16,1,1,1
67,8,361,624,39,17,1,1,1
67,9,297,536,41,16,1,1,1
67,10,947,589,31,18,1,1,1
67,11,41,623,45,17,1,1,1
68,1,1068,600,31,16,1,1,1
68,2,1136,567,33,17,1,1,1
68,3,1450,603,38,17,1,1,1
68,4,1424,570,38,17,1,1,1
68,5,1743,602,43,17,1,1,1
68,6,611,568,36,17,1,1,1
68,7,455,533,38,16,1,1,1
68,8,359,630,40,17,1,1,1
68,9,297,537,41,16,1,1,1
68,10,946,594,32,18,1,1,1
68,11,40,628,45,17,1,1,1
69,1,1068,601,31,17,1,1,1
69,2,1136,570,32,17,1,1,1
69,3,1452,605,38,18,1,1,1
69,4,1424,573,38,17,1,1,1
69,5,1743,603,44,17,1,1,1
69,6,611,571,36,17,1,1,1
69,7,455,537,38,16,1,1,1
69,8,359,633,38,17,1,1,1
69,9,308,537,30,16,1,1,1
69,10,946,596,32,18,1,1,1
69,11,52,630,33,18,1,1,1
70,1,1069,603,31,16,1,1,1
70,2,1136,573,32,17,1,1,1
70,3,1453,608,38,17,1,1,1
70,4,1424,575,38,16,1,1,1
70,5,1744,603,44,17,1,1,1
70,6,610,574,36,17,1,1,1
70,7,455,540,37,16,1,1,1
70,8,358,636,40,17,1,1,1
70,9,297,538,41,16,1,1,1
70,10,945,599,32,18,1,1,1
70,11,40,633,43,18,1,1,1
70,12,0,643,6,12,1,1,1
71,1,1069,603,31,17,1,1,1
71,2,1136,575,32,17,1,1,1
71,3,1454,609,38,18,1,1,1
71,4,1424,575,38,17,1,1,1
71,5,1744,604,44,17,1,1,1
71,6,610,576,35,17,1,1,1
71,7,455,542,38,16,1,1,1
71,8,358,637,39,17,1,1,1
71,9,297,539,41,16,1,1,1
71,10,946,600,31,18,1,1,1
71,11,40,635,45,17,1,1,1
71,12,0,645,7,12,1,1,1
72,1,1071,605,30,16,1,1,1
72,2,1136,578,31,17,1,1,1
72,3,1457,612,38,18,1,1,1
72,4,1424,575,38,17,1,1,1
72,5,1746,606,44,17,1,1,1
72,6,610,579,36,18,1,1,1
72,7,455,546,38,16,1,1,1
72,8,357,641,38,17,1,1,1
72,9,297,542,41,16,1,1,1
72,10,943,603,33,18,1,1,1
72,11,40,638,45,17,1,1,1
72,12,0,648,10,12,1,1,1
73,1,1071,609,31,16,1,1,1
73,2,1136,582,31,17,1,1,1
73,3,1458,615,39,17,1,1,1
73,4,1424,578,38,16,1,1,1
73,5,1746,610,44,17,1,1,1
73,6,610,583,36,17,1,1,1
73,7,455,550,37,16,1,1,1
73,8,356,644,40,18,1,1,1
73,9,298,546,40,16,1,1,1
73,10,943,606,31,18,1,1,1
73,11,40,641,44,18,1,1,1
73,12,0,652,11,11,1,1,1
74,1,1071,612,31,16,1,1,1
74,2,1136,584,32,18,1,1,1
74,3,1460,617,39,18,1,1,1
74,4,1425,581,37,16,1,1,1
74,5,1747,614,44,17,1,1,1
74,6,610,585,36,17,1,1,1
74,7,455,552,37,16,1,1,1
74,8,356,646,39,17,1,1,1
74,9,297,548,41,16,1,1,1
74,10,941,608,32,18,1,1,1
74,11,41,642,44,18,1,1,1
74,12,0,649,14,15,1,1,1
75,1,1075,611,30,17,1,1,1
75,2,1138,584,32,17,1,1,1
75,3,1464,619,39,17,1,1,1
75,4,1426,582,39,17,1,1,1
75,5,1752,618,43,17,1,1,1
75,6,613,581,35,17,1,1,1
75,7,459,547,38,16,1,1,1
75,8,359,640,39,17,1,1,1
75,9,301,541,40,17,1,1,1
75,10,941,606,32,16,1,1,1
75,11,46,633,43,18,1,1,1
75,12,0,638,21,16,1,1,1
76,1,1081,610,31,17,1,1,1
76,2,1146,583,32,17,1,1,1
76,3,1475,621,39,18,1,1,1
76,4,1436,584,38,17,1,1,1
76,5,1763,623,45,18,1,1,1
76,6,621,574,36,18,1,1,1
76,7,468,539,38,17,1,1,1
76,8,368,630,39,18,1,1,1
76,9,312,532,40,16,1,1,1
76,10,946,603,33,17,1,1,1
76,11,60,620,43,18,1,1,1
76,12,0,624,35,18,1,1,1
77,1,1095,609,31,17,1,1,1
77,2,1161,582,31,18,1,1,1
77,3,1494,625,39,18,1,1,1
77,4,1452,588,39,17,1,1,1
77,5,1787,631,45,18,1,1,1
77,6,637,568,35,17,1,1,1
77,7,486,531,38,17,1,1,1
77,8,386,620,38,18,1,1,1
77,9,332,522,39,17,1,1,1
77,10,958,600,32,17,1,1,1
77,11,85,607,43,17,1,1,1
77,12,19,610,45,17,1,1,1
78,1,1115,610,32,17,1,1,1
78,2,1182,583,32,18,1,1,1
78,3,1521,631,40,18,1,1,1
78,4,1478,592,39,18,1,1,1
78,5,1822,641,46,18,1,1,1
78,6,659,563,35,17,1,1,1
78,7,511,525,37,16,1,1,1
78,8,411,613,38,17,1,1,1
78,9,360,514,38,17,1,1,1
78,10,975,598,32,17,1,1,1
78,11,121,595,41,18,1,1,1
78,12,58,597,43,16,1,1,1
79,1,1142,612,32,18,1,1,1
79,2,1210,585,32,18,1,1,1
79,3,1557,637,41,19,1,1,1
79,4,1512,598,40,19,1,1,1
79,5,1869,652,49,19,1,1,1
79,6,688,559,34,17,1,1,1
79,7,543,521,36,17,1,1,1
79,8,444,608,36,17,1,1,1
79,9,395,509,36,16,1,1,1
79,10,999,598,31,17,1,1,1
79,11,165,588,40,17,1,1,1
79,12,106,586,42,16,1,1,1
80,1,1172,615,32,18,1,1,1
80,2,1242,588,32,18,1,1,1
80,3,1598,645,43,18,1,1,1
80,4,1551,605,41,18,1,1,1
80,6,719,557,33,18,1,1,1
80,7,577,520,35,17,1,1,1
80,8,479,606,35,18,1,1,1
80,9,432,505,36,16,1,1,1
80,10,1025,599,32,17,1,1,1
80,11,212,583,38,17,1,1,1
80,12,156,578,41,16,1,1,1
81,1,1203,618,32,18,1,1,1
81,2,1274,592,34,18,1,1,1
81,3,1642,652,45,19,1,1,1
81,4,1593,611,41,19,1,1,1
81,6,750,557,34,17,1,1,1
81,7,611,522,34,16,1,1,1
81,8,513,606,35,18,1,1,1
81,9,468,503,35,16,1,1,1
81,10,1051,601,32,17,1,1,1
81,11,257,582,37,16,1,1,1
81,12,205,573,39,16,1,1,1
82,1,1232,622,33,18,1,1,1
82,2,1305,595,34,19,1,1,1
82,3,1684,659,47,20,1,1,1
82,4,1633,617,42,19,1,1,1
82,6,778,557,34,17,1,1,1
82,7,641,525,34,16,1,1,1
82,8,544,607,35,17,1,1,1
82,9,501,502,34,16,1,1,1
82,10,1076,604,32,18,1,1,1
82,11,296,580,36,17,1,1,1
82,12,248,570,37,15,1,1,1
83,1,1260,626,33,18,1,1,1
83,2,1334,599,35,18,1,1,1
83,3,1726,666,49,20,1,1,1
83,4,1672,623,44,20,1,1,1
83,6,805,558,33,17,1,1,1
83,7,669,529,34,17,1,1,1
83,8,573,607,34,17,1,1,1
83,9,530,502,33,16,1,1,1
83,10,1099,609,32,18,1,1,1
83,11,333,579,34,17,1,1,1
83,12,286,568,37,15,1,1,1
84,1,1284,629,34,19,1,1,1
84,2,1361,603,36,18,1,1,1
84,3,1764,672,50,20,1,1,1
84,4,1709,628,44,20,1,1,1
84,6,828,560,32,17,1,1,1
84,7,693,533,33,17,1,1,1
84,8,597,608,34,17,1,1,1
84,9,554,504,33,15,1,1,1
84,10,1119,613,32,18,1,1,1
84,11,363,580,35,16,1,1,1
84,12,317,567,36,16,1,1,1
85,1,1305,632,33,19,1,1,1
85,2,1383,606,36,18,1,1,1
85,3,1794,677,52,20,1,1,1
85,4,1738,632,46,20,1,1,1
85,6,846,562,33,17,1,1,1
85,7,711,536,33,17,1,1,1
85,8,616,611,32,17,1,1,1
85,9,573,506,32,15,1,1,1
85,10,1135,616,30,18,1,1,1
85,11,386,583,33,15,1,1,1
85,12,342,569,35,15,1,1,1
86,1,1319,635,35,19,1,1,1
86,2,1400,608,36,19,1,1,1
86,3,1819,680,53,20,1,1,1
86,4,1763,634,46,21,1,1,1
86,6,860,565,33,16,1,1,1
86,7,725,541,33,16,1,1,1
86,8,630,617,32,17,1,1,1
86,9,585,511,32,15,1,1,1
86,10,1146,618,31,19,1,1,1
86,11,402,588,34,16,1,1,1
86,12,358,571,35,16,1,1,1
87,1,1329,637,35,19,1,1,1
87,2,1410,610,38,18,1,1,1
87,3,1833,680,54,21,1,1,1
87,4,1778,635,47,21,1,1,1
87,6,868,568,33,16,1,1,1
87,7,733,546,33,16,1,1,1
87,8,637,624,33,17,1,1,1
87,9,592,517,31,15,1,1,1
87,10,1152,621,31,18,1,1,1
87,11,412,595,33,16,1,1,1
87,12,368,575,34,16,1,1,1
88,1,1332,638,35,19,1,1,1
88,2,1413,610,38,19,1,1,1
88,3,1838,680,54,21,1,1,1
88,4,1783,635,47,21,1,1,1
88,6,871,569,33,17,1,1,1
88,7,735,549,33,16,1,1,1
88,8,639,626,32,17,1,1,1
88,9,593,521,32,15,1,1,1
88,10,1153,622,32,19,1,1,1
88,11,414,598,33,16,1,1,1
88,12,370,577,35,15,1,1,1
89,1,1336,639,35,19,1,1,1
89,2,1419,611,37,18,1,1,1
89,3,1844,680,54,20,1,1,1
89,4,1792,634,47,21,1,1,1
89,6,874,573,33,16,1,1,1
89,7,739,557,33,16,1,1,1
89,8,642,632,32,17,1,1,1
89,9,594,528,31,16,1,1,1
89,10,1155,626,31,19,1,1,1
89,11,418,604,33,16,1,1,1
89,12,373,582,34,16,1,1,1
90,1,1337,640,35,18,1,1,1
90,2,1420,611,38,18,1,1,1
90,3,1845,679,54,21,1,1,1
90,4,1796,632,47,20,1,1,1
90,6,875,578,32,17,1,1,1
90,7,739,565,33,16,1,1,1
90,8,642,638,32,17,1,1,1
90,9,590,536,33,16,1,1,1
90,10,1154,630,30,18,1,1,1
90,11,417,611,34,16,1,1,1
90,12,371,588,34,16,1,1,1
91,1,1335,640,36,18,1,1,1
91,2,1419,610,38,18,1,1,1
91,3,1841,679,54,21,1,1,1
91,4,1795,628,48,20,1,1,1
91,6,873,585,33,17,1,1,1
91,7,736,571,34,16,1,1,1
91,8,638,645,32,17,1,1,1
91,9,584,543,33,16,1,1,1
91,10,1150,632,29,18,1,1,1
91,11,413,620,33,16,1,1,1
91,12,365,596,34,16,1,1,1
92,1,1331,639,35,18,1,1,1
92,2,1414,608,39,18,1,1,1
92,3,1832,680,54,20,1,1,1
92,4,1791,624,47,19,1,1,1
92,6,869,588,33,17,1,1,1
92,7,732,575,33,16,1,1,1
92,8,632,651,34,17,1,1,1
92,9,576,548,31,15,1,1,1
92,10,1144,632,30,19,1,1,1
92,11,406,628,33,16,1,1,1
92,12,356,601,35,16,1,1,1
93,1,1325,636,35,18,1,1,1
93,2,1408,604,39,18,1,1,1
93,3,1821,677,53,20,1,1,1
93,4,1785,617,47,19,1,1,1
93,6,864,589,32,16,1,1,1
93,7,726,579,34,16,1,1,1
93,8,625,657,34,17,1,1,1
93,9,566,552,33,15,1,1,1
93,10,1137,632,30,18,1,1,1
93,11,398,635,33,16,1,1,1
93,12,346,605,35,15,1,1,1
94,1,1322,633,35,18,1,1,1
94,2,1405,601,38,18,1,1,1
94,3,1815,673,52,20,1,1,1
94,4,1780,612,47,19,1,1,1
94,6,861,588,32,17,1,1,1
94,7,723,580,33,16,1,1,1
94,8,621,659,34,17,1,1,1
94,9,560,554,33,15,1,1,1
94,10,1133,631,30,19,1,1,1
94,11,393,638,34,16,1,1,1
94,12,339,607,35,16,1,1,1
95,1,1315,626,35,18,1,1,1
95,2,1398,594,37,18,1,1,1
95,3,1802,663,52,20,1,1,1
95,4,1772,601,47,19,1,1,1
95,6,854,587,33,16,1,1,1
95,7,716,583,33,16,1,1,1
95,8,614,661,33,17,1,1,1
95,9,549,557,33,16,1,1,1
95,10,1125,628,30,18,1,1,1
95,11,383,641,35,15,1,1,1
95,12,328,609,35,16,1,1,1
96,1,1309,621,34,17,1,1,1
96,2,1391,590,37,18,1,1,1
96,3,1790,654,52,19,1,1,1
96,4,1765,592,46,19,1,1,1
96,6,849,587,32,16,1,1,1
96,7,710,585,33,16,1,1,1
96,8,607,661,33,17,1,1,1
96,9,539,561,32,15,1,1,1
96,10,1118,625,30,17,1,1,1
96,11,374,643,35,16,1,1,1
96,12,316,611,37,16,1,1,1
97,1,1301,616,35,18,1,1,1
97,2,1382,587,38,18,1,1,1
97,3,1776,647,51,19,1,1,1
97,4,1756,586,46,18,1,1,1
97,6,841,589,32,16,1,1,1
97,7,702,588,34,16,1,1,1
97,8,598,665,34,17,1,1,1
97,9,527,565,33,15,1,1,1
97,10,1110,622,30,18,1,1,1
97,11,364,648,34,16,1,1,1
97,12,303,616,36,16,1,1,1
98,1,1294,613,34,18,1,1,1
98,2,1374,584,38,18,1,1,1
98,3,1762,643,50,19,1,1,1
98,4,1746,583,46,18,1,1,1
98,6,834,591,32,16,1,1,1
98,7,695,591,33,16,1,1,1
98,8,589,670,34,17,1,1,1
98,9,514,569,34,15,1,1,1
98,10,1102,623,30,17,1,1,1
98,11,353,656,35,16,1,1,1
98,12,288,624,37,16,1,1,1
99,1,1285,609,34,18,1,1,1
99,2,1365,580,37,17,1,1,1
99,3,1747,639,49,19,1,1,1
99,4,1736,578,46,17,1,1,1
99,6,826,591,32,16,1,1,1
99,7,686,594,34,16,1,1,1
99,8,580,676,34,17,1,1,1
99,9,501,572,35,16,1,1,1
99,10,1094,623,30,17,1,1,1
99,11,341,663,36,17,1,1,1
99,12,274,630,37,16,1,1,1
100,1,1277,604,34,17,1,1,1
100,2,1355,575,37,17,1,1,1
100,3,1732,634,48,19,1,1,1
100,4,1725,569,45,18,1,1,1
100,6,817,589,33,17,1,1,1
100,7,678,596,34,16,1,1,1
100,8,570,679,34,17,1,1,1
100,9,488,576,35,16,1,1,1
100,10,1085,620,30,17,1,1,1
100,11,328,668,37,17,1,1,1
100,12,258,633,38,17,1,1,1
101,1,1268,599,34,17,1,1,1
101,2,1346,571,37,17,1,1,1
101,3,1717,628,48,18,1,1,1
101,4,1714,562,45,18,1,1,1
101,6,809,589,32,16,1,1,1
101,7,669,597,34,17,1,1,1
101,8,560,680,35,17,1,1,1
101,9,475,578,35,16,1,1,1
101,10,1076,616,30,17,1,1,1
101,11,316,670,37,17,1,1,1
101,12,243,634,37,16,1,1,1
102,1,1258,595,34,17,1,1,1
102,2,1335,568,37,18,1,1,1
102,3,1700,622,48,18,1,1,1
102,4,1702,557,45,18,1,1,1
102,6,800,590,32,17,1,1,1
102,7,659,600,35,17,1,1,1
102,8,549,680,35,17,1,1,1
102,9,460,581,36,16,1,1,1
102,10,1066,614,30,17,1,1,1
102,11,302,672,36,16,1,1,1
102,12,224,636,39,17,1,1,1
103,1,1251,594,33,17,1,1,1
103,2,1327,567,36,17,1,1,1
103,3,1688,620,46,18,1,1,1
103,4,1692,557,45,17,1,1,1
103,6,792,591,33,17,1,1,1
103,7,651,603,35,17,1,1,1
103,8,540,682,35,18,1,1,1
103,9,449,584,36,16,1,1,1
103,10,1059,614,30,17,1,1,1
103,11,290,674,37,17,1,1,1
103,12,210,640,39,17,1,1,1
104,1,1242,592,33,16,1,1,1
104,2,1317,565,36,17,1,1,1
104,3,1673,618,46,18,1,1,1
104,4,1681,556,44,18,1,1,1
104,6,783,592,33,16,1,1,1
104,7,642,605,35,16,1,1,1
104,8,529,686,35,18,1,1,1
104,9,435,587,35,16,1,1,1
104,10,1050,616,30,17,1,1,1
104,11,276,680,38,17,1,1,1
104,12,193,646,40,17,1,1,1
105,1,1235,589,33,17,1,1,1
105,2,1309,563,36,17,1,1,1
105,3,1662,617,44,18,1,1,1
105,4,1673,554,43,17,1,1,1
105,6,775,591,33,17,1,1,1
105,7,635,605,34,17,1,1,1
105,8,520,690,36,18,1,1,1
105,9,424,589,36,16,1,1,1
105,10,1042,615,30,17,1,1,1
105,11,265,684,39,17,1,1,1
105,12,180,649,40,17,1,1,1
106,1,1228,585,33,17,1,1,1
106,2,1302,561,36,17,1,1,1
106,3,1650,616,45,18,1,1,1
106,4,1665,549,43,18,1,1,1
106,6,770,589,32,17,1,1,1
106,7,628,605,35,17,1,1,1
106,8,512,692,36,17,1,1,1
106,9,413,590,37,16,1,1,1
106,10,1036,612,30,18,1,1,1
106,11,255,686,39,17,1,1,1
106,12,166,648,41,18,1,1,1
107,1,1223,582,33,17,1,1,1
107,2,1296,559,36,17,1,1,1
107,3,1641,616,45,18,1,1,1
107,4,1659,546,43,17,1,1,1
107,6,763,588,32,17,1,1,1
107,7,622,605,34,17,1,1,1
107,8,505,691,36,17,1,1,1
107,9,404,590,37,16,1,1,1
107,10,1030,609,30,17,1,1,1
107,11,245,685,40,17,1,1,1
107,12,154,646,41,17,1,1,1
108,1,1218,580,33,16,1,1,1
108,2,1292,557,35,17,1,1,1
108,3,1633,616,44,18,1,1,1
108,4,1654,545,43,17,1,1,1
108,6,758,588,33,17,1,1,1
108,7,617,606,35,17,1,1,1
108,8,498,689,36,18,1,1,1
108,9,395,590,37,16,1,1,1
108,10,1024,608,30,17,1,1,1
108,11,237,683,40,17,1,1,1
108,12,143,644,42,18,1,1,1
109,1,1215,579,33,17,1,1,1
109,2,1288,557,35,17,1,1,1
109,3,1628,616,44,18,1,1,1
109,4,1651,547,43,17,1,1,1
109,5,1911,586,9,12,1,1,1
109,6,755,588,33,17,1,1,1
109,7,614,609,35,16,1,1,1
109,8,494,689,36,18,1,1,1
109,9,390,591,37,16,1,1,1
109,10,1021,609,30,17,1,1,1
109,11,232,682,38,18,1,1,1
109,12,136,645,42,18,1,1,1
110,1,1213,580,33,16,1,1,1
110,2,1285,559,36,17,1,1,1
110,3,1625,618,43,18,1,1,1
110,4,1649,550,43,18,1,1,1
110,5,1905,587,15,12,1,1,1
110,6,752,589,34,16,1,1,1
110,7,612,611,35,16,1,1,1
110,8,490,691,36,17,1,1,1
110,9,384,591,37,16,1,1,1
110,10,1019,611,30,18,1,1,1
110,11,227,684,40,17,1,1,1
110,12,130,647,41,17,1,1,1
111,1,1213,579,33,17,1,1,1
111,2,1285,560,35,17,1,1,1
111,3,1623,621,43,18,1,1,1
111,4,1650,552,43,17,1,1,1
111,5,1902,584,18,16,1,1,1
111,6,751,588,34,17,1,1,1
111,7,611,610,35,17,1,1,1
111,8,488,692,36,18,1,1,1
111,9,381,591,37,16,1,1,1
111,10,1017,612,30,17,1,1,1
111,11,225,685,40,17,1,1,1
111,12,126,646,42,17,1,1,1
112,1,1214,578,32,17,1,1,1
112,2,1285,559,35,17,1,1,1
112,3,1623,623,43,19,1,1,1
112,4,1652,552,43,17,1,1,1
112,5,1901,585,19,16,1,1,1
112,6,751,587,33,16,1,1,1
112,7,611,609,35,17,1,1,1
112,8,488,693,35,18,1,1,1
112,9,381,591,37,16,1,1,1
112,10,1016,611,31,17,1,1,1
112,11,225,685,39,18,1,1,1
112,12,125,643,42,18,1,1,1
113,1,1218,574,32,17,1,1,1
113,2,1289,557,35,17,1,1,1
113,3,1627,627,43,18,1,1,1
113,4,1660,551,42,17,1,1,1
113,5,1905,590,15,15,1,1,1
113,6,754,584,34,16,1,1,1
113,7,614,607,36,16,1,1,1
113,8,489,690,37,18,1,1,1
113,9,381,588,38,16,1,1,1
113,10,1019,607,30,17,1,1,1
113,11,228,680,38,17,1,1,1
113,12,126,637,43,17,1,1,1
114,1,1221,573,33,17,1,1,1
114,2,1292,558,35,16,1,1,1
114,3,1630,629,44,18,1,1,1
114,4,1665,552,43,17,1,1,1
114,5,1909,595,11,12,1,1,1
114,6,757,583,34,17,1,1,1
114,7,618,607,35,16,1,1,1
114,8,492,686,36,18,1,1,1
114,9,383,587,37,16,1,1,1
114,10,1020,607,31,17,1,1,1
114,11,231,676,40,17,1,1,1
114,12,129,634,43,17,1,1,1
115,1,1225,574,33,16,1,1,1
115,2,1296,560,36,16,1,1,1
115,3,1635,632,44,18,1,1,1
115,4,1673,557,42,17,1,1,1
115,5,1914,599,6,9,1,1,1
115,6,761,583,33,17,1,1,1
115,7,622,609,34,16,1,1,1
115,8,495,685,36,17,1,1,1
115,9,386,586,38,16,1,1,1
115,10,1022,609,31,17,1,1,1
115,11,235,673,39,17,1,1,1
115,12,134,631,42,17,1,1,1
116,1,1230,574,33,17,1,1,1
116,2,1301,561,36,17,1,1,1
116,3,1642,636,44,18,1,1,1
116,4,1680,562,44,17,1,1,1
116,6,765,582,33,17,1,1,1
116,7,626,610,36,17,1,1,1
116,8,499,684,36,18,1,1,1
116,9,390,584,37,16,1,1,1
116,10,1025,610,31,17,1,1,1
116,11,241,672,38,17,1,1,1
116,12,139,628,42,17,1,1,1
117,1,1236,574,33,17,1,1,1
117,2,1307,562,36,17,1,1,1
117,3,1649,640,44,18,1,1,1
117,4,1689,565,44,17,1,1,1
117,6,770,581,34,17,1,1,1
117,7,632,609,35,17,1,1,1
117,8,504,685,36,17,1,1,1
117,9,395,583,37,16,1,1,1
117,10,1029,610,31,17,1,1,1
117,11,248,671,38,17,1,1,1
117,12,146,625,41,17,1,1,1
118,1,1242,573,33,17,1,1,1
118,2,1313,562,36,17,1,1,1
118,3,1657,643,44,19,1,1,1
118,4,1699,565,44,17,1,1,1
118,6,776,579,32,17,1,1,1
118,7,638,606,35,17,1,1,1
118,8,509,684,36,17,1,1,1
118,9,400,581,37,16,1,1,1
118,10,1033,608,31,17,1,1,1
118,11,255,669,39,17,1,1,1
118,12,153,621,41,17,1,1,1
119,1,1249,571,33,17,1,1,1
119,2,1321,562,35,16,1,1,1
119,3,1666,647,45,19,1,1,1
119,4,1710,565,45,17,1,1,1
119,6,782,578,33,17,1,1,1
119,7,644,604,35,17,1,1,1
119,8,515,682,36,18,1,1,1
119,9,407,580,36,16,1,1,1
119,10,1038,607,31,17,1,1,1
119,11,263,665,38,17,1,1,1
119,12,162,617,41,17,1,1,1
120,1,1256,571,33,16,1,1,1
120,2,1328,562,36,17,1,1,1
120,3,1675,651,45,19,1,1,1
120,4,1722,567,45,17,1,1,1
120,6,788,577,33,17,1,1,1
120,7,651,604,35,17,1,1,1
120,8,522,680,35,18,1,1,1
120,9,413,579,36,16,1,1,1
120,10,1044,608,30,17,1,1,1
120,11,271,661,39,17,1,1,1
120,12,171,614,40,17,1,1,1
121,1,1263,572,34,17,1,1,1
121,2,1336,563,36,17,1,1,1
121,3,1685,654,46,19,1,1,1
121,4,1734,571,45,18,1,1,1
121,6,795,577,32,17,1,1,1
121,7,659,607,33,16,1,1,1
121,8,528,679,36,17,1,1,1
121,9,420,579,36,16,1,1,1
121,10,1049,610,30,16,1,1,1
121,11,280,659,38,17,1,1,1
121,12,191,612,30,16,1,1,1
122,1,1271,574,33,17,1,1,1
122,2,1344,566,36,17,1,1,1
122,3,1695,658,46,19,1,1,1
122,4,1747,576,45,18,1,1,1
122,6,802,577,33,16,1,1,1
122,7,665,609,35,17,1,1,1
122,8,535,678,35,17,1,1,1
122,9,426,577,37,16,1,1,1
122,10,1053,610,31,17,1,1,1
122,11,289,658,38,17,1,1,1
122,12,189,609,40,16,1,1,1
123,1,1278,575,35,17,1,1,1
123,2,1352,567,36,17,1,1,1
123,3,1706,662,46,19,1,1,1
123,4,1758,580,47,17,1,1,1
123,6,809,576,32,17,1,1,1
123,7,673,609,34,17,1,1,1
123,8,541,677,35,18,1,1,1
123,9,433,576,35,16,1,1,1
123,10,1059,610,31,17,1,1,1
123,11,298,657,37,17,1,1,1
123,12,198,606,41,17,1,1,1
124,1,1286,573,35,17,1,1,1
124,2,1360,566,37,17,1,1,1
124,3,1716,665,47,19,1,1,1
124,4,1771,579,47,18,1,1,1
124,6,816,576,33,16,1,1,1
124,7,681,607,33,16,1,1,1
124,8,548,676,35,17,1,1,1
124,9,440,574,36,16,1,1,1
124,10,1064,608,31,16,1,1,1
124,11,307,655,37,17,1,1,1
124,12,208,603,40,16,1,1,1
125,1,1294,571,35,16,1,1,1
125,2,1369,563,36,17,1,1,1
125,3,1727,667,48,19,1,1,1
125,4,1784,577,48,18,1,1,1
125,6,823,574,32,16,1,1,1
125,7,688,604,34,17,1,1,1
125,8,555,675,35,18,1,1,1
125,9,446,574,36,16,1,1,1
125,10,1069,606,31,17,1,1,1
125,11,316,652,37,17,1,1,1
125,12,217,600,39,16,1,1,1
126,1,1302,570,34,17,1,1,1
126,2,1377,563,37,17,1,1,1
126,3,1737,670,48,19,1,1,1
126,4,1797,577,48,18,1,1,1
126,6,830,572,32,16,1,1,1
126,7,695,603,33,17,1,1,1
126,8,562,675,34,17,1,1,1
126,9,453,574,35,16,1,1,1
126,10,1074,607,32,17,1,1,1
126,11,324,650,37,16,1,1,1
126,12,226,597,39,16,1,1,1
127,1,1309,571,35,17,1,1,1
127,2,1384,565,37,17,1,1,1
127,3,1747,672,49,19,1,1,1
127,4,1809,580,48,18,1,1,1
127,6,836,572,32,16,1,1,1
127,7,701,606,34,17,1,1,1
127,8,568,675,35,17,1,1,1
127,9,458,575,35,16,1,1,1
127,10,1079,608,31,17,1,1,1
127,11,332,649,36,17,1,1,1
127,12,234,597,39,16,1,1,1
128,1,1316,572,34,17,1,1,1
128,2,1391,566,37,17,1,1,1
128,3,1756,674,49,19,1,1,1
128,4,1821,584,48,19,1,1,1
128,6,842,573,32,17,1,1,1
128,7,707,610,33,16,1,1,1
128,8,573,674,35,18,1,1,1
128,9,463,575,35,16,1,1,1
128,10,1083,608,32,17,1,1,1
128,11,339,650,37,16,1,1,1
128,12,241,597,39,16,1,1,1
129,1,1319,572,35,17,1,1,1
129,2,1396,566,36,18,1,1,1
129,3,1761,675,48,20,1,1,1
129,4,1826,585,49,19,1,1,1
129,6,845,574,32,16,1,1,1
129,7,710,611,34,17,1,1,1
129,8,576,674,34,18,1,1,1
129,9,465,575,35,16,1,1,1
129,10,1085,608,31,17,1,1,1
129,11,342,650,37,17,1,1,1
129,12,244,598,39,16,1,1,1
130,1,1324,571,34,17,1,1,1
130,2,1401,566,37,17,1,1,1
130,3,1767,677,50,20,1,1,1
130,4,1835,585,49,18,1,1,1
130,6,849,574,32,17,1,1,1
130,7,715,612,34,17,1,1,1
130,8,580,675,34,17,1,1,1
130,9,468,575,35,16,1,1,1
130,10,1088,607,31,17,1,1,1
130,11,348,651,36,17,1,1,1
130,12,249,597,38,16,1,1,1
131,1,1331,568,35,17,1,1,1
131,2,1408,562,38,17,1,1,1
131,3,1777,678,50,19,1,1,1
131,4,1849,579,49,19,1,1,1
131,6,855,570,32,17,1,1,1
131,7,721,609,34,17,1,1,1
131,8,585,675,35,17,1,1,1
131,9,472,575,35,16,1,1,1
131,10,1092,605,31,17,1,1,1
131,11,355,650,36,17,1,1,1
131,12,256,594,38,16,1,1,1
132,1,1334,567,34,16,1,1,1
132,2,1410,561,38,17,1,1,1
132,3,1779,678,50,19,1,1,1
132,4,1852,578,50,18,1,1,1
132,6,856,569,33,17,1,1,1
132,7,723,609,33,16,1,1,1
132,8,587,675,34,18,1,1,1
132,9,474,576,34,16,1,1,1
132,10,1093,605,31,17,1,1,1
132,11,357,650,36,16,1,1,1
132,12,257,593,37,16,1,1,1
133,1,1338,565,36,17,1,1,1
133,2,1416,560,38,17,1,1,1
133,3,1786,679,50,19,1,1,1
133,4,1863,579,50,18,1,1,1
133,6,861,571,33,16,1,1,1
133,7,728,612,33,16,1,1,1
133,8,591,677,34,18,1,1,1
133,9,475,578,35,16,1,1,1
133,10,1096,604,31,17,1,1,1
133,11,362,650,36,16,1,1,1
133,12,261,595,37,16,1,1,1
134,1,1340,565,35,17,1,1,1
134,2,1418,560,38,17,1,1,1
134,3,1788,679,50,19,1,1,1
134,4,1866,580,51,18,1,1,1
134,6,863,572,32,16,1,1,1
134,7,730,614,32,16,1,1,1
134,8,592,678,34,17,1,1,1
134,9,476,579,35,16,1,1,1
134,10,1096,604,31,17,1,1,1
134,11,363,650,36,17,1,1,1
134,12,263,597,37,15,1,1,1
135,1,1342,565,36,17,1,1,1
135,2,1420,560,38,17,1,1,1
135,3,1791,678,50,20,1,1,1
135,4,1871,580,49,18,1,1,1
135,6,865,572,32,16,1,1,1
135,7,732,616,33,17,1,1,1
135,8,593,678,34,17,1,1,1
135,9,476,579,35,16,1,1,1
135,10,1097,604,31,17,1,1,1
135,11,365,652,35,17,1,1,1
135,12,263,597,37,16,1,1,1
136,1,1344,564,36,17,1,1,1
136,2,1422,559,38,17,1,1,1
136,3,1792,677,51,20,1,1,1
136,4,1876,577,44,17,1,1,1
136,6,866,571,32,16,1,1,1
136,7,733,617,34,17,1,1,1
136,8,594,679,34,17,1,1,1
136,9,475,580,35,16,1,1,1
136,10,1097,604,31,17,1,1,1
136,11,366,654,36,17,1,1,1
136,12,263,597,38,16,1,1,1
137,1,1345,560,36,17,1,1,1
137,2,1423,556,39,16,1,1,1
137,3,1793,676,50,19,1,1,1
137,4,1879,572,41,17,1,1,1
137,6,867,569,32,16,1,1,1
137,7,735,615,33,17,1,1,1
137,8,595,680,34,17,1,1,1
137,9,473,581,35,16,1,1,1
137,10,1097,602,31,17,1,1,1
137,11,366,656,37,16,1,1,1
137,12,262,596,38,16,1,1,1
138,1,1346,557,36,17,1,1,1
138,2,1424,553,39,17,1,1,1
138,3,1793,676,50,19,1,1,1
138,4,1881,569,39,18,1,1,1
138,6,867,569,33,16,1,1,1
138,7,735,615,34,17,1,1,1
138,8,594,681,34,18,1,1,1
138,9,471,583,35,16,1,1,1
138,10,1096,600,30,17,1,1,1
138,11,366,656,37,16,1,1,1
138,12,260,597,39,16,1,1,1
139,1,1346,557,36,17,1,1,1
139,2,1424,552,38,17,1,1,1
139,3,1792,676,50,20,1,1,1
139,4,1883,570,37,17,1,1,1
139,6,868,570,32,16,1,1,1
139,7,735,618,34,17,1,1,1
139,8,593,684,35,17,1,1,1
139,9,468,587,36,16,1,1,1
139,10,1095,600,31,17,1,1,1
139,11,366,657,35,17,1,1,1
139,12,258,600,38,16,1,1,1
140,1,1346,557,36,17,1,1,1
140,2,1425,552,38,17,1,1,1
140,3,1791,676,50,19,1,1,1
140,4,1884,570,36,17,1,1,1
140,6,867,571,32,16,1,1,1
140,7,735,622,34,17,1,1,1
140,8,592,685,35,17,1,1,1
140,9,466,588,35,16,1,1,1
140,10,1094,601,30,17,1,1,1
140,11,365,659,35,17,1,1,1
140,12,256,601,38,17,1,1,1
141,1,1346,556,35,17,1,1,1
141,2,1424,552,38,16,1,1,1
141,3,1789,674,50,19,1,1,1
141,4,1885,568,35,17,1,1,1
141,6,867,570,32,17,1,1,1
141,7,735,625,34,17,1,1,1
141,8,591,686,34,17,1,1,1
141,9,462,589,36,16,1,1,1
141,10,1092,602,30,17,1,1,1
141,11,363,662,36,15,1,1,1
141,12,252,602,39,16,1,1,1
142,1,1345,553,35,16,1,1,1
142,2,1423,549,38,16,1,1,1
142,3,1787,671,49,19,1,1,1
142,4,1885,563,35,17,1,1,1
142,6,866,569,32,17,1,1,1
142,7,735,625,32,17,1,1,1
142,8,589,686,34,17,1,1,1
142,9,459,589,35,16,1,1,1
142,10,1090,600,30,17,1,1,1
142,11,361,664,37,16,1,1,1
142,12,249,602,37,16,1,1,1
143,1,1344,549,35,17,1,1,1
143,2,1422,545,38,16,1,1,1
143,3,1784,669,49,20,1,1,1
143,4,1885,559,35,17,1,1,1
143,6,865,569,31,16,1,1,1
143,7,734,622,33,17,1,1,1
143,8,587,687,35,17,1,1,1
143,9,455,590,35,16,1,1,1
143,10,1087,596,31,17,1,1,1
143,11,359,664,37,15,1,1,1
143,12,245,602,38,16,1,1,1
144,1,1344,547,34,17,1,1,1
144,2,1421,543,38,16,1,1,1
144,3,1781,669,49,20,1,1,1
144,4,1884,558,36,17,1,1,1
144,6,865,568,31,16,1,1,1
144,7,733,622,34,17,1,1,1
144,8,586,688,34,18,1,1,1
144,9,451,592,35,16,1,1,1
144,10,1085,595,31,16,1,1,1
144,11,357,663,36,17,1,1,1
144,12,241,602,39,17,1,1,1
145,1,1342,547,35,16,1,1,1
145,2,1419,543,39,17,1,1,1
145,3,1778,671,49,19,1,1,1
145,4,1884,559,36,17,1,1,1
145,6,863,568,32,16,1,1,1
145,7,733,625,33,17,1,1,1
145,8,584,690,34,17,1,1,1
145,9,447,594,36,17,1,1,1
145,10,1083,596,31,17,1,1,1
145,11,355,664,36,17,1,1,1
145,12,237,604,39,16,1,1,1
146,1,1341,547,35,16,1,1,1
146,2,1418,543,39,17,1,1,1
146,3,1776,671,49,19,1,1,1
146,4,1884,558,36,17,1,1,1
146,6,862,568,32,17,1,1,1
146,7,731,629,34,17,1,1,1
146,8,582,691,35,17,1,1,1
146,9,444,596,36,16,1,1,1
146,10,1081,598,31,16,1,1,1
146,11,353,666,36,17,1,1,1
146,12,233,605,39,16,1,1,1
147,1,1340,546,36,17,1,1,1
147,2,1417,542,39,17,1,1,1
147,3,1773,669,49,20,1,1,1
147,4,1884,556,36,18,1,1,1
147,6,862,569,30,16,1,1,1
147,7,731,632,33,17,1,1,1
147,8,580,692,35,17,1,1,1
147,9,440,597,35,16,1,1,1
147,10,1079,597,31,17,1,1,1
147,11,351,669,36,17,1,1,1
147,12,229,606,40,16,1,1,1
148,1,1340,545,34,16,1,1,1
148,2,1417,540,38,17,1,1,1
148,3,1771,668,49,19,1,1,1
148,4,1884,553,36,18,1,1,1
148,6,861,569,31,16,1,1,1
148,7,730,632,34,17,1,1,1
148,8,579,693,34,17,1,1,1
148,9,437,597,36,17,1,1,1
148,10,1078,595,31,17,1,1,1
148,11,349,671,36,17,1,1,1
148,12,226,607,40,16,1,1,1
149,1,1339,542,36,16,1,1,1
149,2,1417,538,37,17,1,1,1
149,3,1770,667,48,19,1,1,1
149,4,1884,551,36,17,1,1,1
149,6,860,567,32,16,1,1,1
149,7,730,630,33,17,1,1,1
149,8,577,693,35,17,1,1,1
149,9,434,597,36,17,1,1,1
149,10,1076,593,31,16,1,1,1
149,11,347,670,37,17,1,1,1
149,12,234,606,29,16,1,1,1
150,1,1339,539,35,17,1,1,1
150,2,1416,536,38,17,1,1,1
150,3,1769,668,47,19,1,1,1
150,4,1885,551,35,17,1,1,1
150,6,860,565,31,16,1,1,1
150,7,730,629,34,17,1,1,1
150,8,576,693,35,18,1,1,1
150,9,431,599,36,16,1,1,1
150,10,1075,592,31,17,1,1,1
150,11,347,669,36,17,1,1,1
150,12,220,604,40,16,1,1,1
151,1,1339,539,35,16,1,1,1
151,2,1417,536,36,17,1,1,1
151,3,1767,670,48,20,1,1,1
151,4,1899,552,21,17,1,1,1
151,6,859,564,32,17,1,1,1
151,7,730,631,33,17,1,1,1
151,8,575,694,35,18,1,1,1
151,9,429,601,36,16,1,1,1
151,10,1074,593,31,16,1,1,1
151,11,345,668,37,17,1,1,1
151,12,218,604,39,16,1,1,1
152,1,1340,540,35,17,1,1,1
152,2,1416,537,38,16,1,1,1
152,3,1766,672,48,19,1,1,1
152,4,1889,552,31,17,1,1,1
152,6,859,567,33,16,1,1,1
152,7,730,636,34,17,1,1,1
152,8,574,695,35,18,1,1,1
152,9,425,602,36,16,1,1,1
152,10,1072,594,31,16,1,1,1
152,11,344,671,37,17,1,1,1
152,12,215,606,40,16,1,1,1
153,1,1340,540,36,17,1,1,1
153,2,1416,537,38,16,1,1,1
153,3,1766,672,48,19,1,1,1
153,4,1903,552,17,17,1,1,1
153,6,860,568,32,16,1,1,1
153,7,731,637,33,18,1,1,1
153,8,574,696,35,17,1,1,1
153,9,425,602,36,16,1,1,1
153,10,1072,593,31,17,1,1,1
153,11,344,672,36,17,1,1,1
153,12,214,607,39,16,1,1,1
154,1,1342,539,35,16,1,1,1
154,2,1417,537,38,16,1,1,1
154,3,1766,671,49,20,1,1,1
154,4,1893,551,27,17,1,1,1
154,6,860,567,32,16,1,1,1
154,7,732,638,33,17,1,1,1
154,8,574,696,34,18,1,1,1
154,9,423,602,37,16,1,1,1
154,10,1073,593,30,16,1,1,1
154,11,344,673,38,17,1,1,1
154,12,213,606,40,17,1,1,1
155,1,1343,536,35,17,1,1,1
155,2,1419,534,38,17,1,1,1
155,3,1767,670,49,20,1,1,1
155,4,1896,550,24,17,1,1,1
155,6,861,564,32,16,1,1,1
155,7,733,636,34,17,1,1,1
155,8,575,696,34,18,1,1,1
155,9,423,601,36,17,1,1,1
155,10,1072,591,31,17,1,1,1
155,11,345,672,37,17,1,1,1
155,12,213,603,40,17,1,1,1
156,1,1344,534,36,16,1,1,1
156,2,1421,532,37,17,1,1,1
156,3,1769,672,48,19,1,1,1
156,4,1900,550,20,17,1,1,1
156,6,863,562,32,16,1,1,1
156,7,734,634,33,17,1,1,1
156,8,575,696,35,18,1,1,1
156,9,422,602,37,16,1,1,1
156,10,1072,590,31,17,1,1,1
156,11,346,670,36,17,1,1,1
156,12,213,600,40,17,1,1,1
157,1,1346,534,36,16,1,1,1
157,2,1422,532,38,16,1,1,1
157,3,1771,675,47,19,1,1,1
157,4,1904,555,12,13,1,1,1
157,6,864,562,32,17,1,1,1
157,7,736,634,34,18,1,1,1
157,8,576,696,34,18,1,1,1
157,9,422,603,36,16,1,1,1
157,10,1072,589,31,17,1,1,1
157,11,347,669,37,17,1,1,1
157,12,213,600,40,16,1,1,1
158,1,1348,535,36,17,1,1,1
158,2,1424,534,38,16,1,1,1
158,3,1772,678,49,20,1,1,1
158,4,1910,557,10,12,1,1,1
158,6,866,564,32,16,1,1,1
158,7,738,637,33,18,1,1,1
158,8,576,696,34,18,1,1,1
158,9,422,604,35,16,1,1,1
158,10,1073,590,31,17,1,1,1
158,11,348,669,38,17,1,1,1
158,12,213,601,40,16,1,1,1
159,1,1351,536,35,16,1,1,1
159,2,1427,534,38,17,1,1,1
159,3,1775,679,48,19,1,1,1
159,4,1914,557,6,12,1,1,1
159,6,868,564,32,16,1,1,1
159,7,740,640,33,17,1,1,1
159,8,578,696,34,18,1,1,1
159,9,422,603,37,17,1,1,1
159,10,1074,590,31,17,1,1,1
159,11,351,670,36,17,1,1,1
159,12,214,602,39,16,1,1,1
160,1,1354,537,35,16,1,1,1
160,2,1429,533,39,17,1,1,1
160,3,1778,679,48,19,1,1,1
160,6,870,563,32,16,1,1,1
160,7,742,641,34,18,1,1,1
160,8,580,696,34,18,1,1,1
160,9,423,601,37,17,1,1,1
160,10,1076,591,30,16,1,1,1
160,11,352,671,38,16,1,1,1
160,12,216,600,40,17,1,1,1
161,1,1359,538,35,17,1,1,1
161,2,1435,532,38,17,1,1,1
161,3,1783,679,49,19,1,1,1
161,6,874,560,31,16,1,1,1
161,7,746,638,34,17,1,1,1
161,8,582,696,34,18,1,1,1
161,9,425,597,37,17,1,1,1
161,10,1077,588,31,17,1,1,1
161,11,356,669,37,17,1,1,1
161,12,219,596,39,16,1,1,1
162,1,1361,539,36,16,1,1,1
162,2,1439,534,37,17,1,1,1
162,3,1787,682,49,20,1,1,1
162,6,876,560,31,17,1,1,1
162,7,749,638,34,17,1,1,1
162,8,584,697,35,17,1,1,1
162,9,427,597,37,18,1,1,1
162,10,1078,587,32,17,1,1,1
162,11,359,668,37,17,1,1,1
162,12,222,595,39,16,1,1,1
163,1,1365,540,35,16,1,1,1
163,2,1441,539,39,17,1,1,1
163,3,1790,687,49,19,1,1,1
163,6,879,562,32,16,1,1,1
163,7,752,640,33,17,1,1,1
163,8,586,697,35,18,1,1,1
163,9,429,600,36,17,1,1,1
163,10,1080,588,31,16,1,1,1
163,11,362,667,37,17,1,1,1
163,12,224,597,38,16,1,1,1
164,1,1367,541,37,16,1,1,1
164,2,1445,543,38,17,1,1,1
164,3,1796,690,48,19,1,1,1
164,6,882,564,31,16,1,1,1
164,7,755,643,33,17,1,1,1
164,8,588,697,34,18,1,1,1
164,9,431,601,37,17,1,1,1
164,10,1081,589,32,17,1,1,1
164,11,365,667,37,17,1,1,1
164,12,226,598,39,16,1,1,1
165,1,1370,542,37,16,1,1,1
165,2,1449,546,38,17,1,1,1
165,3,1799,690,49,19,1,1,1
165,6,884,566,32,16,1,1,1
165,7,758,645,33,17,1,1,1
165,8,590,697,35,18,1,1,1
165,9,434,600,35,18,1,1,1
165,10,1083,590,31,17,1,1,1
165,11,369,668,36,17,1,1,1
165,12,229,596,38,17,1,1,1
166,1,1373,542,37,17,1,1,1
166,2,1452,546,39,17,1,1,1
166,3,1803,689,49,19,1,1,1
166,6,887,566,31,17,1,1,1
166,7,761,645,33,17,1,1,1
166,8,593,696,34,18,1,1,1
166,9,437,597,36,18,1,1,1
166,10,1085,588,31,17,1,1,1
166,11,371,668,37,17,1,1,1
166,12,232,594,38,16,1,1,1
167,1,1376,543,37,17,1,1,1
167,2,1457,546,38,17,1,1,1
167,3,1807,688,50,20,1,1,1
167,6,891,566,31,16,1,1,1
167,7,764,643,33,17,1,1,1
167,8,595,696,34,18,1,1,1
167,9,441,595,36,17,1,1,1
167,10,1086,586,32,17,1,1,1
167,11,374,667,37,17,1,1,1
167,12,235,591,39,15,1,1,1
168,1,1378,544,38,17,1,1,1
168,2,1461,548,37,17,1,1,1
168,3,1811,690,50,20,1,1,1
168,6,893,565,32,16,1,1,1
168,7,767,641,34,18,1,1,1
168,8,598,696,34,18,1,1,1
168,9,444,594,35,18,1,1,1
168,10,1088,586,32,16,1,1,1
168,11,377,665,37,17,1,1,1
168,12,238,591,38,16,1,1,1
169,1,1382,546,36,17,1,1,1
169,2,1465,552,38,17,1,1,1
169,3,1816,694,50,20,1,1,1
169,6,896,566,31,16,1,1,1
169,7,770,643,34,17,1,1,1
169,8,600,697,33,18,1,1,1
169,9,448,596,35,17,1,1,1
169,10,1090,588,31,17,1,1,1
169,11,381,665,35,17,1,1,1
169,12,241,592,39,17,1,1,1
170,1,1383,547,38,17,1,1,1
170,2,1470,557,38,17,1,1,1
170,3,1821,697,50,20,1,1,1
170,6,899,570,32,17,1,1,1
170,7,774,647,34,17,1,1,1
170,8,603,698,34,17,1,1,1
170,9,453,600,35,17,1,1,1
170,10,1092,593,31,17,1,1,1
170,11,384,666,37,17,1,1,1
170,12,245,594,39,17,1,1,1
171,1,1383,546,38,17,1,1,1
171,2,1471,556,38,18,1,1,1
171,3,1822,694,50,20,1,1,1
171,6,900,572,32,16,1,1,1
171,7,775,647,33,18,1,1,1
171,8,603,699,35,18,1,1,1
171,9,453,602,36,17,1,1,1
171,10,1092,593,31,17,1,1,1
171,11,385,667,36,17,1,1,1
171,12,245,597,38,16,1,1,1
172,1,1377,543,38,17,1,1,1
172,2,1468,554,38,17,1,1,1
172,3,1817,684,49,20,1,1,1
172,6,897,575,31,17,1,1,1
172,7,773,648,33,17,1,1,1
172,8,600,702,35,18,1,1,1
172,9,450,606,35,17,1,1,1
172,10,1088,592,31,16,1,1,1
172,11,381,672,36,17,1,1,1
172,12,239,603,39,16,1,1,1
173,1,1363,537,38,17,1,1,1
173,2,1455,548,37,16,1,1,1
173,3,1798,671,49,19,1,1,1
173,6,886,577,31,16,1,1,1
173,7,763,647,34,18,1,1,1
173,8,589,705,35,19,1,1,1
173,9,438,610,37,17,1,1,1
173,10,1077,587,30,17,1,1,1
173,11,367,677,37,17,1,1,1
173,12,222,610,39,17,1,1,1
174,1,1341,534,37,17,1,1,1
174,2,1433,543,38,17,1,1,1
174,3,1768,660,47,19,1,1,1
174,6,869,578,32,16,1,1,1
174,7,746,648,34,17,1,1,1
174,8,570,708,35,18,1,1,1
174,9,417,615,37,17,1,1,1
174,10,1059,585,30,16,1,1,1
174,11,343,682,38,17,1,1,1
174,12,193,619,40,16,1,1,1
175,1,1313,531,36,17,1,1,1
175,2,1406,540,37,16,1,1,1
175,3,1730,649,46,19,1,1,1
175,4,1885,514,35,18,1,1,1
175,6,846,579,32,17,1,1,1
175,7,723,652,34,17,1,1,1
175,8,544,712,36,19,1,1,1
175,9,388,622,39,17,1,1,1
175,10,1036,585,29,16,1,1,1
175,11,311,689,39,18,1,1,1
175,12,155,629,42,17,1,1,1
176,1,1280,529,36,17,1,1,1
176,2,1374,539,36,16,1,1,1
176,3,1686,640,45,18,1,1,1
176,4,1834,507,46,18,1,1,1
176,5,1894,550,26,17,1,1,1
176,6,819,582,31,17,1,1,1
176,7,696,657,34,18,1,1,1
176,8,513,719,37,19,1,1,1
176,9,353,632,40,17,1,1,1
176,10,1008,587,29,17,1,1,1
176,11,272,700,40,18,1,1,1
176,12,108,640,43,17,1,1,1
177,1,1247,527,35,16,1,1,1
177,2,1342,536,35,17,1,1,1
177,3,1644,629,41,18,1,1,1
177,4,1782,499,45,18,1,1,1
177,5,1838,540,44,16,1,1,1
177,6,790,587,32,17,1,1,1
177,7,666,663,35,18,1,1,1
177,8,479,728,37,20,1,1,1
177,9,315,642,41,17,1,1,1
177,10,979,590,30,16,1,1,1
177,11,229,713,41,19,1,1,1
177,12,56,653,45,18,1,1,1
178,1,1197,524,34,17,1,1,1
178,2,1293,534,34,17,1,1,1
178,3,1579,616,40,18,1,1,1
178,4,1710,492,41,19,1,1,1
178,5,1757,530,42,17,1,1,1
178,6,746,593,32,18,1,1,1
178,7,620,667,36,18,1,1,1
178,8,426,739,40,20,1,1,1
178,9,254,652,43,18,1,1,1
178,10,936,591,29,17,1,1,1
178,11,159,728,44,19,1,1,1
178,12,0,671,20,15,1,1,1
179,1,1168,523,34,17,1,1,1
179,2,1266,533,33,16,1,1,1
179,3,1544,610,38,17,1,1,1
179,4,1670,489,39,18,1,1,1
179,5,1714,526,40,17,1,1,1
179,6,719,595,33,18,1,1,1
179,7,592,667,36,19,1,1,1
179,8,394,742,40,20,1,1,1
179,9,217,656,44,19,1,1,1
179,10,910,589,30,17,1,1,1
179,11,116,734,44,20,1,1,1
180,1,1132,525,33,16,1,1,1
180,2,1232,533,33,17,1,1,1
180,3,1499,607,37,18,1,1,1
180,4,1621,491,38,18,1,1,1
180,5,1661,527,39,16,1,1,1
180,6,684,596,33,18,1,1,1
180,7,555,668,37,19,1,1,1
180,8,350,744,42,20,1,1,1
180,9,167,659,46,19,1,1,1
180,10,877,587,30,17,1,1,1
180,11,56,738,48,21,1,1,1
181,1,1107,526,33,16,1,1,1
181,2,1210,536,32,17,1,1,1
181,3,1469,607,37,18,1,1,1
181,4,1589,495,37,18,1,1,1
181,5,1627,528,37,16,1,1,1
181,6,660,598,34,18,1,1,1
181,7,529,671,38,19,1,1,1
181,8,319,747,43,20,1,1,1
181,9,132,663,48,20,1,1,1
181,10,855,590,30,16,1,1,1
181,11,13,742,49,21,1,1,1
182,1,1090,527,32,16,1,1,1
182,2,1195,539,32,17,1,1,1
182,3,1449,606,37,17,1,1,1
182,4,1569,498,35,18,1,1,1
182,5,1604,528,36,16,1,1,1
182,6,643,602,34,18,1,1,1
182,7,512,674,37,19,1,1,1
182,8,299,750,43,21,1,1,1
182,9,108,667,49,20,1,1,1
182,10,839,593,30,17,1,1,1
182,11,0,746,33,19,1,1,1
183,1,1076,528,33,16,1,1,1
183,2,1185,542,32,17,1,1,1
183,3,1435,606,37,18,1,1,1
183,4,1553,502,36,17,1,1,1
183,5,1587,530,37,16,1,1,1
183,6,631,606,35,18,1,1,1
183,7,499,673,38,20,1,1,1
183,8,284,751,44,20,1,1,1
183,9,92,666,49,21,1,1,1
183,10,829,596,29,17,1,1,1
183,11,0,750,12,12,1,1,1
184,1,1069,530,33,16,1,1,1
184,2,1181,544,33,17,1,1,1
184,3,1430,608,35,17,1,1,1
184,4,1548,505,34,18,1,1,1
184,5,1581,533,36,16,1,1,1
184,6,626,605,34,19,1,1,1
184,7,494,670,38,19,1,1,1
184,8,279,747,44,20,1,1,1
184,9,86,662,50,20,1,1,1
184,10,824,595,30,17,1,1,1
185,1,1067,532,33,16,1,1,1
185,2,1183,547,32,16,1,1,1
185,3,1428,610,36,18,1,1,1
185,4,1546,510,36,17,1,1,1
185,5,1579,539,37,15,1,1,1
185,6,626,603,33,18,1,1,1
185,7,493,665,38,20,1,1,1
185,8,280,740,43,21,1,1,1
185,9,88,655,49,20,1,1,1
185,10,824,592,30,17,1,1,1
186,1,1067,533,32,16,1,1,1
186,2,1183,548,33,17,1,1,1
186,3,1429,612,35,17,1,1,1
186,4,1548,513,34,17,1,1,1
186,5,1580,542,36,15,1,1,1
186,6,625,603,35,18,1,1,1
186,7,493,664,39,19,1,1,1
186,8,280,738,44,20,1,1,1
186,9,89,652,49,21,1,1,1
186,10,824,592,30,17,1,1,1
187,1,1067,537,33,16,1,1,1
187,2,1187,554,33,16,1,1,1
187,3,1430,616,37,16,1,1,1
187,4,1551,521,35,17,1,1,1
187,5,1583,550,36,15,1,1,1
187,6,628,603,34,18,1,1,1
187,7,496,662,38,19,1,1,1
187,8,285,731,44,20,1,1,1
187,9,96,647,49,20,1,1,1
187,10,828,592,29,17,1,1,1
188,1,1070,540,32,15,1,1,1
188,2,1193,560,33,16,1,1,1
188,3,1435,621,36,18,1,1,1
188,4,1555,529,36,16,1,1,1
188,5,1588,556,37,16,1,1,1
188,6,632,605,34,18,1,1,1
188,7,501,661,38,19,1,1,1
188,8,292,726,44,20,1,1,1
188,9,105,643,48,20,1,1,1
188,10,831,595,30,17,1,1,1
188,11,0,717,10,12,1,1,1
189,1,1072,541,33,16,1,1,1
189,2,1198,564,33,16,1,1,1
189,3,1440,625,35,18,1,1,1
189,4,1560,534,37,17,1,1,1
189,5,1594,560,37,16,1,1,1
189,6,636,605,34,18,1,1,1
189,7,506,659,38,18,1,1,1
189,8,299,723,44,20,1,1,1
189,9,113,638,49,20,1,1,1
189,10,835,598,30,17,1,1,1
189,11,0,709,18,15,1,1,1
190,1,1078,544,32,15,1,1,1
190,2,1206,569,34,16,1,1,1
190,3,1447,632,36,17,1,1,1
190,4,1570,542,37,16,1,1,1
190,5,1604,567,37,16,1,1,1
190,6,643,604,34,18,1,1,1
190,7,514,653,38,19,1,1,1
190,8,311,716,42,20,1,1,1
190,9,127,629,48,20,1,1,1
190,10,843,599,29,17,1,1,1
190,11,0,698,30,19,1,1,1
191,1,1084,545,33,16,1,1,1
191,2,1216,572,34,16,1,1,1
191,3,1456,635,37,17,1,1,1
191,4,1581,548,37,16,1,1,1
191,5,1615,573,38,16,1,1,1
191,6,651,602,33,17,1,1,1
191,7,524,647,37,18,1,1,1
191,8,324,707,43,19,1,1,1
191,9,143,620,46,19,1,1,1
191,10,851,596,29,17,1,1,1
191,11,0,686,45,19,1,1,1
192,1,1090,547,32,16,1,1,1
192,2,1224,575,33,16,1,1,1
192,3,1463,638,38,17,1,1,1
192,4,1589,552,38,16,1,1,1
192,5,1625,579,38,16,1,1,1
192,6,658,600,33,18,1,1,1
192,7,532,643,37,18,1,1,1
192,8,335,700,42,19,1,1,1
192,9,155,614,46,19,1,1,1
192,10,857,594,30,17,1,1,1
192,11,8,676,48,19,1,1,1
193,1,1097,550,33,16,1,1,1
193,2,1234,579,34,16,1,1,1
193,3,1473,641,38,18,1,1,1
193,4,1602,559,37,16,1,1,1
193,5,1637,587,39,16,1,1,1
193,6,667,600,32,17,1,1,1
193,7,542,641,36,18,1,1,1
193,8,349,693,42,19,1,1,1
193,9,171,609,46,18,1,1,1
193,10,866,593,29,17,1,1,1
193,11,24,666,49,19,1,1,1
194,1,1107,555,32,16,1,1,1
194,2,1247,586,34,16,1,1,1
194,3,1486,648,38,17,1,1,1
194,4,1617,569,38,16,1,1,1
194,5,1653,596,39,16,1,1,1
194,6,678,601,33,17,1,1,1
194,7,555,639,37,17,1,1,1
194,8,366,688,42,19,1,1,1
194,9,190,603,46,18,1,1,1
194,10,877,595,29,17,1,1,1
194,11,45,658,47,18,1,1,1
195,1,1119,557,32,16,1,1,1
195,2,1261,593,34,16,1,1,1
195,3,1501,656,39,18,1,1,1
195,4,1634,578,39,16,1,1,1
195,5,1673,604,39,16,1,1,1
195,6,690,601,34,16,1,1,1
195,7,570,635,35,17,1,1,1
195,8,386,682,40,18,1,1,1
195,9,212,595,44,18,1,1,1
195,10,889,599,30,17,1,1,1
195,11,68,648,47,18,1,1,1
196,1,1127,558,32,16,1,1,1
196,2,1271,597,35,15,1,1,1
196,3,1513,661,38,17,1,1,1
196,4,1646,583,40,17,1,1,1
196,5,1686,609,40,16,1,1,1
196,6,700,600,33,17,1,1,1
196,7,580,631,36,18,1,1,1
196,8,399,677,40,19,1,1,1
196,9,227,590,44,17,1,1,1
196,10,898,600,29,17,1,1,1
196,11,85,642,44,17,1,1,1
197,1,1134,559,33,16,1,1,1
197,2,1282,600,35,16,1,1,1
197,3,1524,663,39,18,1,1,1
197,4,1659,588,41,16,1,1,1
197,5,1699,613,41,16,1,1,1
197,6,709,600,32,17,1,1,1
197,7,590,628,36,17,1,1,1
197,8,413,672,39,18,1,1,1
197,9,242,585,43,17,1,1,1
197,10,907,600,30,17,1,1,1
197,11,101,634,45,18,1,1,1
198,1,1147,559,33,17,1,1,1
198,2,1299,602,34,17,1,1,1
198,3,1542,665,39,18,1,1,1
198,4,1681,592,40,17,1,1,1
198,5,1721,618,42,17,1,1,1
198,6,723,598,33,17,1,1,1
198,7,607,623,35,18,1,1,1
198,8,433,665,39,18,1,1,1
198,9,264,579,43,17,1,1,1
198,10,921,597,29,17,1,1,1
198,11,125,624,45,18,1,1,1
199,1,1157,561,33,16,1,1,1
199,2,1310,604,35,17,1,1,1
199,3,1554,666,41,18,1,1,1
199,4,1694,596,42,17,1,1,1
199,5,1737,622,42,17,1,1,1
199,6,733,597,33,17,1,1,1
199,7,618,622,35,17,1,1,1
199,8,448,661,38,18,1,1,1
199,9,291,577,31,16,1,1,1
199,10,930,596,30,16,1,1,1
199,11,143,619,42,18,1,1,1
199,12,0,564,7,12,1,1,1
200,1,1165,563,34,17,1,1,1
200,2,1321,607,35,17,1,1,1
200,3,1567,669,41,18,1,1,1
200,4,1709,600,42,17,1,1,1
200,5,1752,626,43,18,1,1,1
200,6,742,598,33,17,1,1,1
200,7,629,620,34,18,1,1,1
200,8,461,658,39,18,1,1,1
200,9,294,575,42,17,1,1,1
200,10,939,595,30,17,1,1,1
200,11,159,616,43,18,1,1,1
200,12,0,556,26,17,1,1,1
201,1,1175,566,34,17,1,1,1
201,2,1333,611,36,18,1,1,1
201,3,1581,674,41,18,1,1,1
201,4,1725,606,43,17,1,1,1
201,5,1771,632,42,18,1,1,1
201,6,753,599,32,18,1,1,1
201,7,641,620,35,17,1,1,1
201,8,476,657,38,17,1,1,1
201,9,310,573,41,17,1,1,1
201,10,950,597,29,17,1,1,1
201,11,177,614,42,17,1,1,1
201,12,0,555,45,17,1,1,1
202,1,1185,567,33,17,1,1,1
202,2,1345,616,36,17,1,1,1
202,3,1594,678,42,18,1,1,1
202,4,1740,612,44,18,1,1,1
202,5,1786,637,44,17,1,1,1
202,6,763,601,32,17,1,1,1
202,7,652,618,35,18,1,1,1
202,8,490,654,38,18,1,1,1
202,9,325,570,41,17,1,1,1
202,10,959,600,30,17,1,1,1
202,11,193,610,42,17,1,1,1
202,12,18,553,47,17,1,1,1
203,1,1197,568,34,16,1,1,1
203,2,1361,621,37,17,1,1,1
203,3,1613,680,42,19,1,1,1
203,4,1762,617,44,18,1,1,1
203,5,1810,640,44,18,1,1,1
203,6,776,602,32,17,1,1,1
203,7,667,616,34,17,1,1,1
203,8,509,651,37,18,1,1,1
203,9,345,567,39,17,1,1,1
203,10,973,603,29,17,1,1,1
203,11,214,605,41,17,1,1,1
203,12,43,551,46,16,1,1,1
204,1,1204,567,34,17,1,1,1
204,2,1371,621,36,18,1,1,1
204,3,1624,678,41,19,1,1,1
204,4,1773,618,45,18,1,1,1
204,5,1821,640,46,18,1,1,1
204,6,783,602,33,17,1,1,1
204,7,675,614,35,18,1,1,1
204,8,520,648,37,18,1,1,1
204,9,356,565,38,17,1,1,1
204,10,979,602,29,17,1,1,1
204,11,226,601,41,17,1,1,1
204,12,57,547,45,16,1,1,1
205,1,1209,567,34,16,1,1,1
205,2,1378,621,37,18,1,1,1
205,3,1631,676,43,19,1,1,1
205,4,1783,617,46,18,1,1,1
205,5,1831,639,46,18,1,1,1
205,6,789,602,32,17,1,1,1
205,7,682,614,34,17,1,1,1
205,8,529,646,36,17,1,1,1
205,9,364,566,40,17,1,1,1
205,10,985,600,29,17,1,1,1
205,11,235,600,40,17,1,1,1
205,12,68,545,44,17,1,1,1
206,1,1213,568,34,16,1,1,1
206,2,1385,622,36,17,1,1,1
206,3,1638,675,43,19,1,1,1
206,4,1791,617,46,18,1,1,1
206,5,1839,640,47,18,1,1,1
206,6,794,602,32,18,1,1,1
206,7,688,614,34,17,1,1,1
206,8,536,645,37,18,1,1,1
206,9,371,567,39,17,1,1,1
206,10,989,599,30,16,1,1,1
206,11,243,600,40,17,1,1,1
206,12,76,546,44,16,1,1,1
207,1,1216,570,35,17,1,1,1
207,2,1390,624,37,18,1,1,1
207,3,1644,675,43,18,1,1,1
207,4,1798,618,46,18,1,1,1
207,5,1846,640,47,18,1,1,1
207,6,798,606,32,17,1,1,1
207,7,693,614,33,18,1,1,1
207,8,543,647,35,17,1,1,1
207,9,377,570,39,16,1,1,1
207,10,994,600,29,17,1,1,1
207,11,249,602,40,17,1,1,1
207,12,83,549,44,17,1,1,1
208,1,1218,571,34,17,1,1,1
208,2,1394,626,37,18,1,1,1
208,3,1647,674,44,19,1,1,1
208,4,1801,620,47,18,1,1,1
208,5,1850,640,47,18,1,1,1
208,6,800,608,32,18,1,1,1
208,7,696,615,34,17,1,1,1
208,8,547,648,36,17,1,1,1
208,9,381,570,38,17,1,1,1
208,10,995,602,30,17,1,1,1
208,11,253,602,39,17,1,1,1
208,12,87,552,44,17,1,1,1
209,1,1217,570,35,17,1,1,1
209,2,1396,628,37,18,1,1,1
209,3,1648,673,44,19,1,1,1
209,4,1803,620,46,18,1,1,1
209,5,1851,638,47,18,1,1,1
209,6,801,611,32,17,1,1,1
209,7,697,616,34,17,1,1,1
209,8,550,649,36,17,1,1,1
209,9,383,571,39,17,1,1,1
209,10,996,604,29,17,1,1,1
209,11,254,603,39,17,1,1,1
209,12,88,555,44,17,1,1,1
210,1,1215,568,34,16,1,1,1
210,2,1396,627,36,18,1,1,1
210,3,1646,668,44,19,1,1,1
210,4,1801,616,46,18,1,1,1
210,5,1848,633,47,18,1,1,1
210,6,800,612,32,17,1,1,1
210,7,697,616,33,18,1,1,1
210,8,551,647,36,18,1,1,1
210,9,382,572,39,17,1,1,1
210,10,994,605,29,17,1,1,1
210,11,252,604,40,17,1,1,1
210,12,85,556,43,17,1,1,1
211,1,1211,566,35,16,1,1,1
211,2,1395,625,36,18,1,1,1
211,3,1643,662,43,19,1,1,1
211,4,1797,612,46,18,1,1,1
211,5,1843,628,47,18,1,1,1
211,6,798,612,32,17,1,1,1
211,7,695,616,34,17,1,1,1
211,8,550,646,36,18,1,1,1
211,9,380,574,38,17,1,1,1
211,10,992,604,30,17,1,1,1
211,11,249,605,39,16,1,1,1
211,12,81,557,44,17,1,1,1
212,1,1207,566,35,16,1,1,1
212,2,1392,624,37,18,1,1,1
212,3,1639,657,43,19,1,1,1
212,4,1792,609,46,17,1,1,1
212,5,1838,626,45,17,1,1,1
212,6,795,613,32,17,1,1,1
212,7,693,615,34,17,1,1,1
212,8,548,647,37,18,1,1,1
212,9,377,577,39,17,1,1,1
212,10,989,602,29,17,1,1,1
212,11,245,606,40,17,1,1,1
212,12,75,560,44,16,1,1,1
213,1,1202,568,33,17,1,1,1
213,2,1388,626,37,17,1,1,1
213,3,1632,654,43,18,1,1,1
213,4,1784,607,46,18,1,1,1
213,5,1829,623,46,18,1,1,1
213,6,791,618,32,17,1,1,1
213,7,689,617,35,17,1,1,1
213,8,545,651,37,17,1,1,1
213,9,373,581,39,17,1,1,1
213,10,984,603,30,16,1,1,1
213,11,238,611,40,16,1,1,1
213,12,67,568,44,16,1,1,1
214,1,1198,569,34,16,1,1,1
214,2,1386,626,37,18,1,1,1
214,3,1629,653,43,18,1,1,1
214,4,1781,606,45,18,1,1,1
214,5,1825,621,45,18,1,1,1
214,6,788,620,33,17,1,1,1
214,7,687,618,34,17,1,1,1
214,8,543,651,37,18,1,1,1
214,9,370,582,40,17,1,1,1
214,10,982,603,30,17,1,1,1
214,11,235,613,41,16,1,1,1
214,12,62,571,45,16,1,1,1
215,1,1189,567,34,17,1,1,1
215,2,1380,627,36,18,1,1,1
215,3,1619,649,41,18,1,1,1
215,4,1769,603,45,17,1,1,1
215,5,1812,615,45,17,1,1,1
215,6,782,624,31,17,1,1,1
215,7,681,621,34,17,1,1,1
215,8,538,653,36,18,1,1,1
215,9,362,585,40,17,1,1,1
215,10,975,606,30,17,1,1,1
215,11,225,617,39,17,1,1,1
215,12,61,577,33,16,1,1,1
216,1,1182,565,35,16,1,1,1
216,2,1375,626,36,17,1,1,1
216,3,1611,644,42,18,1,1,1
216,4,1761,600,44,17,1,1,1
216,5,1803,611,44,17,1,1,1
216,6,777,624,32,17,1,1,1
216,7,676,622,35,17,1,1,1
216,8,533,653,37,18,1,1,1
216,9,356,587,39,17,1,1,1
216,10,970,607,29,16,1,1,1
216,11,217,618,41,17,1,1,1
216,12,39,578,45,17,1,1,1
217,1,1175,562,34,17,1,1,1
217,2,1369,624,36,17,1,1,1
217,3,1602,638,42,18,1,1,1
217,4,1751,596,44,17,1,1,1
217,5,1791,606,45,17,1,1,1
217,6,771,624,31,17,1,1,1
217,7,670,620,35,17,1,1,1
217,8,528,652,37,18,1,1,1
217,9,350,588,40,17,1,1,1
217,10,964,606,29,17,1,1,1
217,11,207,618,42,17,1,1,1
217,12,27,578,45,17,1,1,1
218,1,1167,562,34,17,1,1,1
218,2,1363,622,36,18,1,1,1
218,3,1593,634,42,17,1,1,1
218,4,1741,593,44,17,1,1,1
218,5,1781,604,43,17,1,1,1
218,6,765,625,31,17,1,1,1
218,7,665,619,34,17,1,1,1
218,8,522,652,37,18,1,1,1
218,9,342,590,41,17,1,1,1
218,10,958,605,29,17,1,1,1
218,11,198,619,41,17,1,1,1
218,12,15,580,47,17,1,1,1
219,1,1156,565,33,17,1,1,1
219,2,1354,624,35,17,1,1,1
219,3,1581,632,40,17,1,1,1
219,4,1726,591,43,17,1,1,1
219,5,1763,602,43,17,1,1,1
219,6,755,629,33,18,1,1,1
219,7,655,620,35,17,1,1,1
219,8,513,655,36,17,1,1,1
219,9,331,594,41,17,1,1,1
219,10,948,605,30,17,1,1,1
219,11,183,623,41,17,1,1,1
219,12,0,588,44,17,1,1,1
220,1,1149,567,34,16,1,1,1
220,2,1349,625,35,18,1,1,1
220,3,1572,630,41,18,1,1,1
220,4,1718,591,42,17,1,1,1
220,5,1754,600,43,17,1,1,1
220,6,751,633,32,17,1,1,1
220,7,650,623,35,17,1,1,1
220,8,508,656,37,18,1,1,1
220,9,325,596,41,17,1,1,1
220,10,943,606,30,17,1,1,1
220,11,175,626,42,17,1,1,1
220,12,0,593,34,17,1,1,1
221,1,1139,566,33,17,1,1,1
221,2,1341,627,35,17,1,1,1
221,3,1560,627,41,17,1,1,1
221,4,1704,591,42,17,1,1,1
221,5,1739,597,42,16,1,1,1
221,6,741,636,33,18,1,1,1
221,7,642,626,35,18,1,1,1
221,8,499,659,38,18,1,1,1
221,9,315,599,41,17,1,1,1
221,10,935,609,29,16,1,1,1
221,11,160,629,43,18,1,1,1
221,12,0,598,17,15,1,1,1
222,1,1131,565,34,16,1,1,1
222,2,1335,627,35,17,1,1,1
222,3,1552,624,41,17,1,1,1
222,4,1695,590,31,17,1,1,1
222,5,1729,594,42,17,1,1,1
222,6,736,637,32,18,1,1,1
222,7,637,626,35,17,1,1,1
222,8,494,659,38,18,1,1,1
222,9,308,601,42,17,1,1,1
222,10,929,610,30,17,1,1,1
222,11,151,630,43,18,1,1,1
222,12,0,602,5,9,1,1,1
223,1,1126,563,33,16,1,1,1
223,2,1332,626,34,17,1,1,1
223,3,1546,621,40,18,1,1,1
223,4,1688,588,42,17,1,1,1
223,5,1721,592,42,17,1,1,1
223,6,731,637,33,18,1,1,1
223,7,632,623,35,18,1,1,1
223,8,490,657,38,18,1,1,1
223,9,303,601,42,17,1,1,1
223,10,925,610,29,16,1,1,1
223,11,143,629,44,18,1,1,1
224,1,1119,562,33,16,1,1,1
224,2,1326,625,36,17,1,1,1
224,3,1539,618,40,18,1,1,1
224,4,1681,586,40,17,1,1,1
224,5,1712,591,42,17,1,1,1
224,6,726,637,33,17,1,1,1
224,7,627,621,35,17,1,1,1
224,8,485,655,38,17,1,1,1
224,9,297,600,42,17,1,1,1
224,10,920,609,29,16,1,1,1
224,11,135,627,44,17,1,1,1
225,1,1110,564,33,16,1,1,1
225,2,1320,626,35,18,1,1,1
225,3,1529,616,40,17,1,1,1
225,4,1669,586,41,17,1,1,1
225,5,1701,592,41,16,1,1,1
225,6,718,639,34,17,1,1,1
225,7,621,621,34,17,1,1,1
225,8,479,653,37,18,1,1,1
225,9,289,599,43,17,1,1,1
225,10,913,607,29,17,1,1,1
225,11,123,625,45,18,1,1,1
226,1,1105,567,34,16,1,1,1
226,2,1317,629,35,17,1,1,1
226,3,1524,616,39,17,1,1,1
226,4,1664,589,41,17,1,1,1
226,5,1694,592,42,17,1,1,1
226,6,715,641,32,18,1,1,1
226,7,617,623,35,17,1,1,1
226,8,476,654,37,18,1,1,1
226,9,285,599,43,18,1,1,1
226,10,909,608,30,17,1,1,1
226,11,117,627,45,17,1,1,1
227,1,1097,568,33,16,1,1,1
227,2,1313,633,35,18,1,1,1
227,3,1516,617,39,17,1,1,1
227,4,1655,593,41,16,1,1,1
227,5,1685,592,40,17,1,1,1
227,6,709,645,33,18,1,1,1
227,7,612,624,34,17,1,1,1
227,8,471,655,39,18,1,1,1
227,9,280,602,41,17,1,1,1
227,10,904,611,29,16,1,1,1
227,11,107,628,44,18,1,1,1
228,1,1096,568,33,16,1,1,1
228,2,1312,634,35,17,1,1,1
228,3,1516,617,38,18,1,1,1
228,4,1655,593,39,17,1,1,1
228,5,1684,593,40,16,1,1,1
228,6,708,646,33,18,1,1,1
228,7,611,623,35,18,1,1,1
228,8,471,655,39,18,1,1,1
228,9,279,602,43,18,1,1,1
228,10,903,611,29,17,1,1,1
228,11,106,627,45,18,1,1,1
229,1,1092,567,33,16,1,1,1
229,2,1311,635,35,17,1,1,1
229,3,1511,616,40,17,1,1,1
229,4,1650,594,41,16,1,1,1
229,5,1679,593,41,17,1,1,1
229,6,706,646,32,18,1,1,1
229,7,609,621,35,17,1,1,1
229,8,470,652,39,18,1,1,1
229,9,278,602,43,17,1,1,1
229,10,901,612,29,17,1,1,1
229,11,102,624,45,18,1,1,1
230,1,1089,566,33,16,1,1,1
230,2,1311,635,35,18,1,1,1
230,3,1509,613,39,17,1,1,1
230,4,1648,594,40,17,1,1,1
230,5,1677,594,40,17,1,1,1
230,6,704,645,33,18,1,1,1
230,7,608,618,36,18,1,1,1
230,8,471,647,38,18,1,1,1
230,9,278,598,43,17,1,1,1
230,10,899,612,30,17,1,1,1
230,11,100,619,45,18,1,1,1
231,1,1087,567,33,16,1,1,1
231,2,1311,636,35,18,1,1,1
231,3,1508,612,40,17,1,1,1
231,4,1647,595,41,17,1,1,1
231,5,1677,596,28,16,1,1,1
231,6,703,645,33,18,1,1,1
231,7,608,617,36,18,1,1,1
231,8,471,645,39,18,1,1,1
231,9,278,595,43,17,1,1,1
231,10,899,611,29,17,1,1,1
231,11,99,616,46,18,1,1,1
232,1,1086,570,33,16,1,1,1
232,2,1312,640,35,17,1,1,1
232,3,1508,615,39,17,1,1,1
232,4,1647,599,40,17,1,1,1
232,5,1675,598,40,17,1,1,1
232,6,703,646,33,18,1,1,1
232,7,609,617,35,17,1,1,1
232,8,473,644,39,18,1,1,1
232,9,280,593,43,17,1,1,1
232,10,899,611,29,16,1,1,1
232,11,99,614,46,17,1,1,1
233,1,1085,572,32,17,1,1,1
233,2,1313,644,35,17,1,1,1
233,3,1508,617,39,17,1,1,1
233,4,1647,603,40,17,1,1,1
233,5,1675,600,30,16,1,1,1
233,6,703,649,33,18,1,1,1
233,7,610,616,36,17,1,1,1
233,8,476,643,39,18,1,1,1
233,9,282,593,43,18,1,1,1
233,10,899,611,30,17,1,1,1
233,11,100,612,46,18,1,1,1
234,1,1084,572,33,17,1,1,1
234,2,1315,647,35,17,1,1,1
234,3,1510,618,38,17,1,1,1
234,4,1648,605,40,17,1,1,1
234,5,1676,601,41,17,1,1,1
234,6,704,650,33,18,1,1,1
234,7,611,615,36,18,1,1,1
234,8,478,642,39,18,1,1,1
234,9,285,594,42,17,1,1,1
234,10,900,612,29,17,1,1,1
234,11,102,611,44,17,1,1,1
235,1,1085,571,32,17,1,1,1
235,2,1318,649,35,17,1,1,1
235,3,1511,617,39,17,1,1,1
235,4,1651,608,40,16,1,1,1
235,5,1678,603,41,17,1,1,1
235,6,705,651,33,17,1,1,1
235,7,614,614,35,17,1,1,1
235,8,482,638,39,18,1,1,1
235,9,289,592,43,18,1,1,1
235,10,902,613,29,17,1,1,1
235,11,105,607,45,17,1,1,1
236,1,1085,570,33,17,1,1,1
236,2,1320,649,36,18,1,1,1
236,3,1513,616,39,17,1,1,1
236,4,1652,609,41,16,1,1,1
236,5,1680,604,41,17,1,1,1
236,6,707,650,33,17,1,1,1
236,7,616,612,36,17,1,1,1
236,8,486,636,38,17,1,1,1
236,9,293,589,42,17,1,1,1
236,10,903,613,30,17,1,1,1
236,11,108,603,45,17,1,1,1
237,1,1086,571,33,17,1,1,1
237,2,1324,651,36,18,1,1,1
237,3,1515,616,40,17,1,1,1
237,4,1656,611,41,17,1,1,1
237,5,1684,607,41,17,1,1,1
237,6,709,649,33,18,1,1,1
237,7,620,610,35,17,1,1,1
237,8,491,632,39,18,1,1,1
237,9,298,585,41,17,1,1,1
237,10,906,613,29,17,1,1,1
237,11,113,598,45,17,1,1,1
238,1,1087,574,33,16,1,1,1
238,2,1328,654,35,17,1,1,1
238,3,1518,618,39,17,1,1,1
238,4,1659,614,40,17,1,1,1
238,5,1687,609,41,17,1,1,1
238,6,711,650,33,18,1,1,1
238,7,622,608,36,18,1,1,1
238,8,495,631,38,18,1,1,1
238,9,302,583,42,17,1,1,1
238,10,908,614,29,17,1,1,1
238,11,117,596,44,17,1,1,1
239,1,1088,578,33,16,1,1,1
239,2,1331,658,36,18,1,1,1
239,3,1522,620,39,17,1,1,1
239,4,1662,618,41,17,1,1,1
239,5,1691,612,41,17,1,1,1
239,6,714,653,32,17,1,1,1
239,7,626,608,35,17,1,1,1
239,8,501,630,38,18,1,1,1
239,9,308,583,42,17,1,1,1
239,10,911,614,29,17,1,1,1
239,11,122,595,44,17,1,1,1
240,1,1090,579,32,16,1,1,1
240,2,1335,662,35,17,1,1,1
240,3,1525,621,39,17,1,1,1
240,4,1665,622,42,16,1,1,1
240,5,1694,613,41,17,1,1,1
240,6,716,655,33,17,1,1,1
240,7,629,608,35,17,1,1,1
240,8,505,629,38,17,1,1,1
240,9,312,583,42,17,1,1,1
240,10,913,614,29,17,1,1,1
240,11,126,594,43,16,1,1,1
241,1,1091,578,33,16,1,1,1
241,2,1338,664,36,17,1,1,1
241,3,1527,621,40,17,1,1,1
241,4,1669,624,41,17,1,1,1
241,5,1698,615,41,17,1,1,1
241,6,718,655,33,18,1,1,1
241,7,632,608,35,17,1,1,1
241,8,509,628,38,17,1,1,1
241,9,317,583,41,17,1,1,1
241,10,915,615,29,16,1,1,1
241,11,131,591,44,17,1,1,1
242,1,1093,575,33,17,1,1,1
242,2,1344,665,35,17,1,1,1
242,3,1531,620,40,17,1,1,1
242,4,1674,625,42,17,1,1,1
242,5,1704,616,40,17,1,1,1
242,6,722,654,33,17,1,1,1
242,7,637,605,35,17,1,1,1
242,8,517,623,37,18,1,1,1
242,9,324,579,41,17,1,1,1
242,10,919,614,29,17,1,1,1
242,11,138,585,43,16,1,1,1
243,1,1094,575,33,16,1,1,1
243,2,1348,665,35,18,1,1,1
243,3,1534,619,40,17,1,1,1
243,4,1678,625,41,17,1,1,1
243,5,1707,617,41,17,1,1,1
243,6,724,653,32,17,1,1,1
243,7,640,602,35,17,1,1,1
243,8,521,620,38,18,1,1,1
243,9,328,576,41,17,1,1,1
243,10,921,614,29,17,1,1,1
243,11,142,582,43,17,1,1,1
244,1,1096,576,33,16,1,1,1
244,2,1351,667,35,17,1,1,1
244,3,1537,618,40,17,1,1,1
244,4,1681,626,42,18,1,1,1
244,5,1709,618,43,17,1,1,1
244,6,727,653,33,18,1,1,1
244,7,643,600,35,17,1,1,1
244,8,526,618,37,17,1,1,1
244,9,333,574,41,17,1,1,1
244,10,923,615,30,17,1,1,1
244,11,146,580,43,17,1,1,1
245,1,1097,579,33,16,1,1,1
245,2,1354,670,36,17,1,1,1
245,3,1541,619,39,17,1,1,1
245,4,1684,629,42,18,1,1,1
245,5,1713,620,42,17,1,1,1
245,6,729,655,33,18,1,1,1
245,7,647,600,35,17,1,1,1
245,8,530,618,37,17,1,1,1
245,9,337,574,41,17,1,1,1
245,10,926,616,29,17,1,1,1
245,11,150,579,44,17,1,1,1
246,1,1098,583,33,16,1,1,1
246,2,1359,675,36,18,1,1,1
246,3,1544,622,40,17,1,1,1
246,4,1689,635,42,17,1,1,1
246,5,1718,622,42,17,1,1,1
246,6,732,659,33,18,1,1,1
246,7,651,603,35,17,1,1,1
246,8,536,618,38,18,1,1,1
246,9,343,577,41,17,1,1,1
246,10,929,617,29,17,1,1,1
246,11,156,579,42,16,1,1,1
246,12,0,564,7,11,1,1,1
247,1,1099,583,33,17,1,1,1
247,2,1362,677,36,18,1,1,1
247,3,1547,623,39,17,1,1,1
247,4,1691,637,42,18,1,1,1
247,5,1720,623,41,17,1,1,1
247,6,733,661,33,18,1,1,1
247,7,653,603,35,17,1,1,1
247,8,540,618,37,17,1,1,1
247,9,346,578,41,17,1,1,1
247,10,930,617,29,17,1,1,1
247,11,159,578,43,16,1,1,1
247,12,0,564,10,12,1,1,1
248,1,1099,582,33,16,1,1,1
248,2,1364,678,36,18,1,1,1
248,3,1547,622,41,17,1,1,1
248,4,1693,638,42,17,1,1,1
248,5,1721,624,43,16,1,1,1
248,6,735,661,33,18,1,1,1
248,7,655,602,35,17,1,1,1
248,8,543,616,37,18,1,1,1
248,9,349,577,41,17,1,1,1
248,10,931,617,29,17,1,1,1
248,11,162,577,41,16,1,1,1
248,12,0,564,13,11,1,1,1
249,1,1100,580,32,16,1,1,1
249,2,1366,678,37,18,1,1,1
249,3,1549,619,40,17,1,1,1
249,4,1695,637,42,17,1,1,1
249,5,1723,623,43,17,1,1,1
249,6,736,660,33,18,1,1,1
249,7,657,598,34,17,1,1,1
249,8,546,613,38,17,1,1,1
249,9,352,574,41,16,1,1,1
249,10,932,616,30,17,1,1,1
249,11,164,573,42,17,1,1,1
249,12,0,559,15,15,1,1,1
250,1,1099,579,33,17,1,1,1
250,2,1370,678,36,18,1,1,1
250,3,1550,615,40,17,1,1,1
250,4,1697,636,42,18,1,1,1
250,5,1725,623,42,17,1,1,1
250,6,738,660,32,18,1,1,1
250,7,660,596,34,17,1,1,1
250,8,551,610,37,17,1,1,1
250,9,356,570,40,17,1,1,1
250,10,934,617,29,17,1,1,1
250,11,167,570,42,17,1,1,1
250,12,0,557,18,15,1,1,1
251,1,1099,582,32,16,1,1,1
251,2,1372,680,35,18,1,1,1
251,3,1551,615,40,17,1,1,1
251,4,1697,638,43,17,1,1,1
251,5,1725,623,43,17,1,1,1
251,6,738,662,33,18,1,1,1
251,7,661,597,34,17,1,1,1
251,8,553,610,37,17,1,1,1
251,9,358,571,40,17,1,1,1
251,10,934,619,30,17,1,1,1
251,11,168,570,42,16,1,1,1
251,12,0,555,18,16,1,1,1
252,1,1098,584,33,17,1,1,1
252,2,1373,683,36,18,1,1,1
252,3,1551,616,41,18,1,1,1
252,4,1698,640,43,17,1,1,1
252,5,1725,623,43,17,1,1,1
252,6,739,665,32,18,1,1,1
252,7,662,599,35,17,1,1,1
252,8,555,611,37,17,1,1,1
252,9,359,573,40,17,1,1,1
252,10,935,620,29,17,1,1,1
252,11,169,571,42,16,1,1,1
252,12,0,556,20,16,1,1,1
253,1,1098,586,32,16,1,1,1
253,2,1374,685,36,18,1,1,1
253,3,1551,616,41,17,1,1,1
253,4,1698,641,43,18,1,1,1
253,5,1725,623,42,17,1,1,1
253,6,739,667,33,18,1,1,1
253,7,663,599,34,17,1,1,1
253,8,557,611,37,17,1,1,1
253,9,361,576,40,17,1,1,1
253,10,935,619,29,17,1,1,1
253,11,169,571,42,17,1,1,1
253,12,0,557,20,16,1,1,1
254,1,1095,584,33,16,1,1,1
254,2,1376,685,35,18,1,1,1
254,3,1550,613,41,17,1,1,1
254,4,1697,641,43,18,1,1,1
254,5,1724,622,43,17,1,1,1
254,6,738,668,32,17,1,1,1
254,7,663,597,35,17,1,1,1
254,8,559,609,37,17,1,1,1
254,9,362,575,40,17,1,1,1
254,10,934,617,30,17,1,1,1
254,11,181,570,30,16,1,1,1
254,12,0,559,19,16,1,1,1
255,1,1093,581,33,17,1,1,1
255,2,1375,682,36,18,1,1,1
255,3,1549,610,41,17,1,1,1
255,4,1696,640,43,18,1,1,1
255,5,1722,620,43,17,1,1,1
255,6,738,667,33,18,1,1,1
255,7,663,595,34,16,1,1,1
255,8,560,606,37,17,1,1,1
255,9,362,573,40,17,1,1,1
255,10,934,613,29,17,1,1,1
255,11,168,568,41,16,1,1,1
255,12,0,558,18,16,1,1,1
256,1,1091,581,33,16,1,1,1
256,2,1375,678,36,18,1,1,1
256,3,1547,608,41,17,1,1,1
256,4,1695,638,42,18,1,1,1
256,5,1720,616,43,17,1,1,1
256,6,737,668,33,18,1,1,1
256,7,662,594,35,17,1,1,1
256,8,560,606,37,17,1,1,1
256,9,362,572,40,17,1,1,1
256,10,932,612,30,16,1,1,1
256,11,166,568,42,16,1,1,1
256,12,0,559,15,15,1,1,1
257,1,1088,582,33,16,1,1,1
257,2,1373,675,37,18,1,1,1
257,3,1545,606,39,17,1,1,1
257,4,1691,637,43,17,1,1,1
257,5,1716,612,43,17,1,1,1
257,6,735,670,33,18,1,1,1
257,7,660,596,35,17,1,1,1
257,8,559,607,36,17,1,1,1
257,9,360,574,40,17,1,1,1
257,10,930,612,30,17,1,1,1
257,11,162,570,43,16,1,1,1
257,12,0,565,11,12,1,1,1
258,1,1080,585,32,17,1,1,1
258,2,1367,673,36,18,1,1,1
258,3,1534,602,40,17,1,1,1
258,4,1682,635,41,17,1,1,1
258,5,1706,607,41,17,1,1,1
258,6,728,676,33,18,1,1,1
258,7,654,599,35,17,1,1,1
258,8,554,610,37,17,1,1,1
258,9,352,582,41,16,1,1,1
258,10,924,615,29,16,1,1,1
258,11,151,575,43,17,1,1,1
259,1,1072,586,32,17,1,1,1
259,2,1360,673,36,18,1,1,1
259,3,1525,599,40,17,1,1,1
259,4,1671,632,41,17,1,1,1
259,5,1694,604,41,17,1,1,1
259,6,721,677,33,18,1,1,1
259,7,647,600,35,17,1,1,1
259,8,547,611,38,17,1,1,1
259,9,343,586,40,16,1,1,1
259,10,917,614,29,17,1,1,1
259,11,139,579,43,16,1,1,1
260,1,1064,585,31,17,1,1,1
260,2,1351,671,36,18,1,1,1
260,3,1513,595,40,17,1,1,1
260,4,1658,626,40,18,1,1,1
260,5,1680,600,41,17,1,1,1
260,6,713,677,33,19,1,1,1
260,7,638,601,35,17,1,1,1
260,8,539,612,37,17,1,1,1
260,9,332,587,42,17,1,1,1
260,10,908,613,30,17,1,1,1
260,11,125,581,44,17,1,1,1
261,1,1049,581,30,17,1,1,1
261,2,1336,665,36,19,1,1,1
261,3,1495,590,38,17,1,1,1
261,4,1635,617,41,17,1,1,1
261,5,1657,593,30,16,1,1,1
261,6,698,678,33,18,1,1,1
261,7,623,601,36,17,1,1,1
261,8,524,613,38,18,1,1,1
261,9,314,586,42,17,1,1,1
261,10,894,609,30,17,1,1,1
261,11,99,582,45,17,1,1,1
262,1,1036,580,29,17,1,1,1
262,2,1322,661,36,18,1,1,1
262,3,1477,587,38,17,1,1,1
262,4,1616,611,40,18,1,1,1
262,5,1638,587,40,17,1,1,1
262,6,684,679,34,19,1,1,1
262,7,610,600,35,18,1,1,1
262,8,511,616,37,18,1,1,1
262,9,296,585,43,18,1,1,1
262,10,882,608,30,17,1,1,1
262,11,76,583,46,17,1,1,1
263,1,1027,582,29,17,1,1,1
263,2,1312,659,35,19,1,1,1
263,3,1465,586,38,17,1,1,1
263,4,1603,610,39,17,1,1,1
263,5,1624,586,39,16,1,1,1
263,6,674,682,34,19,1,1,1
263,7,600,601,36,17,1,1,1
263,8,501,619,38,18,1,1,1
263,9,284,587,43,17,1,1,1
263,10,873,609,30,17,1,1,1
263,11,60,585,45,17,1,1,1
264,1,1014,585,30,17,1,1,1
264,2,1299,659,35,18,1,1,1
264,3,1449,586,38,16,1,1,1
264,4,1585,609,38,17,1,1,1
264,5,1606,584,39,16,1,1,1
264,6,661,685,34,18,1,1,1
264,7,586,603,37,18,1,1,1
264,8,488,623,38,18,1,1,1
264,9,267,591,43,18,1,1,1
264,10,860,610,30,17,1,1,1
264,11,37,589,47,18,1,1,1
265,1,1004,587,30,17,1,1,1
265,2,1288,659,35,19,1,1,1
265,3,1436,587,37,17,1,1,1
265,4,1570,607,38,18,1,1,1
265,5,1591,583,39,16,1,1,1
265,6,650,685,34,19,1,1,1
265,7,576,605,36,18,1,1,1
265,8,477,623,38,19,1,1,1
265,9,253,593,44,18,1,1,1
265,10,850,609,31,17,1,1,1
265,11,17,593,48,18,1,1,1
266,1,997,587,29,17,1,1,1
266,2,1279,657,35,18,1,1,1
266,3,1426,586,37,17,1,1,1
266,4,1559,603,37,17,1,1,1
266,5,1580,580,39,15,1,1,1
266,6,642,685,34,18,1,1,1
266,7,567,604,37,18,1,1,1
266,8,469,622,38,18,1,1,1
266,9,242,591,44,18,1,1,1
266,10,843,608,30,16,1,1,1
266,11,2,595,49,18,1,1,1
267,1,993,586,30,17,1,1,1
267,2,1274,655,35,17,1,1,1
267,3,1420,585,37,16,1,1,1
267,4,1552,601,37,17,1,1,1
267,5,1575,578,37,16,1,1,1
267,6,636,684,34,19,1,1,1
267,7,562,602,36,17,1,1,1
267,8,464,621,38,18,1,1,1
267,9,235,588,45,18,1,1,1
267,10,838,607,30,17,1,1,1
267,11,0,593,43,17,1,1,1
268,1,989,585,30,17,1,1,1
268,2,1268,653,35,18,1,1,1
268,3,1414,584,36,16,1,1,1
268,4,1544,599,37,17,1,1,1
268,5,1567,577,38,16,1,1,1
268,6,630,685,34,19,1,1,1
268,7,557,601,36,17,1,1,1
268,8,459,621,38,19,1,1,1
268,9,228,585,45,19,1,1,1
268,10,833,605,30,17,1,1,1
268,11,0,591,33,17,1,1,1
269,1,986,588,31,17,1,1,1
269,2,1263,654,35,18,1,1,1
269,3,1409,586,36,16,1,1,1
269,4,1538,601,37,17,1,1,1
269,5,1562,580,38,16,1,1,1
269,6,626,688,34,19,1,1,1
269,7,553,604,37,17,1,1,1
269,8,455,625,39,19,1,1,1
269,9,223,586,45,19,1,1,1
269,10,830,605,30,17,1,1,1
269,11,0,591,26,17,1,1,1
270,1,986,589,30,17,1,1,1
270,2,1262,655,34,18,1,1,1
270,3,1407,587,36,16,1,1,1
270,4,1535,602,37,17,1,1,1
270,5,1560,580,38,16,1,1,1
270,6,624,688,35,19,1,1,1
270,7,552,606,36,18,1,1,1
270,8,454,627,38,19,1,1,1
270,9,221,587,45,18,1,1,1
270,10,829,605,29,17,1,1,1
270,11,0,592,23,17,1,1,1
271,1,986,591,30,17,1,1,1
271,2,1260,657,34,18,1,1,1
271,3,1406,590,36,17,1,1,1
271,4,1532,603,37,17,1,1,1
271,5,1559,581,37,16,1,1,1
271,6,622,688,35,19,1,1,1
271,7,550,607,36,18,1,1,1
271,8,453,628,38,18,1,1,1
271,9,219,586,45,18,1,1,1
271,10,827,605,30,17,1,1,1
271,11,0,593,22,17,1,1,1
272,1,988,590,30,16,1,1,1
272,2,1259,657,35,18,1,1,1
272,3,1404,592,37,17,1,1,1
272,4,1531,602,37,17,1,1,1
272,5,1559,580,37,16,1,1,1
272,6,621,686,35,19,1,1,1
272,7,551,604,36,18,1,1,1
272,8,453,624,38,19,1,1,1
272,9,219,581,45,18,1,1,1
272,10,827,604,30,17,1,1,1
272,11,0,592,22,17,1,1,1
273,1,990,588,29,17,1,1,1
273,2,1259,655,35,18,1,1,1
273,3,1405,592,36,17,1,1,1
273,4,1530,601,37,16,1,1,1
273,5,1560,579,38,16,1,1,1
273,6,621,684,35,19,1,1,1
273,7,551,601,36,18,1,1,1
273,8,454,621,38,18,1,1,1
273,9,220,576,45,18,1,1,1
273,10,828,601,30,17,1,1,1
273,11,0,590,23,17,1,1,1
274,1,994,589,29,17,1,1,1
274,2,1259,654,35,17,1,1,1
274,3,1406,592,37,17,1,1,1
274,4,1530,600,37,17,1,1,1
274,5,1563,581,38,16,1,1,1
274,6,622,684,35,18,1,1,1
274,7,553,598,36,18,1,1,1
274,8,456,618,38,18,1,1,1
274,9,223,571,44,18,1,1,1
274,10,830,598,29,17,1,1,1
274,11,0,584,27,17,1,1,1
275,1,995,590,29,16,1,1,1
275,2,1259,654,35,18,1,1,1
275,3,1406,593,37,16,1,1,1
275,4,1530,601,38,17,1,1,1
275,5,1563,582,38,16,1,1,1
275,6,623,684,34,18,1,1,1
275,7,554,598,35,18,1,1,1
275,8,457,618,37,18,1,1,1
275,9,223,571,44,17,1,1,1
275,10,830,598,30,16,1,1,1
275,11,0,583,28,17,1,1,1
276,1,998,591,30,16,1,1,1
276,2,1260,657,35,18,1,1,1
276,3,1408,595,37,17,1,1,1
276,4,1531,604,37,17,1,1,1
276,5,1567,584,37,16,1,1,1
276,6,624,684,34,18,1,1,1
276,7,556,600,35,18,1,1,1
276,8,459,620,37,19,1,1,1
276,9,226,569,44,18,1,1,1
276,10,832,597,30,17,1,1,1
276,11,0,581,30,17,1,1,1
277,1,1003,592,29,16,1,1,1
277,2,1262,660,35,18,1,1,1
277,3,1411,599,37,16,1,1,1
277,4,1532,607,38,15,1,1,1
277,5,1570,586,38,16,1,1,1
277,6,626,682,34,19,1,1,1
277,7,558,603,35,18,1,1,1
277,8,461,622,38,18,1,1,1
277,9,229,566,44,18,1,1,1
277,10,834,598,30,17,1,1,1
277,11,0,580,36,17,1,1,1
278,1,1007,593,29,16,1,1,1
278,2,1264,661,35,17,1,1,1
278,3,1414,602,36,16,1,1,1
278,4,1534,607,38,17,1,1,1
278,5,1573,588,39,16,1,1,1
278,6,627,681,35,19,1,1,1
278,7,560,603,35,17,1,1,1
278,8,464,621,37,18,1,1,1
278,9,232,563,44,18,1,1,1
278,10,837,598,30,17,1,1,1
278,11,0,579,40,17,1,1,1
279,1,1013,593,29,17,1,1,1
279,2,1267,659,35,17,1,1,1
279,3,1417,603,37,17,1,1,1
279,4,1537,606,38,17,1,1,1
279,5,1580,588,37,16,1,1,1
279,6,631,679,34,19,1,1,1
279,7,564,599,34,18,1,1,1
279,8,468,616,36,18,1,1,1
279,9,237,559,44,17,1,1,1
279,10,840,594,30,17,1,1,1
279,11,0,577,48,17,1,1,1
280,1,1019,592,29,17,1,1,1
280,2,1271,657,35,18,1,1,1
280,3,1422,603,37,17,1,1,1
280,4,1540,606,38,17,1,1,1
280,5,1585,587,39,17,1,1,1
280,6,635,679,33,18,1,1,1
280,7,567,595,35,16,1,1,1
280,8,472,612,38,18,1,1,1
280,9,243,554,43,17,1,1,1
280,10,845,591,30,17,1,1,1
280,11,9,574,48,17,1,1,1
281,1,1023,592,30,17,1,1,1
281,2,1273,658,35,18,1,1,1
281,3,1425,604,37,16,1,1,1
281,4,1543,607,38,17,1,1,1
281,5,1589,588,39,17,1,1,1
281,6,637,679,35,19,1,1,1
281,7,570,594,34,18,1,1,1
281,8,475,612,38,18,1,1,1
281,9,247,552,43,17,1,1,1
281,10,848,590,30,17,1,1,1
281,11,14,572,48,17,1,1,1
282,1,1029,594,29,17,1,1,1
282,2,1277,662,35,17,1,1,1
282,3,1429,607,38,16,1,1,1
282,4,1546,610,39,16,1,1,1
282,5,1596,592,39,16,1,1,1
282,6,641,680,35,18,1,1,1
282,7,573,596,34,18,1,1,1
282,8,480,614,37,18,1,1,1
282,9,253,551,43,16,1,1,1
282,10,852,592,30,17,1,1,1
282,11,23,571,47,17,1,1,1
283,1,1033,596,30,16,1,1,1
283,2,1279,664,35,17,1,1,1
283,3,1433,609,37,17,1,1,1
283,4,1549,611,38,16,1,1,1
283,5,1600,594,28,16,1,1,1
283,6,644,679,34,18,1,1,1
283,7,577,598,33,17,1,1,1
283,8,483,616,37,17,1,1,1
283,9,257,550,43,16,1,1,1
283,10,855,592,30,17,1,1,1
283,11,28,570,48,17,1,1,1
284,1,1040,598,31,17,1,1,1
284,2,1285,663,35,18,1,1,1
284,3,1439,613,38,17,1,1,1
284,4,1555,611,38,16,1,1,1
284,5,1609,594,39,17,1,1,1
284,6,649,677,35,18,1,1,1
284,7,580,599,34,17,1,1,1
284,8,489,615,36,17,1,1,1
284,9,264,547,43,17,1,1,1
284,10,861,590,29,17,1,1,1
284,11,53,570,33,16,1,1,1
285,1,1042,598,31,17,1,1,1
285,2,1287,662,34,18,1,1,1
285,3,1440,614,38,16,1,1,1
285,4,1555,610,39,17,1,1,1
285,5,1611,594,39,16,1,1,1
285,6,651,677,33,18,1,1,1
285,7,581,598,34,18,1,1,1
285,8,490,613,37,17,1,1,1
285,9,266,545,43,17,1,1,1
285,10,862,589,30,16,1,1,1
285,11,42,569,47,17,1,1,1
286,1,1048,597,31,17,1,1,1
286,2,1290,659,35,18,1,1,1
286,3,1445,612,38,17,1,1,1
286,4,1558,608,39,17,1,1,1
286,5,1617,592,39,16,1,1,1
286,6,655,675,34,18,1,1,1
286,7,584,594,34,18,1,1,1
286,8,494,609,38,17,1,1,1
286,9,272,540,42,17,1,1,1
286,10,866,585,30,17,1,1,1
286,11,50,567,47,17,1,1,1
287,1,1054,595,30,17,1,1,1
287,2,1293,659,36,18,1,1,1
287,3,1449,611,38,17,1,1,1
287,4,1561,606,39,17,1,1,1
287,5,1622,591,40,17,1,1,1
287,6,658,676,34,18,1,1,1
287,7,587,592,34,17,1,1,1
287,8,499,608,36,18,1,1,1
287,9,277,538,41,17,1,1,1
287,10,870,585,29,16,1,1,1
287,11,57,566,46,17,1,1,1
288,1,1057,596,30,17,1,1,1
288,2,1296,661,34,18,1,1,1
288,3,1451,611,39,17,1,1,1
288,4,1563,607,39,16,1,1,1
288,5,1625,592,40,16,1,1,1
288,6,660,677,34,18,1,1,1
288,7,588,593,34,17,1,1,1
288,8,501,610,37,18,1,1,1
288,9,279,539,41,17,1,1,1
288,10,872,585,30,17,1,1,1
288,11,62,566,45,17,1,1,1
289,1,1060,600,31,17,1,1,1
289,2,1298,663,36,18,1,1,1
289,3,1455,615,38,17,1,1,1
289,4,1564,608,40,17,1,1,1
289,5,1630,593,40,16,1,1,1
289,6,663,677,34,18,1,1,1
289,7,590,597,33,17,1,1,1
289,8,503,615,38,17,1,1,1
289,9,283,539,42,17,1,1,1
289,10,875,586,29,16,1,1,1
289,11,67,568,46,17,1,1,1
290,1,1063,603,32,17,1,1,1
290,2,1301,662,35,17,1,1,1
290,3,1457,619,38,16,1,1,1
290,4,1566,608,39,17,1,1,1
290,5,1634,594,39,16,1,1,1
290,6,665,677,34,18,1,1,1
290,7,589,600,34,17,1,1,1
290,8,505,616,38,17,1,1,1
290,9,286,538,42,17,1,1,1
290,10,877,585,30,16,1,1,1
290,11,71,571,46,17,1,1,1
291,1,1064,603,32,17,1,1,1
291,2,1301,661,35,17,1,1,1
291,3,1457,619,38,17,1,1,1
291,4,1565,607,39,17,1,1,1
291,5,1634,593,40,16,1,1,1
291,6,665,677,34,18,1,1,1
291,7,589,600,34,17,1,1,1
291,8,506,615,37,18,1,1,1
291,9,286,537,42,17,1,1,1
291,10,877,584,30,17,1,1,1
291,11,72,572,45,16,1,1,1
292,1,1066,600,31,17,1,1,1
292,2,1301,658,36,18,1,1,1
292,3,1457,616,39,17,1,1,1
292,4,1563,603,40,16,1,1,1
292,5,1635,589,40,16,1,1,1
292,6,666,676,33,18,1,1,1
292,7,587,597,35,17,1,1,1
292,8,506,612,38,17,1,1,1
292,9,287,535,41,17,1,1,1
292,10,878,582,29,16,1,1,1
292,11,73,572,45,17,1,1,1
293,1,1066,598,32,17,1,1,1
293,2,1302,657,35,18,1,1,1
293,3,1457,613,38,17,1,1,1
293,4,1562,599,39,17,1,1,1
293,5,1634,585,41,16,1,1,1
293,6,665,677,34,18,1,1,1
293,7,586,595,34,17,1,1,1
293,8,506,612,38,17,1,1,1
293,9,286,534,42,17,1,1,1
293,10,878,579,30,17,1,1,1
293,11,73,572,44,17,1,1,1
294,1,1066,599,32,17,1,1,1
294,2,1301,657,35,18,1,1,1
294,3,1456,612,39,17,1,1,1
294,4,1560,598,40,17,1,1,1
294,5,1635,585,39,16,1,1,1
294,6,665,679,34,18,1,1,1
294,7,585,596,33,18,1,1,1
294,8,506,614,37,17,1,1,1
294,9,285,534,43,17,1,1,1
294,10,878,579,29,16,1,1,1
294,11,73,573,45,17,1,1,1
295,1,1066,602,32,17,1,1,1
295,2,1300,657,36,17,1,1,1
295,3,1455,614,38,17,1,1,1
295,4,1557,598,39,17,1,1,1
295,5,1632,585,41,16,1,1,1
295,6,664,680,33,18,1,1,1
295,7,582,600,34,18,1,1,1
295,8,505,618,37,18,1,1,1
295,9,284,535,42,17,1,1,1
295,10,877,580,30,16,1,1,1
295,11,84,577,33,16,1,1,1
296,1,1066,604,31,17,1,1,1
296,2,1299,655,35,18,1,1,1
296,3,1453,616,38,16,1,1,1
296,4,1554,597,39,16,1,1,1
296,5,1630,584,41,16,1,1,1
296,6,662,680,33,18,1,1,1
296,7,578,604,36,17,1,1,1
296,8,503,621,38,17,1,1,1
296,9,282,537,41,16,1,1,1
296,10,875,580,30,17,1,1,1
296,11,69,580,44,17,1,1,1
297,1,1065,604,31,17,1,1,1
297,2,1298,654,35,17,1,1,1
297,3,1451,616,38,17,1,1,1
297,4,1551,594,40,17,1,1,1
297,5,1628,582,41,16,1,1,1
297,6,661,680,34,18,1,1,1
297,7,576,605,35,17,1,1,1
297,8,502,620,37,18,1,1,1
297,9,280,536,41,17,1,1,1
297,10,874,579,30,17,1,1,1
297,11,67,582,44,17,1,1,1
298,1,1063,601,31,17,1,1,1
298,2,1295,651,35,18,1,1,1
298,3,1448,614,38,16,1,1,1
298,4,1546,590,40,16,1,1,1
298,5,1626,578,39,16,1,1,1
298,6,658,679,34,18,1,1,1
298,7,572,602,34,18,1,1,1
298,8,500,618,37,17,1,1,1
298,9,277,534,41,17,1,1,1
298,10,872,576,30,16,1,1,1
298,11,63,583,45,17,1,1,1
299,1,1062,600,31,16,1,1,1
299,2,1293,651,36,17,1,1,1
299,3,1445,611,39,17,1,1,1
299,4,1543,588,40,16,1,1,1
299,5,1623,576,40,16,1,1,1
299,6,656,680,34,18,1,1,1
299,7,569,601,36,17,1,1,1
299,8,498,617,37,18,1,1,1
299,9,274,533,42,16,1,1,1
299,10,870,575,30,16,1,1,1
299,11,60,583,44,17,1,1,1
300,1,1060,601,31,16,1,1,1
300,2,1291,650,35,17,1,1,1
300,3,1442,610,38,16,1,1,1
300,4,1538,586,39,17,1,1,1
300,5,1618,574,40,16,1,1,1
300,6,653,683,35,18,1,1,1
300,7,565,602,36,17,1,1,1
300,8,495,620,38,17,1,1,1
300,9,270,534,43,16,1,1,1
300,10,868,575,30,16,1,1,1
300,11,55,585,46,17,1,1,1
301,1,1057,604,31,17,1,1,1
301,2,1287,650,36,17,1,1,1
301,3,1438,610,37,17,1,1,1
301,4,1532,585,40,17,1,1,1
301,5,1614,573,40,16,1,1,1
301,6,650,685,34,18,1,1,1
301,7,560,606,36,18,1,1,1
301,8,492,625,38,17,1,1,1
301,9,266,536,43,17,1,1,1
301,10,865,576,29,16,1,1,1
301,11,49,589,46,17,1,1,1
302,1,1055,606,31,16,1,1,1
302,2,1286,649,34,17,1,1,1
302,3,1435,611,37,17,1,1,1
302,4,1529,584,39,17,1,1,1
302,5,1611,572,40,17,1,1,1
302,6,648,685,34,18,1,1,1
302,7,557,609,36,17,1,1,1
302,8,490,627,38,18,1,1,1
302,9,263,537,43,17,1,1,1
302,10,863,576,29,16,1,1,1
302,11,46,592,46,17,1,1,1
303,1,1053,605,31,17,1,1,1
303,2,1282,647,35,18,1,1,1
303,3,1431,612,37,17,1,1,1
303,4,1523,582,39,16,1,1,1
303,5,1606,571,40,16,1,1,1
303,6,644,685,35,18,1,1,1
303,7,553,611,34,18,1,1,1
303,8,487,628,38,18,1,1,1
303,9,259,537,43,16,1,1,1
303,10,860,575,29,16,1,1,1
303,11,40,596,46,17,1,1,1
304,1,1051,603,31,17,1,1,1
304,2,1280,646,35,17,1,1,1
304,3,1428,612,37,16,1,1,1
304,4,1519,579,39,16,1,1,1
304,5,1604,569,38,16,1,1,1
304,6,642,684,34,18,1,1,1
304,7,549,611,35,17,1,1,1
304,8,484,627,38,17,1,1,1
304,9,255,535,43,16,1,1,1
304,10,857,574,30,16,1,1,1
304,11,36,597,46,17,1,1,1
305,1,1048,602,31,17,1,1,1
305,2,1276,644,35,18,1,1,1
305,3,1423,609,38,17,1,1,1
305,4,1513,576,39,16,1,1,1
305,5,1598,565,28,16,1,1,1
305,6,638,684,34,18,1,1,1
305,7,544,608,36,17,1,1,1
305,8,481,625,37,17,1,1,1
305,9,250,533,43,17,1,1,1
305,10,854,571,30,16,1,1,1
305,11,29,596,47,18,1,1,1
306,1,1045,604,31,16,1,1,1
306,2,1272,644,35,17,1,1,1
306,3,1418,607,37,17,1,1,1
306,4,1507,574,39,16,1,1,1
306,5,1593,563,39,16,1,1,1
306,6,634,687,34,18,1,1,1
306,7,539,609,36,17,1,1,1
306,8,477,627,38,17,1,1,1
306,9,245,534,44,16,1,1,1
306,10,850,570,30,16,1,1,1
306,11,23,597,47,17,1,1,1
307,1,1043,607,30,17,1,1,1
307,2,1268,643,35,18,1,1,1
307,3,1414,608,38,17,1,1,1
307,4,1502,573,38,17,1,1,1
307,5,1588,564,39,16,1,1,1
307,6,630,690,35,18,1,1,1
307,7,535,612,36,17,1,1,1
307,8,474,631,38,18,1,1,1
307,9,241,535,43,16,1,1,1
307,10,847,571,30,16,1,1,1
307,11,17,601,47,17,1,1,1
308,1,1041,608,31,16,1,1,1
308,2,1267,643,34,17,1,1,1
308,3,1411,609,37,17,1,1,1
308,4,1499,573,37,17,1,1,1
308,5,1585,564,28,16,1,1,1
308,6,627,690,34,18,1,1,1
308,7,531,615,36,17,1,1,1
308,8,472,634,38,17,1,1,1
308,9,238,535,43,17,1,1,1
308,10,845,572,30,16,1,1,1
308,11,13,604,47,17,1,1,1
309,1,1040,606,30,17,1,1,1
309,2,1263,642,35,17,1,1,1
309,3,1408,611,37,16,1,1,1
309,4,1493,572,38,16,1,1,1
309,5,1581,562,28,16,1,1,1
309,6,624,688,35,19,1,1,1
309,7,528,617,35,17,1,1,1
309,8,469,634,38,18,1,1,1
309,9,234,534,43,17,1,1,1
309,10,842,571,30,16,1,1,1
309,11,8,607,46,17,1,1,1
310,1,1038,604,30,17,1,1,1
310,2,1261,640,34,17,1,1,1
310,3,1404,609,37,17,1,1,1
310,4,1488,568,38,16,1,1,1
310,5,1578,558,38,16,1,1,1
310,6,621,686,34,18,1,1,1
310,7,524,614,37,18,1,1,1
310,8,466,631,39,17,1,1,1
310,9,230,532,44,16,1,1,1
310,10,840,567,30,16,1,1,1
310,11,3,606,48,17,1,1,1
311,1,1037,604,30,17,1,1,1
311,2,1258,638,35,17,1,1,1
311,3,1402,608,37,17,1,1,1
311,4,1486,565,37,17,1,1,1
311,5,1576,557,38,15,1,1,1
311,6,619,685,35,19,1,1,1
311,7,522,612,36,18,1,1,1
311,8,465,629,37,18,1,1,1
311,9,228,529,44,17,1,1,1
311,10,839,565,30,16,1,1,1
311,11,0,604,48,18,1,1,1
312,1,1036,606,30,17,1,1,1
312,2,1257,637,34,17,1,1,1
312,3,1399,607,37,17,1,1,1
312,4,1482,564,37,17,1,1,1
312,5,1573,556,38,16,1,1,1
312,6,617,688,35,18,1,1,1
312,7,518,612,37,17,1,1,1
312,8,462,630,39,17,1,1,1
312,9,225,527,44,17,1,1,1
312,10,836,565,30,16,1,1,1
312,11,0,605,44,17,1,1,1
313,1,1035,608,30,17,1,1,1
313,2,1254,637,35,17,1,1,1
313,3,1397,608,37,17,1,1,1
313,4,1478,566,38,16,1,1,1
313,5,1571,557,38,16,1,1,1
313,6,615,690,35,19,1,1,1
313,7,516,614,37,17,1,1,1
313,8,461,632,38,18,1,1,1
313,9,223,528,44,17,1,1,1
313,10,835,566,30,16,1,1,1
313,11,0,607,42,17,1,1,1
314,1,1035,609,30,17,1,1,1
314,2,1253,639,34,17,1,1,1
314,3,1395,610,37,17,1,1,1
314,4,1474,566,38,16,1,1,1
314,5,1569,557,38,16,1,1,1
314,6,613,692,35,19,1,1,1
314,7,514,617,36,18,1,1,1
314,8,459,637,39,18,1,1,1
314,9,221,530,44,16,1,1,1
314,10,834,566,30,16,1,1,1
314,11,0,611,39,17,1,1,1
315,1,1035,609,30,17,1,1,1
315,2,1251,640,34,17,1,1,1
315,3,1393,613,37,17,1,1,1
315,4,1471,565,38,16,1,1,1
315,5,1567,558,39,16,1,1,1
315,6,611,691,35,19,1,1,1
315,7,512,620,35,17,1,1,1
315,8,458,638,39,18,1,1,1
315,9,219,529,44,16,1,1,1
315,10,833,565,30,16,1,1,1
315,11,0,612,37,17,1,1,1
316,1,1035,609,30,17,1,1,1
316,2,1251,639,34,17,1,1,1
316,3,1392,613,37,17,1,1,1
316,4,1469,563,38,16,1,1,1
316,5,1566,557,39,16,1,1,1
316,6,610,689,35,19,1,1,1
316,7,510,619,36,17,1,1,1
316,8,458,635,38,18,1,1,1
316,9,218,526,44,17,1,1,1
316,10,832,564,30,16,1,1,1
316,11,0,610,36,17,1,1,1
317,1,1036,609,30,17,1,1,1
317,2,1249,635,35,18,1,1,1
317,3,1391,612,37,17,1,1,1
317,4,1467,560,38,16,1,1,1
317,5,1566,554,38,16,1,1,1
317,6,609,687,35,18,1,1,1
317,7,509,615,37,18,1,1,1
317,8,457,632,38,18,1,1,1
317,9,217,522,45,17,1,1,1
317,10,832,561,30,17,1,1,1
317,11,0,607,35,18,1,1,1
318,1,1037,609,29,17,1,1,1
318,2,1248,633,35,17,1,1,1
318,3,1390,610,37,17,1,1,1
318,4,1465,559,38,16,1,1,1
318,5,1565,552,39,16,1,1,1
318,6,609,687,35,19,1,1,1
318,7,508,613,36,18,1,1,1
318,8,457,631,38,18,1,1,1
318,9,217,520,43,17,1,1,1
318,10,831,559,31,16,1,1,1
318,11,0,607,35,18,1,1,1
319,1,1038,610,30,17,1,1,1
319,2,1247,635,35,17,1,1,1
319,3,1389,611,37,17,1,1,1
319,4,1463,560,38,16,1,1,1
319,5,1565,554,39,16,1,1,1
319,6,608,691,35,18,1,1,1
319,7,507,615,36,18,1,1,1
319,8,457,634,38,18,1,1,1
319,9,217,520,44,17,1,1,1
319,10,831,559,30,16,1,1,1
319,11,0,610,35,17,1,1,1
320,1,1038,610,30,17,1,1,1
320,2,1248,636,34,17,1,1,1
320,3,1389,612,37,17,1,1,1
320,4,1462,560,38,16,1,1,1
320,5,1565,555,39,15,1,1,1
320,6,608,692,35,18,1,1,1
320,7,506,616,37,18,1,1,1
320,8,457,635,38,18,1,1,1
320,9,217,520,44,17,1,1,1
320,10,831,559,31,16,1,1,1
320,11,0,611,35,17,1,1,1
321,1,1040,612,29,17,1,1,1
321,2,1247,637,35,17,1,1,1
321,3,1389,615,37,17,1,1,1
321,4,1461,560,37,16,1,1,1
321,5,1565,555,39,16,1,1,1
321,6,607,692,35,19,1,1,1
321,7,506,619,36,18,1,1,1
321,8,457,638,38,17,1,1,1
321,9,217,519,44,16,1,1,1
321,10,831,560,31,16,1,1,1
321,11,0,611,35,18,1,1,1
322,1,1040,613,30,16,1,1,1
322,2,1247,636,35,17,1,1,1
322,3,1388,616,37,17,1,1,1
322,4,1461,559,36,16,1,1,1
322,5,1566,554,38,16,1,1,1
322,6,607,690,35,19,1,1,1
322,7,505,620,37,17,1,1,1
322,8,457,637,38,18,1,1,1
322,9,217,517,44,17,1,1,1
322,10,832,559,30,16,1,1,1
322,11,0,610,36,17,1,1,1
323,1,1043,612,30,16,1,1,1
323,2,1247,632,35,16,1,1,1
323,3,1388,615,38,17,1,1,1
323,4,1458,555,37,16,1,1,1
323,5,1567,551,39,16,1,1,1
323,6,607,686,36,18,1,1,1
323,7,504,614,37,18,1,1,1
323,8,458,631,38,18,1,1,1
323,9,218,512,43,17,1,1,1
323,10,833,553,30,16,1,1,1
323,11,0,607,38,18,1,1,1
324,1,1044,611,30,17,1,1,1
324,2,1247,631,35,17,1,1,1
324,3,1388,615,38,17,1,1,1
324,4,1457,554,38,16,1,1,1
324,5,1567,551,39,16,1,1,1
324,6,608,686,35,18,1,1,1
324,7,504,614,36,17,1,1,1
324,8,458,631,38,18,1,1,1
324,9,219,511,43,17,1,1,1
324,10,833,553,30,16,1,1,1
324,11,0,608,37,17,1,1,1
325,1,1045,612,30,17,1,1,1
325,2,1248,634,34,17,1,1,1
325,3,1389,615,37,17,1,1,1
325,4,1457,554,37,17,1,1,1
325,5,1568,552,38,16,1,1,1
325,6,608,689,35,18,1,1,1
325,7,504,615,36,18,1,1,1
325,8,459,634,37,17,1,1,1
325,9,219,511,44,16,1,1,1
325,10,833,554,31,16,1,1,1
325,11,0,610,39,18,1,1,1
326,1,1047,615,31,16,1,1,1
326,2,1247,635,35,17,1,1,1
326,3,1389,617,37,17,1,1,1
326,4,1456,555,37,17,1,1,1
326,5,1570,553,38,15,1,1,1
326,6,608,692,34,18,1,1,1
326,7,503,618,37,18,1,1,1
326,8,459,637,39,18,1,1,1
326,9,220,510,44,17,1,1,1
326,10,834,554,30,17,1,1,1
326,11,0,612,40,17,1,1,1
327,1,1048,616,31,17,1,1,1
327,2,1248,635,34,17,1,1,1
327,3,1390,619,36,17,1,1,1
327,4,1454,555,38,16,1,1,1
327,5,1569,552,39,16,1,1,1
327,6,608,693,35,18,1,1,1
327,7,503,620,36,17,1,1,1
327,8,460,638,38,18,1,1,1
327,9,221,511,43,16,1,1,1
327,10,835,554,30,16,1,1,1
327,11,0,611,41,17,1,1,1
328,1,1051,617,29,17,1,1,1
328,2,1248,633,34,16,1,1,1
328,3,1389,620,37,17,1,1,1
328,4,1453,553,38,16,1,1,1
328,5,1570,551,39,16,1,1,1
328,6,608,690,35,19,1,1,1
328,7,502,620,36,17,1,1,1
328,8,460,637,39,17,1,1,1
328,9,222,508,43,17,1,1,1
328,10,835,551,30,16,1,1,1
328,11,0,610,42,17,1,1,1
329,1,1051,616,31,16,1,1,1
329,2,1248,631,34,16,1,1,1
329,3,1389,620,37,17,1,1,1
329,4,1452,552,38,15,1,1,1
329,5,1571,550,38,16,1,1,1
329,6,608,687,35,19,1,1,1
329,7,502,618,36,18,1,1,1
329,8,461,634,38,17,1,1,1
329,9,222,505,44,17,1,1,1
329,10,835,550,30,16,1,1,1
329,11,0,609,43,17,1,1,1
330,1,1053,614,30,17,1,1,1
330,2,1249,630,34,17,1,1,1
330,3,1390,619,36,17,1,1,1
330,4,1452,549,26,16,1,1,1
330,5,1571,548,39,16,1,1,1
330,6,608,686,36,18,1,1,1
330,7,501,616,37,17,1,1,1
330,8,461,632,38,18,1,1,1
330,9,222,503,44,16,1,1,1
330,10,836,548,29,16,1,1,1
330,11,0,610,43,17,1,1,1
331,1,1054,615,31,17,1,1,1
331,2,1248,632,35,17,1,1,1
331,3,1390,619,36,17,1,1,1
331,4,1449,549,38,16,1,1,1
331,5,1572,548,38,16,1,1,1
331,6,608,688,35,18,1,1,1
331,7,501,617,35,17,1,1,1
331,8,461,635,39,17,1,1,1
331,9,223,503,43,17,1,1,1
331,10,836,548,30,16,1,1,1
331,11,0,613,44,17,1,1,1
332,1,1054,617,31,17,1,1,1
332,2,1249,632,33,17,1,1,1
332,3,1389,619,37,17,1,1,1
332,4,1448,549,38,16,1,1,1
332,5,1572,548,39,16,1,1,1
332,6,608,690,35,18,1,1,1
332,7,500,618,36,18,1,1,1
332,8,462,637,38,18,1,1,1
332,9,235,504,31,17,1,1,1
332,10,836,548,31,16,1,1,1
332,11,0,613,45,18,1,1,1
333,1,1056,620,30,17,1,1,1
333,2,1248,631,34,17,1,1,1
333,3,1388,621,38,17,1,1,1
333,4,1446,549,38,16,1,1,1
333,5,1572,549,39,16,1,1,1
333,6,608,693,35,18,1,1,1
333,7,498,621,37,18,1,1,1
333,8,462,640,38,18,1,1,1
333,9,223,504,43,17,1,1,1
333,10,837,548,30,16,1,1,1
333,11,0,614,46,17,1,1,1
334,1,1056,620,31,16,1,1,1
334,2,1247,629,35,17,1,1,1
334,3,1389,622,36,17,1,1,1
334,4,1444,547,38,16,1,1,1
334,5,1572,547,39,16,1,1,1
334,6,608,692,35,18,1,1,1
334,7,497,622,37,17,1,1,1
334,8,461,639,39,18,1,1,1
334,9,223,501,43,17,1,1,1
334,10,837,547,30,16,1,1,1
334,11,0,614,46,17,1,1,1
335,1,1057,617,31,17,1,1,1
335,2,1247,628,34,17,1,1,1
335,3,1387,622,37,17,1,1,1
335,4,1443,544,38,16,1,1,1
335,5,1572,545,39,15,1,1,1
335,6,607,690,35,18,1,1,1
335,7,496,621,37,17,1,1,1
335,8,461,637,39,18,1,1,1
335,9,222,498,44,17,1,1,1
335,10,836,545,31,16,1,1,1
335,11,0,613,45,18,1,1,1
336,1,1058,616,30,17,1,1,1
336,2,1246,627,35,17,1,1,1
336,3,1386,621,37,17,1,1,1
336,4,1440,542,38,16,1,1,1
336,5,1572,543,38,15,1,1,1
336,6,607,687,35,19,1,1,1
336,7,494,619,37,17,1,1,1
336,8,461,635,38,18,1,1,1
336,9,222,497,43,17,1,1,1
336,10,836,542,30,16,1,1,1
336,11,0,615,44,17,1,1,1
337,1,1058,619,30,17,1,1,1
337,2,1245,628,35,17,1,1,1
337,3,1386,621,36,17,1,1,1
337,4,1439,542,37,15,1,1,1
337,5,1570,544,39,16,1,1,1
337,6,606,689,35,18,1,1,1
337,7,492,620,37,18,1,1,1
337,8,461,638,37,17,1,1,1
337,9,221,498,43,17,1,1,1
337,10,836,543,30,16,1,1,1
337,11,0,617,44,18,1,1,1
338,1,1058,621,31,17,1,1,1
338,2,1245,628,34,16,1,1,1
338,3,1384,621,38,17,1,1,1
338,4,1437,542,37,15,1,1,1
338,5,1570,544,39,16,1,1,1
338,6,605,691,34,18,1,1,1
338,7,491,622,37,17,1,1,1
338,8,460,640,38,17,1,1,1
338,9,220,498,44,17,1,1,1
338,10,835,544,30,16,1,1,1
338,11,0,618,44,18,1,1,1
339,1,1058,623,31,17,1,1,1
339,2,1244,627,35,17,1,1,1
339,3,1383,622,38,17,1,1,1
339,4,1434,542,38,16,1,1,1
339,5,1570,544,38,15,1,1,1
339,6,604,693,35,19,1,1,1
339,7,489,624,37,17,1,1,1
339,8,459,642,39,18,1,1,1
339,9,219,498,44,17,1,1,1
339,10,835,544,30,16,1,1,1
339,11,0,620,43,17,1,1,1
340,1,1058,622,31,17,1,1,1
340,2,1243,626,34,17,1,1,1
340,3,1382,622,37,17,1,1,1
340,4,1431,539,38,16,1,1,1
340,5,1568,541,38,16,1,1,1
340,6,603,694,35,18,1,1,1
340,7,487,625,37,18,1,1,1
340,8,458,643,39,18,1,1,1
340,9,218,497,42,16,1,1,1
340,10,834,542,30,16,1,1,1
340,11,0,621,41,17,1,1,1
341,1,1058,618,31,17,1,1,1
341,2,1242,624,34,17,1,1,1
341,3,1381,622,36,17,1,1,1
341,4,1428,535,37,16,1,1,1
341,5,1566,538,39,16,1,1,1
341,6,602,691,35,19,1,1,1
341,7,485,624,37,17,1,1,1
341,8,457,640,39,18,1,1,1
341,9,216,494,44,17,1,1,1
341,10,833,538,30,16,1,1,1
341,11,0,620,39,18,1,1,1
342,1,1058,617,31,17,1,1,1
342,2,1241,623,34,16,1,1,1
342,3,1379,621,37,17,1,1,1
342,4,1426,533,38,16,1,1,1
342,5,1565,537,39,15,1,1,1
342,6,601,689,35,19,1,1,1
342,7,483,622,37,18,1,1,1
342,8,457,638,38,18,1,1,1
342,9,215,492,44,17,1,1,1
342,10,832,537,30,16,1,1,1
342,11,0,619,38,18,1,1,1
343,1,1058,618,31,17,1,1,1
343,2,1239,621,35,17,1,1,1
343,3,1377,621,37,17,1,1,1
343,4,1423,532,37,16,1,1,1
343,5,1564,536,38,15,1,1,1
343,6,599,689,35,18,1,1,1
343,7,481,622,37,17,1,1,1
343,8,456,639,37,17,1,1,1
343,9,213,491,44,17,1,1,1
343,10,831,537,30,16,1,1,1
343,11,0,621,36,17,1,1,1
344,1,1057,621,31,17,1,1,1
344,2,1238,622,35,17,1,1,1
344,3,1376,621,37,17,1,1,1
344,4,1421,533,37,16,1,1,1
344,5,1562,536,39,16,1,1,1
344,6,598,691,35,19,1,1,1
344,7,479,624,37,17,1,1,1
344,8,455,641,38,18,1,1,1
344,9,212,492,44,17,1,1,1
344,10,830,538,30,16,1,1,1
344,11,0,623,35,18,1,1,1
345,1,1057,625,31,16,1,1,1
345,2,1237,622,34,17,1,1,1
345,3,1374,622,37,17,1,1,1
345,4,1418,533,37,16,1,1,1
345,5,1561,536,38,16,1,1,1
345,6,596,695,36,18,1,1,1
345,7,476,626,38,18,1,1,1
345,8,453,645,39,18,1,1,1
345,9,210,494,44,16,1,1,1
345,10,829,538,30,16,1,1,1
345,11,0,627,33,17,1,1,1
346,1,1058,626,30,17,1,1,1
346,2,1236,623,34,17,1,1,1
346,3,1373,623,37,17,1,1,1
346,4,1415,532,38,16,1,1,1
346,5,1559,537,39,15,1,1,1
346,6,595,697,36,18,1,1,1
346,7,474,629,38,17,1,1,1
346,8,452,647,39,18,1,1,1
346,9,209,494,44,17,1,1,1
346,10,828,538,30,16,1,1,1
346,11,0,629,31,18,1,1,1
347,1,1056,625,31,17,1,1,1
347,2,1234,623,35,17,1,1,1
347,3,1371,623,37,17,1,1,1
347,4,1412,530,38,16,1,1,1
347,5,1558,535,38,16,1,1,1
347,6,594,696,35,19,1,1,1
347,7,472,630,37,17,1,1,1
347,8,451,647,39,18,1,1,1
347,9,207,492,44,17,1,1,1
347,10,827,537,30,16,1,1,1
347,11,0,629,29,17,1,1,1
348,1,1056,621,31,17,1,1,1
348,2,1233,619,34,17,1,1,1
348,3,1370,623,36,17,1,1,1
348,4,1409,526,37,16,1,1,1
348,5,1556,531,38,16,1,1,1
348,6,592,693,35,18,1,1,1
348,7,469,628,38,17,1,1,1
348,8,450,644,37,18,1,1,1
348,9,204,489,43,16,1,1,1
348,10,825,536,30,15,1,1,1
348,11,0,627,26,17,1,1,1
349,1,1056,620,30,17,1,1,1
349,2,1232,617,34,17,1,1,1
349,3,1367,622,37,17,1,1,1
349,4,1406,524,38,16,1,1,1
349,5,1554,529,39,16,1,1,1
349,6,591,691,35,19,1,1,1
349,7,467,626,38,18,1,1,1
349,8,449,642,38,18,1,1,1
349,9,203,487,44,17,1,1,1
349,10,825,536,30,16,1,1,1
349,11,0,627,25,18,1,1,1
350,1,1055,623,31,17,1,1,1
350,2,1230,616,34,17,1,1,1
350,3,1365,621,37,17,1,1,1
350,4,1403,523,37,16,1,1,1
350,5,1552,530,39,15,1,1,1
350,6,589,692,35,19,1,1,1
350,7,464,626,38,18,1,1,1
350,8,447,644,38,18,1,1,1
350,9,201,488,44,17,1,1,1
350,10,823,540,31,16,1,1,1
350,11,0,630,22,18,1,1,1
351,1,1055,627,30,17,1,1,1
351,2,1228,619,34,17,1,1,1
351,3,1362,622,37,17,1,1,1
351,4,1398,524,37,16,1,1,1
351,5,1550,534,38,16,1,1,1
351,6,586,698,36,18,1,1,1
351,7,461,630,38,18,1,1,1
351,8,445,649,39,18,1,1,1
351,9,198,488,44,17,1,1,1
351,10,822,547,30,16,1,1,1
351,11,0,634,19,16,1,1,1
352,1,1054,628,31,16,1,1,1
352,2,1227,619,34,17,1,1,1
352,3,1362,623,36,17,1,1,1
352,4,1397,524,37,16,1,1,1
352,5,1549,535,38,16,1,1,1
352,6,586,699,35,18,1,1,1
352,7,460,631,38,18,1,1,1
352,8,445,650,38,18,1,1,1
352,9,210,488,31,17,1,1,1
352,10,821,548,30,16,1,1,1
352,11,0,634,18,16,1,1,1
353,1,1054,626,31,17,1,1,1
353,2,1225,617,35,17,1,1,1
353,3,1360,623,37,17,1,1,1
353,4,1394,522,37,15,1,1,1
353,5,1547,538,39,16,1,1,1
353,6,584,701,36,18,1,1,1
353,7,458,633,37,17,1,1,1
353,8,443,650,39,18,1,1,1
353,9,195,486,45,17,1,1,1
353,10,820,551,30,17,1,1,1
353,11,0,634,16,16,1,1,1
354,1,1055,623,29,17,1,1,1
354,2,1224,613,34,17,1,1,1
354,3,1357,623,37,17,1,1,1
354,4,1390,517,37,16,1,1,1
354,5,1545,541,39,16,1,1,1
354,6,582,701,36,18,1,1,1
354,7,454,631,38,17,1,1,1
354,8,442,646,39,18,1,1,1
354,9,193,483,44,17,1,1,1
354,10,818,554,30,17,1,1,1
354,11,0,637,13,12,1,1,1
355,1,1054,623,30,17,1,1,1
355,2,1222,613,34,17,1,1,1
355,3,1356,624,37,17,1,1,1
355,4,1387,516,37,16,1,1,1
355,5,1545,544,38,16,1,1,1
355,6,581,701,35,18,1,1,1
355,7,452,629,39,18,1,1,1
355,8,441,646,38,18,1,1,1
355,9,192,482,44,17,1,1,1
355,10,817,557,30,17,1,1,1
355,11,0,638,12,12,1,1,1
356,1,1054,626,30,17,1,1,1
356,2,1221,615,35,17,1,1,1
356,3,1355,624,36,17,1,1,1
356,4,1386,516,36,16,1,1,1
356,5,1544,548,38,16,1,1,1
356,6,580,702,36,19,1,1,1
356,7,451,630,38,18,1,1,1
356,8,440,647,39,18,1,1,1
356,9,191,482,44,17,1,1,1
356,10,816,561,31,17,1,1,1
356,11,0,640,11,12,1,1,1
357,1,1054,630,30,17,1,1,1
357,2,1220,619,34,17,1,1,1
357,3,1353,625,37,17,1,1,1
357,4,1382,518,37,16,1,1,1
357,5,1543,554,37,16,1,1,1
357,6,579,705,36,19,1,1,1
357,7,449,632,38,18,1,1,1
357,8,439,651,38,18,1,1,1
357,9,189,482,45,17,1,1,1
357,10,815,567,30,17,1,1,1
357,11,0,641,9,12,1,1,1
358,1,1054,634,31,16,1,1,1
358,2,1220,625,34,17,1,1,1
358,3,1353,629,37,17,1,1,1
358,4,1382,523,37,16,1,1,1
358,5,1543,561,38,16,1,1,1
358,6,578,708,36,19,1,1,1
358,7,448,634,38,18,1,1,1
358,8,439,653,39,18,1,1,1
358,9,190,481,45,17,1,1,1
358,10,816,572,30,17,1,1,1
358,11,0,641,9,12,1,1,1
359,1,1060,638,30,18,1,1,1
359,2,1225,635,34,17,1,1,1
359,3,1358,638,37,17,1,1,1
359,4,1386,533,38,16,1,1,1
359,5,1550,575,39,16,1,1,1
359,6,582,711,35,19,1,1,1
359,7,453,636,38,18,1,1,1
359,8,445,655,38,18,1,1,1
359,9,200,479,44,17,1,1,1
359,10,821,579,29,17,1,1,1
359,11,0,634,18,15,1,1,1
360,1,1068,641,31,18,1,1,1
360,2,1233,643,34,17,1,1,1
360,3,1366,646,37,17,1,1,1
360,4,1395,541,37,16,1,1,1
360,5,1561,585,39,17,1,1,1
360,6,590,712,35,19,1,1,1
360,7,461,635,38,18,1,1,1
360,8,454,655,37,17,1,1,1
360,9,213,477,42,17,1,1,1
360,10,828,584,30,16,1,1,1
360,11,0,629,33,18,1,1,1
361,1,1087,644,30,18,1,1,1
361,2,1251,650,34,18,1,1,1
361,3,1387,654,37,18,1,1,1
361,4,1414,550,38,17,1,1,1
361,5,1586,598,39,16,1,1,1
361,6,608,710,35,19,1,1,1
361,7,481,629,36,18,1,1,1
361,8,475,649,38,18,1,1,1
361,9,242,473,42,17,1,1,1
361,10,845,588,30,16,1,1,1
361,11,32,618,34,18,1,1,1
362,1,1102,645,31,18,1,1,1
362,2,1267,654,35,18,1,1,1
362,3,1404,657,38,18,1,1,1
362,4,1433,555,38,16,1,1,1
362,5,1608,605,41,17,1,1,1
362,6,624,707,36,19,1,1,1
362,7,499,623,37,17,1,1,1
362,8,494,644,37,18,1,1,1
362,9,267,470,41,17,1,1,1
362,10,860,589,30,16,1,1,1
362,11,49,609,45,17,1,1,1
363,1,1134,646,31,17,1,1,1
363,2,1300,658,36,18,1,1,1
363,3,1440,659,39,18,1,1,1
363,4,1470,560,39,17,1,1,1
363,5,1653,614,43,18,1,1,1
363,6,657,699,35,19,1,1,1
363,7,535,612,36,17,1,1,1
363,8,530,635,37,18,1,1,1
363,9,313,464,40,16,1,1,1
363,10,891,588,29,17,1,1,1
363,11,106,593,41,17,1,1,1
364,1,1159,645,32,18,1,1,1
364,2,1326,660,36,18,1,1,1
364,3,1470,659,39,19,1,1,1
364,4,1500,563,40,18,1,1,1
364,5,1690,620,44,18,1,1,1
364,6,683,693,34,19,1,1,1
364,7,563,605,35,18,1,1,1
364,8,558,629,36,17,1,1,1
364,9,348,460,39,17,1,1,1
364,10,914,587,29,17,1,1,1
364,11,148,584,40,17,1,1,1
365,1,1186,643,32,18,1,1,1
365,2,1355,662,36,18,1,1,1
365,3,1502,660,41,19,1,1,1
365,4,1533,565,41,18,1,1,1
365,5,1731,626,45,18,1,1,1
365,6,710,687,34,19,1,1,1
365,7,592,600,33,17,1,1,1
365,8,588,623,34,17,1,1,1
365,9,384,457,38,17,1,1,1
365,10,939,586,30,17,1,1,1
365,11,190,576,40,17,1,1,1
366,1,1212,643,32,18,1,1,1
366,2,1382,663,37,19,1,1,1
366,3,1532,662,42,19,1,1,1
366,4,1564,567,42,18,1,1,1
366,5,1770,630,46,19,1,1,1
366,6,734,683,34,18,1,1,1
366,7,617,596,33,17,1,1,1
366,8,614,619,35,17,1,1,1
366,9,415,455,37,17,1,1,1
366,10,962,586,29,17,1,1,1
366,11,228,571,37,16,1,1,1
366,12,1,525,42,17,1,1,1
367,1,1238,642,33,18,1,1,1
367,2,1410,664,39,19,1,1,1
367,3,1564,664,43,19,1,1,1
367,4,1597,568,43,19,1,1,1
367,5,1811,635,49,18,1,1,1
367,6,760,679,34,18,1,1,1
367,7,643,592,34,18,1,1,1
367,8,641,614,34,15,1,1,1
367,9,446,455,36,16,1,1,1
367,10,986,586,29,17,1,1,1
367,11,265,567,37,16,1,1,1
367,12,48,520,39,17,1,1,1
368,1,1263,641,33,18,1,1,1
368,2,1437,664,39,19,1,1,1
368,3,1594,665,44,19,1,1,1
368,4,1628,569,44,19,1,1,1
368,5,1851,638,50,19,1,1,1
368,6,783,676,33,18,1,1,1
368,7,667,590,32,17,1,1,1
368,8,665,610,34,17,1,1,1
368,9,473,455,36,16,1,1,1
368,10,1007,586,30,17,1,1,1
368,11,297,564,36,16,1,1,1
368,12,88,518,39,16,1,1,1
369,1,1283,640,34,18,1,1,1
369,2,1459,664,39,19,1,1,1
369,3,1620,665,44,20,1,1,1
369,4,1654,568,44,19,1,1,1
369,5,1884,639,36,18,1,1,1
369,6,802,673,33,19,1,1,1
369,7,686,588,33,17,1,1,1
369,8,684,607,34,17,1,1,1
369,9,495,457,35,16,1,1,1
369,10,1025,586,29,17,1,1,1
369,11,323,563,36,17,1,1,1
369,12,120,517,37,16,1,1,1
370,1,1306,637,33,18,1,1,1
370,2,1482,662,40,19,1,1,1
370,3,1646,663,45,21,1,1,1
370,4,1680,567,46,19,1,1,1
370,6,822,671,33,18,1,1,1
370,7,704,586,33,18,1,1,1
370,8,704,605,32,17,1,1,1
370,9,515,460,35,16,1,1,1
370,10,1042,586,30,18,1,1,1
370,11,348,564,35,17,1,1,1
370,12,151,517,37,16,1,1,1
371,1,1315,635,35,18,1,1,1
371,2,1492,660,40,19,1,1,1
371,3,1657,661,46,20,1,1,1
371,4,1692,564,45,19,1,1,1
371,6,831,669,33,18,1,1,1
371,7,712,586,34,17,1,1,1
371,8,712,604,33,17,1,1,1
371,9,524,463,33,15,1,1,1
371,10,1050,587,30,17,1,1,1
371,11,359,566,35,17,1,1,1
371,12,163,519,37,16,1,1,1
372,1,1320,632,35,18,1,1,1
372,2,1497,657,41,19,1,1,1
372,3,1663,657,46,21,1,1,1
372,4,1697,561,46,19,1,1,1
372,6,836,667,33,18,1,1,1
372,7,716,586,33,17,1,1,1
372,8,717,603,33,17,1,1,1
372,9,526,466,34,16,1,1,1
372,10,1053,587,30,17,1,1,1
372,11,364,569,34,16,1,1,1
372,12,169,522,37,16,1,1,1
373,1,1323,629,35,18,1,1,1
373,2,1499,653,40,19,1,1,1
373,3,1665,653,45,20,1,1,1
373,4,1698,557,46,19,1,1,1
373,6,839,666,33,18,1,1,1
373,7,718,586,33,16,1,1,1
373,8,718,602,32,17,1,1,1
373,9,526,470,34,16,1,1,1
373,10,1054,588,30,17,1,1,1
373,11,365,573,35,16,1,1,1
373,12,170,526,37,16,1,1,1
374,1,1322,626,35,17,1,1,1
374,2,1497,649,40,18,1,1,1
374,3,1663,648,45,20,1,1,1
374,4,1696,553,46,19,1,1,1
374,6,839,666,33,18,1,1,1
374,7,717,587,33,17,1,1,1
374,8,717,602,33,17,1,1,1
374,9,522,474,34,15,1,1,1
374,10,1053,588,30,17,1,1,1
374,11,363,577,35,16,1,1,1
374,12,168,530,36,15,1,1,1
375,1,1319,622,36,17,1,1,1
375,2,1493,644,40,18,1,1,1
375,3,1658,642,45,20,1,1,1
375,4,1691,548,45,19,1,1,1
375,6,837,665,32,18,1,1,1
375,7,714,588,34,17,1,1,1
375,8,714,602,33,17,1,1,1
375,9,516,478,35,16,1,1,1
375,10,1050,588,30,17,1,1,1
375,11,359,582,34,16,1,1,1
375,12,162,534,37,16,1,1,1
376,1,1316,618,35,17,1,1,1
376,2,1488,639,40,18,1,1,1
376,3,1653,636,44,20,1,1,1
376,4,1684,543,45,19,1,1,1
376,6,835,665,32,17,1,1,1
376,7,710,589,34,17,1,1,1
376,8,709,602,33,17,1,1,1
376,9,509,482,34,16,1,1,1
376,10,1046,588,29,17,1,1,1
376,11,352,586,35,17,1,1,1
376,12,154,539,37,16,1,1,1
377,1,1310,613,36,18,1,1,1
377,2,1481,634,40,18,1,1,1
377,3,1644,630,45,19,1,1,1
377,4,1675,538,46,18,1,1,1
377,5,1913,607,7,13,1,1,1
377,6,831,664,33,18,1,1,1
377,7,706,589,34,18,1,1,1
377,8,704,603,33,16,1,1,1
377,9,501,487,34,16,1,1,1
377,10,1040,588,29,17,1,1,1
377,11,345,591,34,15,1,1,1
377,12,144,544,38,16,1,1,1
378,1,1301,607,35,17,1,1,1
378,2,1469,625,40,19,1,1,1
378,3,1631,621,44,18,1,1,1
378,4,1661,530,44,18,1,1,1
378,5,1893,593,27,17,1,1,1
378,6,824,663,32,17,1,1,1
378,7,697,591,35,17,1,1,1
378,8,694,602,33,17,1,1,1
378,9,485,494,35,16,1,1,1
378,10,1031,588,30,17,1,1,1
378,11,332,599,35,16,1,1,1
378,12,127,552,39,16,1,1,1
379,1,1294,602,34,17,1,1,1
379,2,1461,620,38,18,1,1,1
379,3,1621,614,43,19,1,1,1
379,4,1649,525,45,17,1,1,1
379,5,1878,585,42,18,1,1,1
379,6,818,662,33,17,1,1,1
379,7,691,592,34,17,1,1,1
379,8,686,603,33,16,1,1,1
379,9,474,499,35,16,1,1,1
379,10,1023,588,31,17,1,1,1
379,11,322,605,35,16,1,1,1
379,12,114,558,39,16,1,1,1
380,1,1285,598,35,17,1,1,1
380,2,1451,615,38,17,1,1,1
380,3,1610,608,43,18,1,1,1
380,4,1638,520,44,17,1,1,1
380,5,1863,578,50,18,1,1,1
380,6,812,661,32,18,1,1,1
380,7,684,593,35,16,1,1,1
380,8,678,603,34,16,1,1,1
380,9,462,504,35,15,1,1,1
380,10,1016,588,30,17,1,1,1
380,11,310,610,37,17,1,1,1
380,12,100,563,39,16,1,1,1
381,1,1276,595,35,17,1,1,1
381,2,1441,610,39,18,1,1,1
381,3,1599,602,43,19,1,1,1
381,4,1626,515,44,17,1,1,1
381,5,1848,572,49,18,1,1,1
381,6,805,661,32,17,1,1,1
381,7,677,594,35,17,1,1,1
381,8,670,603,34,17,1,1,1
381,9,450,508,36,16,1,1,1
381,10,1008,588,31,17,1,1,1
381,11,299,615,37,17,1,1,1
381,12,85,569,41,15,1,1,1
382,1,1268,591,34,17,1,1,1
382,2,1431,606,38,17,1,1,1
382,3,1588,597,42,18,1,1,1
382,4,1615,511,43,17,1,1,1
382,5,1833,567,48,17,1,1,1
382,6,798,660,33,18,1,1,1
382,7,670,595,34,17,1,1,1
382,8,662,604,33,16,1,1,1
382,9,438,512,36,16,1,1,1
382,10,1001,588,30,17,1,1,1
382,11,288,620,37,17,1,1,1
382,12,71,573,40,16,1,1,1
383,1,1252,586,35,16,1,1,1
383,2,1413,599,38,17,1,1,1
383,3,1569,589,41,18,1,1,1
383,4,1594,505,42,17,1,1,1
383,5,1806,558,47,17,1,1,1
383,6,786,660,33,17,1,1,1
383,7,650,595,35,17,1,1,1
383,8,647,604,34,17,1,1,1
383,9,415,519,37,16,1,1,1
383,10,987,589,30,16,1,1,1
383,11,267,628,37,17,1,1,1
383,12,43,581,41,16,1,1,1
384,1,1242,582,34,17,1,1,1
384,2,1401,595,38,17,1,1,1
384,3,1556,585,41,17,1,1,1
384,4,1580,501,42,18,1,1,1
384,5,1788,554,46,17,1,1,1
384,6,777,659,32,18,1,1,1
384,7,636,595,36,18,1,1,1
384,8,636,605,34,16,1,1,1
384,9,400,523,38,16,1,1,1
384,10,977,589,29,16,1,1,1
384,11,253,633,37,17,1,1,1
384,12,24,586,43,16,1,1,1
385,1,1230,579,33,17,1,1,1
385,2,1388,591,37,17,1,1,1
385,3,1542,580,40,17,1,1,1
385,4,1565,498,41,17,1,1,1
385,5,1768,549,46,17,1,1,1
385,6,766,659,34,17,1,1,1
385,7,622,594,36,18,1,1,1
385,8,624,604,34,17,1,1,1
385,9,383,528,37,16,1,1,1
385,10,967,589,29,17,1,1,1
385,11,235,638,39,17,1,1,1
385,12,2,591,44,16,1,1,1
386,1,1219,576,34,17,1,1,1
386,2,1376,588,37,17,1,1,1
386,3,1529,577,40,17,1,1,1
386,4,1551,496,41,17,1,1,1
386,5,1751,546,45,17,1,1,1
386,6,758,658,32,18,1,1,1
386,7,610,593,36,18,1,1,1
386,8,613,604,35,17,1,1,1
386,9,368,531,39,16,1,1,1
386,10,957,590,29,16,1,1,1
386,11,221,643,40,16,1,1,1
386,12,0,595,27,16,1,1,1
387,1,1202,573,33,16,1,1,1
387,2,1357,584,37,17,1,1,1
387,3,1509,572,39,17,1,1,1
387,4,1529,493,41,17,1,1,1
387,5,1724,542,44,16,1,1,1
387,6,742,657,34,17,1,1,1
387,7,590,590,37,19,1,1,1
387,8,595,604,35,17,1,1,1
387,9,343,537,39,16,1,1,1
387,10,942,591,30,17,1,1,1
387,11,196,649,41,17,1,1,1
388,1,1192,571,33,16,1,1,1
388,2,1346,582,36,17,1,1,1
388,3,1497,570,39,17,1,1,1
388,4,1517,492,40,17,1,1,1
388,5,1709,540,42,17,1,1,1
388,6,733,656,34,18,1,1,1
388,7,578,589,38,18,1,1,1
388,8,585,604,34,17,1,1,1
388,9,327,540,40,17,1,1,1
388,10,932,591,30,17,1,1,1
388,11,181,652,41,18,1,1,1
389,1,1183,569,33,16,1,1,1
389,2,1337,580,35,17,1,1,1
389,3,1487,568,39,17,1,1,1
389,4,1505,491,40,17,1,1,1
389,5,1695,539,42,17,1,1,1
389,6,726,655,32,18,1,1,1
389,7,568,588,38,18,1,1,1
389,8,575,603,35,17,1,1,1
389,9,313,543,40,16,1,1,1
389,10,924,592,30,17,1,1,1
389,11,167,655,42,18,1,1,1
390,1,1172,567,33,16,1,1,1
390,2,1324,578,36,17,1,1,1
390,3,1475,566,38,17,1,1,1
390,4,1492,490,39,18,1,1,1
390,5,1677,538,43,17,1,1,1
390,6,715,654,34,18,1,1,1
390,7,556,586,38,18,1,1,1
390,8,563,602,35,17,1,1,1
390,9,296,546,41,17,1,1,1
390,10,914,593,30,17,1,1,1
390,11,150,658,43,18,1,1,1
391,1,1166,566,33,16,1,1,1
391,2,1318,577,35,17,1,1,1
391,3,1468,566,39,17,1,1,1
391,4,1485,491,39,17,1,1,1
391,5,1668,539,42,16,1,1,1
391,6,710,653,33,17,1,1,1
391,7,549,584,39,19,1,1,1
391,8,557,600,36,17,1,1,1
391,9,286,548,41,16,1,1,1
391,10,910,594,28,17,1,1,1
391,11,141,660,42,17,1,1,1
392,1,1160,564,32,16,1,1,1
392,2,1311,577,35,16,1,1,1
392,3,1461,565,39,17,1,1,1
392,4,1477,492,39,17,1,1,1
392,5,1659,540,41,17,1,1,1
392,6,704,650,33,18,1,1,1
392,7,542,582,39,18,1,1,1
392,8,549,598,37,17,1,1,1
392,9,275,550,41,16,1,1,1
392,10,903,595,29,17,1,1,1
392,11,131,660,43,18,1,1,1
393,1,1157,563,32,16,1,1,1
393,2,1308,576,35,17,1,1,1
393,3,1459,565,38,17,1,1,1
393,4,1474,492,39,17,1,1,1
393,5,1655,541,41,17,1,1,1
393,6,701,648,34,18,1,1,1
393,7,540,580,39,18,1,1,1
393,8,547,596,35,17,1,1,1
393,9,269,550,41,17,1,1,1
393,10,900,596,30,17,1,1,1
393,11,127,660,43,18,1,1,1
394,1,1156,562,32,16,1,1,1
394,2,1306,576,35,17,1,1,1
394,3,1459,566,37,17,1,1,1
394,4,1472,494,38,17,1,1,1
394,5,1652,544,41,16,1,1,1
394,6,700,646,34,17,1,1,1
394,7,539,577,39,18,1,1,1
394,8,545,593,35,17,1,1,1
394,9,276,551,31,16,1,1,1
394,10,899,597,30,16,1,1,1
394,11,124,659,43,18,1,1,1
395,1,1156,561,32,16,1,1,1
395,2,1307,576,34,17,1,1,1
395,3,1459,567,38,17,1,1,1
395,4,1472,496,39,17,1,1,1
395,5,1652,547,42,16,1,1,1
395,6,701,643,33,17,1,1,1
395,7,541,574,39,18,1,1,1
395,8,545,590,37,16,1,1,1
395,9,264,551,42,16,1,1,1
395,10,899,597,30,17,1,1,1
395,11,125,657,43,18,1,1,1
396,1,1157,561,32,16,1,1,1
396,2,1307,577,35,16,1,1,1
396,3,1461,568,38,17,1,1,1
396,4,1474,497,38,17,1,1,1
396,5,1654,549,42,16,1,1,1
396,6,702,641,34,17,1,1,1
396,7,543,572,39,18,1,1,1
396,8,547,587,35,16,1,1,1
396,9,264,550,41,17,1,1,1
396,10,901,598,29,17,1,1,1
396,11,127,655,42,18,1,1,1
397,1,1160,560,32,16,1,1,1
397,2,1310,577,35,17,1,1,1
397,3,1465,569,39,17,1,1,1
397,4,1477,499,39,17,1,1,1
397,5,1658,552,42,16,1,1,1
397,6,705,638,34,18,1,1,1
397,7,547,569,40,18,1,1,1
397,8,550,583,36,17,1,1,1
397,9,267,550,42,16,1,1,1
397,10,903,598,30,17,1,1,1
397,11,132,653,43,17,1,1,1
398,1,1163,560,32,16,1,1,1
398,2,1314,577,34,17,1,1,1
398,3,1469,570,39,17,1,1,1
398,4,1481,501,38,16,1,1,1
398,5,1662,554,42,17,1,1,1
398,6,708,636,34,17,1,1,1
398,7,551,566,40,18,1,1,1
398,8,553,581,36,16,1,1,1
398,9,270,549,42,16,1,1,1
398,10,906,599,30,17,1,1,1
398,11,136,650,43,18,1,1,1
399,1,1168,559,32,16,1,1,1
399,2,1317,578,36,17,1,1,1
399,3,1475,571,39,17,1,1,1
399,4,1486,503,39,16,1,1,1
399,5,1669,559,42,15,1,1,1
399,6,713,633,33,17,1,1,1
399,7,558,563,39,18,1,1,1
399,8,559,577,36,17,1,1,1
399,9,275,548,42,16,1,1,1
399,10,910,599,30,17,1,1,1
399,11,144,647,42,18,1,1,1
400,1,1175,558,32,16,1,1,1
400,2,1324,579,35,16,1,1,1
400,3,1484,573,39,17,1,1,1
400,4,1494,505,39,17,1,1,1
400,5,1679,561,42,17,1,1,1
400,6,720,629,34,17,1,1,1
400,7,567,560,38,17,1,1,1
400,8,566,573,36,17,1,1,1
400,9,282,547,42,16,1,1,1
400,10,916,600,30,17,1,1,1
400,11,154,644,42,17,1,1,1
401,1,1180,558,32,16,1,1,1
401,2,1329,579,36,17,1,1,1
401,3,1490,575,39,16,1,1,1
401,4,1500,507,39,16,1,1,1
401,5,1686,564,42,17,1,1,1
401,6,725,627,34,17,1,1,1
401,7,573,557,39,18,1,1,1
401,8,572,570,35,16,1,1,1
401,9,288,546,42,16,1,1,1
401,10,921,600,29,17,1,1,1
401,11,162,641,41,17,1,1,1
402,1,1186,557,32,16,1,1,1
402,2,1335,580,36,16,1,1,1
402,3,1497,576,40,17,1,1,1
402,4,1507,509,39,16,1,1,1
402,5,1694,567,43,17,1,1,1
402,6,731,625,34,17,1,1,1
402,7,580,555,39,17,1,1,1
402,8,578,567,35,16,1,1,1
402,9,295,545,41,16,1,1,1
402,10,926,601,29,17,1,1,1
402,11,171,638,41,17,1,1,1
403,1,1192,557,32,16,1,1,1
403,2,1341,580,36,17,1,1,1
403,3,1506,577,39,17,1,1,1
403,4,1514,511,40,16,1,1,1
403,5,1703,570,43,17,1,1,1
403,6,738,622,33,17,1,1,1
403,7,588,552,38,17,1,1,1
403,8,585,564,35,16,1,1,1
403,9,302,544,41,16,1,1,1
403,10,932,601,29,17,1,1,1
403,11,180,636,41,17,1,1,1
404,1,1203,556,32,16,1,1,1
404,2,1352,581,36,16,1,1,1
404,3,1518,579,40,17,1,1,1
404,4,1527,513,39,17,1,1,1
404,5,1718,574,43,17,1,1,1
404,6,748,619,33,17,1,1,1
404,7,600,549,38,17,1,1,1
404,8,596,560,34,16,1,1,1
404,9,314,543,41,16,1,1,1
404,10,941,602,29,17,1,1,1
404,11,195,632,40,17,1,1,1
405,1,1210,556,32,16,1,1,1
405,2,1359,581,36,17,1,1,1
405,3,1527,580,40,17,1,1,1
405,4,1534,515,41,16,1,1,1
405,5,1728,577,44,17,1,1,1
405,6,754,617,33,17,1,1,1
405,7,608,546,38,17,1,1,1
405,8,603,557,35,16,1,1,1
405,9,322,543,40,16,1,1,1
405,10,947,603,29,16,1,1,1
405,11,205,630,39,17,1,1,1
406,1,1217,555,32,16,1,1,1
406,2,1366,582,36,16,1,1,1
406,3,1535,581,40,17,1,1,1
406,4,1542,516,41,17,1,1,1
406,5,1739,580,43,17,1,1,1
406,6,762,614,32,17,1,1,1
406,7,616,544,38,17,1,1,1
406,8,610,555,35,16,1,1,1
406,9,330,542,40,16,1,1,1
406,10,953,603,29,17,1,1,1
406,11,215,628,39,17,1,1,1
406,12,0,545,15,16,1,1,1
407,1,1224,554,32,17,1,1,1
407,2,1373,582,37,17,1,1,1
407,3,1544,582,40,17,1,1,1
407,4,1550,517,42,17,1,1,1
407,5,1748,582,45,17,1,1,1
407,6,768,612,32,17,1,1,1
407,7,624,543,38,16,1,1,1
407,8,618,552,34,16,1,1,1
407,9,337,542,40,16,1,1,1
407,10,959,604,29,17,1,1,1
407,11,224,626,40,17,1,1,1
407,12,0,542,28,16,1,1,1
408,1,1232,554,31,16,1,1,1
408,2,1380,582,37,17,1,1,1
408,3,1553,583,41,17,1,1,1
408,4,1559,518,41,17,1,1,1
408,5,1758,584,46,17,1,1,1
408,6,775,610,33,17,1,1,1
408,7,632,541,37,17,1,1,1
408,8,625,550,33,16,1,1,1
408,9,345,542,40,16,1,1,1
408,10,965,604,30,17,1,1,1
408,11,234,625,39,17,1,1,1
408,12,0,539,39,16,1,1,1
409,1,1241,552,33,17,1,1,1
409,2,1392,582,36,17,1,1,1
409,3,1565,584,42,17,1,1,1
409,4,1571,520,42,17,1,1,1
409,5,1773,587,46,17,1,1,1
409,6,786,607,32,17,1,1,1
409,7,644,538,37,17,1,1,1
409,8,635,546,33,16,1,1,1
409,9,356,543,39,16,1,1,1
409,10,974,605,29,17,1,1,1
409,11,248,623,39,17,1,1,1
409,12,14,536,43,16,1,1,1
410,1,1247,552,33,16,1,1,1
410,2,1397,581,37,17,1,1,1
410,3,1573,584,41,17,1,1,1
410,4,1578,520,42,17,1,1,1
410,5,1782,588,46,17,1,1,1
410,6,791,605,32,17,1,1,1
410,7,650,537,38,17,1,1,1
410,8,641,545,34,16,1,1,1
410,9,362,544,39,16,1,1,1
410,10,979,606,29,17,1,1,1
410,11,267,623,27,16,1,1,1
410,12,24,534,43,16,1,1,1
411,1,1256,550,33,16,1,1,1
411,2,1406,581,37,17,1,1,1
411,3,1584,584,42,17,1,1,1
411,4,1588,521,42,17,1,1,1
411,5,1796,590,46,17,1,1,1
411,6,800,603,33,17,1,1,1
411,7,660,535,37,17,1,1,1
411,8,649,542,34,16,1,1,1
411,9,370,545,39,16,1,1,1
411,10,986,607,30,17,1,1,1
411,11,267,622,39,17,1,1,1
411,12,39,533,42,15,1,1,1
412,1,1262,549,33,16,1,1,1
412,2,1411,580,37,17,1,1,1
412,3,1590,583,42,18,1,1,1
412,4,1594,521,42,17,1,1,1
412,5,1802,590,47,18,1,1,1
412,6,805,601,32,17,1,1,1
412,7,666,534,37,17,1,1,1
412,8,654,540,33,16,1,1,1
412,9,375,547,37,16,1,1,1
412,10,990,608,30,17,1,1,1
412,11,274,622,38,17,1,1,1
412,12,47,532,42,16,1,1,1
413,1,1265,547,34,16,1,1,1
413,2,1415,579,37,17,1,1,1
413,3,1596,583,41,17,1,1,1
413,4,1599,520,42,17,1,1,1
413,5,1808,591,47,17,1,1,1
413,6,809,600,33,17,1,1,1
413,7,670,534,36,16,1,1,1
413,8,658,539,34,15,1,1,1
413,9,378,548,39,16,1,1,1
413,10,994,608,29,17,1,1,1
413,11,279,623,38,17,1,1,1
413,12,54,532,41,15,1,1,1
414,1,1270,545,34,16,1,1,1
414,2,1420,577,37,17,1,1,1
414,3,1601,581,43,18,1,1,1
414,4,1604,520,43,17,1,1,1
414,5,1815,590,47,18,1,1,1
414,6,815,598,31,16,1,1,1
414,7,676,533,36,16,1,1,1
414,8,663,537,33,15,1,1,1
414,9,382,551,38,16,1,1,1
414,10,998,609,30,17,1,1,1
414,11,285,624,38,17,1,1,1
414,12,61,532,41,15,1,1,1
415,1,1273,544,33,16,1,1,1
415,2,1422,576,37,17,1,1,1
415,3,1604,580,42,17,1,1,1
415,4,1607,519,42,17,1,1,1
415,5,1818,590,48,17,1,1,1
415,6,817,596,33,17,1,1,1
415,7,679,532,37,17,1,1,1
415,9,383,553,38,16,1,1,1
415,10,1000,610,29,17,1,1,1
415,11,288,625,38,17,1,1,1
415,12,64,532,42,16,1,1,1
416,1,1274,542,34,16,1,1,1
416,2,1423,575,38,16,1,1,1
416,3,1606,579,42,17,1,1,1
416,4,1608,518,43,17,1,1,1
416,5,1820,589,48,18,1,1,1
416,6,819,595,32,16,1,1,1
416,7,681,531,37,17,1,1,1
416,8,666,534,33,16,1,1,1
416,9,383,555,38,16,1,1,1
416,10,1001,610,30,17,1,1,1
416,11,290,626,38,17,1,1,1
416,12,66,532,41,16,1,1,1
417,1,1275,540,34,16,1,1,1
417,2,1424,573,38,17,1,1,1
417,3,1607,577,43,17,1,1,1
417,4,1609,517,43,17,1,1,1
417,5,1821,588,48,18,1,1,1
417,6,821,594,31,16,1,1,1
417,7,683,531,37,17,1,1,1
417,8,667,533,33,16,1,1,1
417,9,383,557,38,16,1,1,1
417,10,1002,611,30,17,1,1,1
417,11,291,628,38,17,1,1,1
417,12,68,533,41,16,1,1,1
418,1,1276,537,34,16,1,1,1
418,2,1424,570,37,17,1,1,1
418,3,1608,574,42,17,1,1,1
418,4,1609,515,43,17,1,1,1
418,5,1821,586,47,17,1,1,1
418,6,822,592,32,16,1,1,1
418,7,685,530,37,17,1,1,1
418,8,668,531,32,16,1,1,1
418,9,381,561,37,16,1,1,1
418,10,1002,612,30,17,1,1,1
418,11,291,630,38,17,1,1,1
418,12,68,535,40,15,1,1,1
419,1,1275,535,34,16,1,1,1
419,2,1423,568,37,17,1,1,1
419,3,1607,572,43,17,1,1,1
419,4,1609,514,41,17,1,1,1
419,5,1819,584,48,18,1,1,1
419,6,822,590,32,17,1,1,1
419,7,685,530,37,17,1,1,1
419,8,667,530,33,16,1,1,1
419,9,378,563,39,16,1,1,1
419,10,1002,612,29,17,1,1,1
419,11,291,632,38,17,1,1,1
419,12,66,536,42,15,1,1,1
420,1,1275,533,34,16,1,1,1
420,2,1422,567,37,16,1,1,1
420,3,1606,570,42,17,1,1,1
420,4,1606,513,43,17,1,1,1
420,5,1817,583,48,17,1,1,1
420,6,822,589,32,17,1,1,1
420,7,685,529,37,17,1,1,1
420,8,666,529,32,16,1,1,1
420,9,376,565,38,17,1,1,1
420,10,1001,613,29,17,1,1,1
420,11,289,634,38,17,1,1,1
420,12,65,537,41,15,1,1,1
421,1,1272,530,34,16,1,1,1
421,2,1419,564,37,16,1,1,1
421,3,1603,567,42,17,1,1,1
421,4,1603,511,42,16,1,1,1
421,5,1814,580,46,18,1,1,1
421,6,821,587,32,16,1,1,1
421,7,684,529,37,17,1,1,1
421,8,663,528,34,16,1,1,1
421,9,371,570,37,16,1,1,1
421,10,999,613,29,17,1,1,1
421,11,286,637,39,17,1,1,1
421,12,60,539,41,15,1,1,1
422,1,1270,528,34,16,1,1,1
422,2,1417,562,36,16,1,1,1
422,3,1601,565,42,17,1,1,1
422,4,1600,509,42,17,1,1,1
422,5,1809,579,47,17,1,1,1
422,6,820,586,32,16,1,1,1
422,7,684,528,37,17,1,1,1
422,8,661,527,34,16,1,1,1
422,9,366,572,39,17,1,1,1
422,10,997,614,30,17,1,1,1
422,11,284,639,38,17,1,1,1
422,12,57,540,42,15,1,1,1
423,1,1269,526,33,16,1,1,1
423,2,1413,560,37,16,1,1,1
423,3,1598,563,42,17,1,1,1
423,4,1598,508,41,16,1,1,1
423,5,1805,577,47,17,1,1,1
423,6,818,584,32,17,1,1,1
423,7,682,528,38,17,1,1,1
423,8,659,526,32,16,1,1,1
423,9,362,575,38,16,1,1,1
423,10,996,614,29,17,1,1,1
423,11,281,641,38,17,1,1,1
423,12,53,541,42,15,1,1,1
424,1,1266,524,34,16,1,1,1
424,2,1411,558,37,16,1,1,1
424,3,1595,561,42,17,1,1,1
424,4,1594,506,42,17,1,1,1
424,5,1801,576,47,17,1,1,1
424,6,817,583,32,16,1,1,1
424,7,681,528,38,16,1,1,1
424,8,657,525,33,15,1,1,1
424,9,357,577,39,17,1,1,1
424,10,993,615,30,17,1,1,1
424,11,278,643,39,17,1,1,1
424,12,49,542,42,16,1,1,1
425,1,1262,521,33,16,1,1,1
425,2,1405,555,37,16,1,1,1
425,3,1591,557,41,17,1,1,1
425,4,1588,504,42,17,1,1,1
425,5,1793,573,47,17,1,1,1
425,6,814,581,32,16,1,1,1
425,7,679,527,37,17,1,1,1
425,8,652,523,34,16,1,1,1
425,9,350,582,38,16,1,1,1
425,10,989,615,30,17,1,1,1
425,11,273,646,38,17,1,1,1
425,12,41,544,41,15,1,1,1
426,1,1259,519,34,16,1,1,1
426,2,1402,553,37,16,1,1,1
426,3,1587,556,41,16,1,1,1
426,4,1584,503,42,17,1,1,1
426,5,1788,572,47,17,1,1,1
426,6,812,580,32,16,1,1,1
426,7,678,526,37,17,1,1,1
426,8,650,522,33,16,1,1,1
426,9,344,584,40,17,1,1,1
426,10,987,616,30,17,1,1,1
426,11,269,648,39,17,1,1,1
426,12,36,545,43,15,1,1,1
427,1,1256,518,34,16,1,1,1
427,2,1399,551,37,17,1,1,1
427,3,1584,554,41,16,1,1,1
427,4,1580,502,42,17,1,1,1
427,5,1783,570,46,17,1,1,1
427,6,810,579,31,16,1,1,1
427,7,676,526,38,17,1,1,1
427,8,647,521,33,15,1,1,1
427,9,338,587,40,16,1,1,1
427,10,985,616,29,17,1,1,1
427,11,265,649,40,18,1,1,1
427,12,31,545,43,16,1,1,1
428,1,1252,515,33,16,1,1,1
428,2,1393,549,37,16,1,1,1
428,3,1579,551,41,17,1,1,1
428,4,1574,501,42,16,1,1,1
428,5,1776,569,46,17,1,1,1
428,6,807,576,32,16,1,1,1
428,7,674,525,38,17,1,1,1
428,8,642,519,34,16,1,1,1
428,9,330,590,40,17,1,1,1
428,10,981,617,29,17,1,1,1
428,11,260,652,39,17,1,1,1
428,12,23,546,43,16,1,1,1
429,1,1250,513,32,16,1,1,1
429,2,1391,547,36,17,1,1,1
429,3,1575,550,41,16,1,1,1
429,4,1570,500,42,17,1,1,1
429,5,1771,568,46,17,1,1,1
429,6,805,575,32,16,1,1,1
429,7,673,524,37,17,1,1,1
429,8,640,517,33,16,1,1,1
429,9,325,593,40,16,1,1,1
429,10,978,618,30,17,1,1,1
429,11,256,654,40,17,1,1,1
429,12,29,547,32,16,1,1,1
430,1,1247,512,33,16,1,1,1
430,2,1387,546,36,16,1,1,1
430,3,1572,548,41,17,1,1,1
430,4,1567,499,41,17,1,1,1
430,5,1767,567,45,17,1,1,1
430,6,803,573,32,16,1,1,1
430,7,672,524,38,16,1,1,1
430,8,637,516,34,16,1,1,1
430,9,320,595,40,17,1,1,1
430,10,976,618,30,17,1,1,1
430,11,253,655,40,17,1,1,1
430,12,13,547,44,16,1,1,1
431,1,1245,510,33,16,1,1,1
431,2,1385,545,36,16,1,1,1
431,3,1570,547,41,17,1,1,1
431,4,1564,499,42,17,1,1,1
431,5,1763,567,46,17,1,1,1
431,6,802,572,32,16,1,1,1
431,7,671,523,38,17,1,1,1
431,8,635,515,34,16,1,1,1
431,9,316,597,40,16,1,1,1
431,10,975,619,29,17,1,1,1
431,11,250,656,39,17,1,1,1
431,12,9,547,44,16,1,1,1
432,1,1243,508,32,16,1,1,1
432,2,1382,543,36,16,1,1,1
432,3,1567,546,41,16,1,1,1
432,4,1561,498,41,17,1,1,1
432,5,1759,566,45,17,1,1,1
432,6,800,570,32,16,1,1,1
432,7,671,522,37,17,1,1,1
432,8,632,513,34,16,1,1,1
432,9,310,599,41,17,1,1,1
432,10,972,620,30,17,1,1,1
432,11,247,658,40,17,1,1,1
432,12,16,547,32,16,1,1,1
433,1,1240,507,34,16,1,1,1
433,2,1380,542,36,16,1,1,1
433,3,1567,545,39,17,1,1,1
433,4,1558,498,41,17,1,1,1
433,5,1756,566,45,17,1,1,1
433,6,799,569,32,16,1,1,1
433,7,671,521,38,17,1,1,1
433,8,631,511,34,16,1,1,1
433,9,306,601,41,17,1,1,1
433,10,971,620,29,17,1,1,1
433,11,245,658,40,18,1,1,1
433,12,1,546,45,16,1,1,1
434,1,1239,506,33,16,1,1,1
434,2,1379,541,35,16,1,1,1
434,3,1565,544,40,17,1,1,1
434,4,1557,498,41,17,1,1,1
434,5,1754,567,45,16,1,1,1
434,6,798,567,32,16,1,1,1
434,7,671,520,38,17,1,1,1
434,8,630,510,34,16,1,1,1
434,9,303,603,40,17,1,1,1
434,10,970,621,29,17,1,1,1
434,11,243,659,40,17,1,1,1
434,12,11,546,32,16,1,1,1
435,1,1238,504,33,16,1,1,1
435,2,1377,540,36,16,1,1,1
435,3,1564,544,40,16,1,1,1
435,4,1555,498,41,17,1,1,1
435,5,1752,567,44,17,1,1,1
435,6,798,564,32,16,1,1,1
435,7,673,519,37,16,1,1,1
435,8,629,507,34,16,1,1,1
435,9,299,605,41,17,1,1,1
435,10,969,622,29,17,1,1,1
435,11,242,660,40,17,1,1,1
435,12,0,545,40,16,1,1,1
436,1,1238,502,33,16,1,1,1
436,2,1377,539,35,16,1,1,1
436,3,1564,543,40,16,1,1,1
436,4,1556,499,40,16,1,1,1
436,5,1751,568,32,16,1,1,1
436,6,799,563,32,16,1,1,1
436,7,674,518,38,16,1,1,1
436,8,629,505,34,16,1,1,1
436,9,297,606,42,17,1,1,1
436,10,969,622,29,17,1,1,1
436,11,242,660,39,17,1,1,1
436,12,0,544,41,15,1,1,1
437,1,1239,501,33,16,1,1,1
437,2,1376,539,36,16,1,1,1
437,3,1565,543,40,16,1,1,1
437,4,1555,499,41,17,1,1,1
437,5,1752,568,44,17,1,1,1
437,6,799,561,32,16,1,1,1
437,7,676,517,38,16,1,1,1
437,8,629,503,33,16,1,1,1
437,9,296,607,41,17,1,1,1
437,10,969,623,29,17,1,1,1
437,11,242,660,40,17,1,1,1
437,12,0,542,41,16,1,1,1
438,1,1240,500,33,16,1,1,1
438,2,1377,538,36,16,1,1,1
438,3,1566,542,41,17,1,1,1
438,4,1556,499,40,17,1,1,1
438,5,1752,569,45,17,1,1,1
438,6,801,559,31,16,1,1,1
438,7,680,515,37,17,1,1,1
438,8,630,501,34,16,1,1,1
438,9,295,609,41,17,1,1,1
438,10,970,624,29,17,1,1,1
438,11,243,660,41,17,1,1,1
438,12,0,540,43,16,1,1,1
439,1,1241,499,33,16,1,1,1
439,2,1378,537,36,16,1,1,1
439,3,1569,542,39,17,1,1,1
439,4,1557,500,41,16,1,1,1
439,5,1754,570,44,17,1,1,1
439,6,802,557,32,16,1,1,1
439,7,682,514,37,17,1,1,1
439,8,631,499,34,16,1,1,1
439,9,294,610,42,17,1,1,1
439,10,971,624,29,18,1,1,1
439,11,245,660,40,17,1,1,1
439,12,0,539,44,16,1,1,1
440,1,1242,498,33,16,1,1,1
440,2,1379,537,36,16,1,1,1
440,3,1570,542,40,16,1,1,1
440,4,1558,500,41,17,1,1,1
440,5,1756,571,44,17,1,1,1
440,6,804,555,32,16,1,1,1
440,7,685,513,37,16,1,1,1
440,8,633,497,34,16,1,1,1
440,9,295,611,40,17,1,1,1
440,10,972,625,29,17,1,1,1
440,11,247,660,40,17,1,1,1
440,12,2,537,45,16,1,1,1
441,1,1245,496,33,16,1,1,1
441,2,1381,536,37,16,1,1,1
441,3,1574,542,40,16,1,1,1
441,4,1561,501,41,17,1,1,1
441,5,1758,573,45,17,1,1,1
441,6,807,553,32,16,1,1,1
441,7,690,511,37,17,1,1,1
441,8,635,494,34,16,1,1,1
441,9,296,612,41,17,1,1,1
441,10,974,626,29,17,1,1,1
441,11,250,659,40,17,1,1,1
441,12,7,535,44,16,1,1,1
442,1,1247,495,33,16,1,1,1
442,2,1384,535,36,16,1,1,1
442,3,1576,542,41,16,1,1,1
442,4,1563,501,41,17,1,1,1
442,5,1761,574,45,17,1,1,1
442,6,809,551,32,15,1,1,1
442,7,693,510,37,17,1,1,1
442,8,638,492,33,16,1,1,1
442,9,297,613,40,17,1,1,1
442,10,976,627,29,17,1,1,1
442,11,253,659,40,17,1,1,1
442,12,10,533,44,16,1,1,1
443,1,1250,494,33,16,1,1,1
443,2,1385,535,37,16,1,1,1
443,3,1579,542,41,16,1,1,1
443,4,1566,502,41,17,1,1,1
443,5,1764,575,45,17,1,1,1
443,6,812,549,32,16,1,1,1
443,7,697,508,37,17,1,1,1
443,8,640,490,34,16,1,1,1
443,9,298,613,41,18,1,1,1
443,10,977,627,30,17,1,1,1
443,11,256,658,40,18,1,1,1
443,12,14,532,44,15,1,1,1
444,1,1252,493,33,16,1,1,1
444,2,1387,535,37,15,1,1,1
444,3,1582,542,41,16,1,1,1
444,4,1568,502,41,17,1,1,1
444,5,1767,576,45,17,1,1,1
444,6,814,547,32,16,1,1,1
444,7,700,507,37,17,1,1,1
444,8,642,488,34,16,1,1,1
444,9,299,614,42,17,1,1,1
444,10,979,628,30,17,1,1,1
444,11,259,658,39,17,1,1,1
444,12,29,530,32,16,1,1,1
445,1,1256,491,33,16,1,1,1
445,2,1391,534,37,16,1,1,1
445,3,1588,542,41,16,1,1,1
445,4,1573,503,41,17,1,1,1
445,5,1772,578,46,17,1,1,1
445,6,819,545,31,16,1,1,1
445,7,706,506,37,17,1,1,1
445,8,646,485,34,16,1,1,1
445,9,302,615,41,17,1,1,1
445,10,982,629,30,17,1,1,1
445,11,264,657,40,18,1,1,1
445,12,24,528,43,15,1,1,1
446,1,1259,490,33,16,1,1,1
446,2,1394,533,36,16,1,1,1
446,3,1591,542,41,16,1,1,1
446,4,1575,504,42,16,1,1,1
446,5,1776,579,45,17,1,1,1
446,6,821,543,32,16,1,1,1
446,7,710,505,37,16,1,1,1
446,8,649,483,33,16,1,1,1
446,9,303,616,42,17,1,1,1
446,10,985,629,29,17,1,1,1
446,11,267,657,40,17,1,1,1
446,12,28,526,43,16,1,1,1
447,1,1263,489,33,16,1,1,1
447,2,1398,532,36,16,1,1,1
447,3,1596,541,41,17,1,1,1
447,4,1580,504,41,17,1,1,1
447,5,1781,580,46,17,1,1,1
447,6,826,541,31,16,1,1,1
447,7,716,503,36,17,1,1,1
447,8,653,481,33,16,1,1,1
447,9,306,617,41,18,1,1,1
447,10,988,630,30,17,1,1,1
447,11,273,657,39,17,1,1,1
447,12,35,524,42,16,1,1,1
448,1,1265,488,34,16,1,1,1
448,2,1400,532,37,16,1,1,1
448,3,1601,541,40,17,1,1,1
448,4,1583,504,41,17,1,1,1
448,5,1785,581,46,17,1,1,1
448,6,828,539,31,16,1,1,1
448,7,719,502,37,17,1,1,1
448,8,655,479,33,16,1,1,1
448,9,308,618,41,17,1,1,1
448,10,990,631,29,17,1,1,1
448,11,276,657,39,17,1,1,1
448,12,39,523,43,16,1,1,1
449,1,1268,486,33,17,1,1,1
449,2,1402,531,37,16,1,1,1
449,3,1603,541,41,16,1,1,1
449,4,1586,505,41,16,1,1,1
449,5,1788,582,47,17,1,1,1
449,6,831,537,31,16,1,1,1
449,7,723,501,37,17,1,1,1
449,8,658,477,33,16,1,1,1
449,9,310,619,41,17,1,1,1
449,10,992,631,30,18,1,1,1
449,11,279,656,40,18,1,1,1
449,12,43,522,43,16,1,1,1
450,1,1271,485,33,16,1,1,1
450,2,1405,530,37,16,1,1,1
450,3,1607,541,41,16,1,1,1
450,4,1590,505,40,17,1,1,1
450,5,1792,582,46,17,1,1,1
450,6,834,536,32,15,1,1,1
450,7,727,500,36,17,1,1,1
450,8,660,476,34,16,1,1,1
450,9,311,620,41,18,1,1,1
450,10,995,632,29,17,1,1,1
450,11,283,656,39,17,1,1,1
450,12,47,521,43,15,1,1,1
451,1,1273,483,34,16,1,1,1
451,2,1407,528,37,16,1,1,1
451,3,1611,538,41,17,1,1,1
451,4,1591,503,42,17,1,1,1
451,5,1795,581,47,17,1,1,1
451,6,837,533,31,16,1,1,1
451,7,730,498,37,17,1,1,1
451,8,663,473,32,16,1,1,1
451,9,314,621,40,17,1,1,1
451,10,997,631,29,18,1,1,1
451,11,286,656,38,17,1,1,1
451,12,51,519,43,15,1,1,1
452,1,1271,468,34,16,1,1,1
452,2,1406,512,35,16,1,1,1
452,3,1608,521,41,16,1,1,1
452,4,1589,487,41,16,1,1,1
452,5,1792,563,46,17,1,1,1
452,6,836,523,31,15,1,1,1
452,7,730,490,36,16,1,1,1
452,8,660,464,33,16,1,1,1
452,9,310,621,41,17,1,1,1
452,10,996,622,30,17,1,1,1
452,11,286,654,39,17,1,1,1
452,12,47,514,43,16,1,1,1
453,1,1256,456,33,16,1,1,1
453,2,1389,499,35,16,1,1,1
453,3,1588,505,41,16,1,1,1
453,4,1568,472,41,17,1,1,1
453,5,1768,545,45,17,1,1,1
453,6,823,517,31,16,1,1,1
453,7,717,487,36,17,1,1,1
453,8,644,461,33,16,1,1,1
453,9,290,629,41,18,1,1,1
453,10,984,617,29,17,1,1,1
453,11,269,660,40,17,1,1,1
453,12,21,517,44,15,1,1,1
454,1,1238,452,32,17,1,1,1
454,2,1368,495,36,16,1,1,1
454,3,1565,499,41,16,1,1,1
454,4,1545,468,40,17,1,1,1
454,5,1741,538,44,16,1,1,1
454,6,807,519,31,16,1,1,1
454,7,700,490,37,17,1,1,1
454,8,625,464,34,16,1,1,1
454,9,265,641,43,18,1,1,1
454,10,968,616,30,17,1,1,1
454,11,246,669,41,17,1,1,1
454,12,0,523,34,16,1,1,1
455,1,1199,452,33,17,1,1,1
455,2,1327,497,35,16,1,1,1
455,3,1518,498,39,17,1,1,1
455,4,1497,469,39,17,1,1,1
455,5,1685,535,42,16,1,1,1
455,6,772,527,32,16,1,1,1
455,7,664,502,38,17,1,1,1
455,8,585,474,34,17,1,1,1
455,9,211,667,45,19,1,1,1
455,10,935,620,30,18,1,1,1
455,11,193,688,43,18,1,1,1
456,1,1159,454,32,17,1,1,1
456,2,1285,502,34,16,1,1,1
456,3,1470,502,37,17,1,1,1
456,4,1449,475,37,16,1,1,1
456,5,1629,537,40,17,1,1,1
456,6,734,537,32,16,1,1,1
456,7,625,515,38,17,1,1,1
456,8,541,485,36,17,1,1,1
456,9,149,693,47,20,1,1,1
456,10,899,625,29,18,1,1,1
456,11,132,705,45,20,1,1,1
457,1,1133,457,32,17,1,1,1
457,2,1258,507,32,16,1,1,1
457,3,1438,506,37,17,1,1,1
457,4,1418,480,37,16,1,1,1
457,5,1593,540,38,17,1,1,1
457,6,708,543,33,17,1,1,1
457,7,598,524,39,18,1,1,1
457,8,512,492,35,16,1,1,1
457,9,105,711,49,21,1,1,1
457,10,874,628,30,18,1,1,1
457,11,89,717,45,20,1,1,1
458,1,1096,462,31,18,1,1,1
458,2,1218,514,33,16,1,1,1
458,3,1396,514,35,17,1,1,1
458,4,1375,489,36,17,1,1,1
458,5,1544,547,37,16,1,1,1
458,6,671,552,33,17,1,1,1
458,7,559,538,40,18,1,1,1
458,8,467,501,37,17,1,1,1
458,9,38,739,52,22,1,1,1
458,10,839,632,30,18,1,1,1
458,11,22,733,49,21,1,1,1
459,1,1075,469,31,17,1,1,1
459,2,1196,521,33,17,1,1,1
459,3,1372,524,34,16,1,1,1
459,4,1351,499,35,17,1,1,1
459,5,1516,555,37,16,1,1,1
459,6,649,559,33,17,1,1,1
459,7,536,549,40,18,1,1,1
459,8,441,507,38,17,1,1,1
459,9,0,755,50,22,1,1,1
459,10,819,636,29,18,1,1,1
459,11,0,740,31,19,1,1,1
460,1,1046,479,32,17,1,1,1
460,2,1167,532,32,16,1,1,1
460,3,1340,539,34,16,1,1,1
460,4,1319,515,35,16,1,1,1
460,5,1480,566,35,16,1,1,1
460,6,618,569,34,17,1,1,1
460,7,504,565,41,19,1,1,1
460,8,404,517,38,17,1,1,1
460,10,789,641,31,18,1,1,1
461,1,1026,486,32,17,1,1,1
461,2,1148,539,31,17,1,1,1
461,3,1319,551,34,16,1,1,1
461,4,1299,527,33,16,1,1,1
461,5,1456,574,35,15,1,1,1
461,6,597,577,35,17,1,1,1
461,7,483,579,41,19,1,1,1
461,8,379,524,38,18,1,1,1
461,10,769,644,31,18,1,1,1
462,1,1012,491,32,17,1,1,1
462,2,1133,546,32,16,1,1,1
462,3,1305,561,34,16,1,1,1
462,4,1285,536,33,16,1,1,1
462,5,1441,579,34,16,1,1,1
462,6,583,580,34,17,1,1,1
462,7,468,591,42,19,1,1,1
462,8,361,529,38,18,1,1,1
462,10,755,644,31,18,1,1,1
463,1,1007,491,32,17,1,1,1
463,2,1127,548,32,17,1,1,1
463,3,1300,567,34,16,1,1,1
463,4,1280,540,33,16,1,1,1
463,5,1435,581,33,16,1,1,1
463,6,577,580,35,17,1,1,1
463,7,463,597,42,19,1,1,1
463,8,354,530,38,19,1,1,1
463,10,750,643,31,18,1,1,1
464,1,1004,491,32,17,1,1,1
464,2,1124,550,33,16,1,1,1
464,3,1299,572,33,17,1,1,1
464,4,1277,545,34,16,1,1,1
464,5,1432,583,34,16,1,1,1
464,6,576,577,35,17,1,1,1
464,7,463,603,42,19,1,1,1
464,8,350,531,38,19,1,1,1
464,10,747,640,31,18,1,1,1
465,1,1005,490,32,17,1,1,1
465,2,1126,550,32,16,1,1,1
465,3,1302,577,33,16,1,1,1
465,4,1280,548,34,16,1,1,1
465,5,1434,583,35,16,1,1,1
465,6,579,573,35,17,1,1,1
465,7,467,605,42,19,1,1,1
465,8,353,531,37,18,1,1,1
465,10,749,637,32,18,1,1,1
466,1,1007,489,33,16,1,1,1
466,2,1128,549,33,16,1,1,1
466,3,1306,579,34,16,1,1,1
466,4,1284,549,34,15,1,1,1
466,5,1439,583,34,16,1,1,1
466,6,583,571,35,17,1,1,1
466,7,472,606,41,19,1,1,1
466,8,356,531,37,17,1,1,1
466,10,752,634,32,18,1,1,1
467,1,1013,487,32,16,1,1,1
467,2,1133,547,33,17,1,1,1
467,3,1314,580,33,17,1,1,1
467,4,1292,548,34,16,1,1,1
467,5,1447,582,35,16,1,1,1
467,6,591,565,34,17,1,1,1
467,7,481,605,41,19,1,1,1
467,8,364,527,35,17,1,1,1
467,10,759,629,31,18,1,1,1
468,1,1017,487,32,17,1,1,1
468,2,1137,548,33,17,1,1,1
468,3,1319,583,34,15,1,1,1
468,4,1298,550,34,15,1,1,1
468,5,1454,584,34,16,1,1,1
468,6,596,563,34,17,1,1,1
468,7,487,605,41,20,1,1,1
468,8,369,524,35,17,1,1,1
468,10,763,628,32,17,1,1,1
469,1,1022,489,33,16,1,1,1
469,2,1143,550,33,16,1,1,1
469,3,1327,586,35,16,1,1,1
469,4,1307,552,34,16,1,1,1
469,5,1462,587,36,16,1,1,1
469,6,605,560,34,16,1,1,1
469,7,497,605,40,19,1,1,1
469,8,376,519,35,18,1,1,1
469,10,770,625,32,18,1,1,1
470,1,1028,490,32,16,1,1,1
470,2,1149,551,33,17,1,1,1
470,3,1336,587,34,15,1,1,1
470,4,1316,554,34,15,1,1,1
470,5,1472,590,36,16,1,1,1
470,6,614,556,34,17,1,1,1
470,7,506,602,39,19,1,1,1
470,8,383,515,34,17,1,1,1
470,10,777,623,32,17,1,1,1
471,1,1032,491,32,16,1,1,1
471,2,1152,552,34,16,1,1,1
471,3,1341,587,35,17,1,1,1
471,4,1322,555,34,16,1,1,1
471,5,1478,592,36,16,1,1,1
471,6,619,554,35,16,1,1,1
471,7,511,599,39,19,1,1,1
471,8,387,512,35,17,1,1,1
471,10,782,621,31,17,1,1,1
472,1,1039,491,33,15,1,1,1
472,2,1160,553,34,16,1,1,1
472,3,1353,586,35,17,1,1,1
472,4,1336,555,34,16,1,1,1
472,5,1492,595,35,16,1,1,1
472,6,632,548,33,16,1,1,1
472,7,523,591,38,19,1,1,1
472,8,397,505,35,17,1,1,1
472,10,792,616,31,17,1,1,1
473,1,1041,491,33,16,1,1,1
473,2,1163,553,32,16,1,1,1
473,3,1356,587,35,16,1,1,1
473,4,1339,556,34,16,1,1,1
473,5,1495,595,36,17,1,1,1
473,6,634,546,34,17,1,1,1
473,7,526,589,38,19,1,1,1
473,8,399,504,35,17,1,1,1
473,10,795,615,31,17,1,1,1
474,1,1048,492,32,16,1,1,1
474,2,1169,555,33,16,1,1,1
474,3,1366,588,35,16,1,1,1
474,4,1350,558,35,16,1,1,1
474,5,1507,599,37,16,1,1,1
474,6,645,543,34,17,1,1,1
474,7,536,585,37,19,1,1,1
474,8,407,500,35,17,1,1,1
474,9,0,706,18,18,1,1,1
474,10,803,612,31,18,1,1,1
475,1,1056,494,32,15,1,1,1
475,2,1177,557,33,16,1,1,1
475,3,1377,589,36,16,1,1,1
475,4,1363,560,35,16,1,1,1
475,5,1520,602,38,16,1,1,1
475,6,657,540,33,16,1,1,1
475,7,546,581,37,18,1,1,1
475,8,416,497,35,17,1,1,1
475,9,0,696,38,21,1,1,1
475,10,813,610,31,17,1,1,1
476,1,1061,494,33,16,1,1,1
476,2,1182,557,33,16,1,1,1
476,3,1385,588,35,17,1,1,1
476,4,1373,560,34,17,1,1,1
476,5,1530,603,37,16,1,1,1
476,6,664,537,33,17,1,1,1
476,7,553,578,37,18,1,1,1
476,8,422,495,35,16,1,1,1
476,9,0,689,52,20,1,1,1
476,10,820,608,30,17,1,1,1
477,1,1070,495,32,16,1,1,1
477,2,1190,557,34,16,1,1,1
477,3,1397,588,36,17,1,1,1
477,4,1386,561,35,16,1,1,1
477,5,1544,604,38,17,1,1,1
477,6,676,534,33,16,1,1,1
477,7,564,574,36,18,1,1,1
477,8,432,493,35,16,1,1,1
477,9,22,679,52,21,1,1,1
477,10,830,605,31,17,1,1,1
477,11,0,611,20,18,1,1,1
478,1,1076,496,32,15,1,1,1
478,2,1196,558,34,16,1,1,1
478,3,1406,589,37,16,1,1,1
478,4,1396,562,36,16,1,1,1
478,5,1555,606,38,16,1,1,1
478,6,685,533,33,16,1,1,1
478,7,572,572,36,18,1,1,1
478,8,439,492,35,16,1,1,1
478,9,37,675,51,20,1,1,1
478,10,838,604,30,17,1,1,1
478,11,0,606,34,18,1,1,1
479,1,1085,496,32,17,1,1,1
479,2,1205,559,35,16,1,1,1
479,3,1420,588,37,17,1,1,1
479,4,1412,563,36,16,1,1,1
479,5,1572,607,39,17,1,1,1
479,6,698,531,33,16,1,1,1
479,7,583,570,36,17,1,1,1
479,8,450,491,34,16,1,1,1
479,9,61,668,50,20,1,1,1
479,10,850,601,29,18,1,1,1
479,11,5,598,48,18,1,1,1
480,1,1092,497,31,16,1,1,1
480,2,1212,559,34,16,1,1,1
480,3,1430,588,37,16,1,1,1
480,4,1423,563,36,16,1,1,1
480,5,1583,608,40,16,1,1,1
480,6,707,529,32,16,1,1,1
480,7,591,568,36,18,1,1,1
480,8,458,490,34,16,1,1,1
480,9,77,664,50,20,1,1,1
480,10,857,600,31,17,1,1,1
480,11,18,594,47,18,1,1,1
481,1,1100,497,31,16,1,1,1
481,2,1220,559,34,16,1,1,1
481,3,1443,586,36,17,1,1,1
481,4,1437,562,37,17,1,1,1
481,5,1599,607,39,17,1,1,1
481,6,718,527,33,16,1,1,1
481,7,600,566,36,17,1,1,1
481,8,466,490,35,16,1,1,1
481,9,98,660,48,19,1,1,1
481,10,868,598,30,17,1,1,1
481,11,35,588,48,18,1,1,1
482,1,1105,496,33,17,1,1,1
482,2,1226,558,35,17,1,1,1
482,3,1453,584,38,16,1,1,1
482,4,1450,561,37,16,1,1,1
482,5,1611,606,41,17,1,1,1
482,6,728,525,31,16,1,1,1
482,7,608,564,36,17,1,1,1
482,8,473,490,35,16,1,1,1
482,9,115,656,47,19,1,1,1
482,10,877,595,29,17,1,1,1
482,11,49,584,46,17,1,1,1
483,1,1109,496,32,17,1,1,1
483,2,1229,558,35,16,1,1,1
483,3,1458,582,39,16,1,1,1
483,4,1458,559,36,17,1,1,1
483,5,1619,604,40,17,1,1,1
483,6,733,524,33,16,1,1,1
483,7,612,563,36,17,1,1,1
483,8,476,489,34,17,1,1,1
483,9,125,654,48,19,1,1,1
483,10,881,594,31,17,1,1,1
483,11,57,581,46,18,1,1,1
484,1,1112,496,32,16,1,1,1
484,2,1232,556,35,17,1,1,1
484,3,1465,579,38,16,1,1,1
484,4,1466,557,38,17,1,1,1
484,5,1627,602,41,17,1,1,1
484,6,739,522,32,16,1,1,1
484,7,616,562,36,17,1,1,1
484,8,479,490,35,16,1,1,1
484,9,136,652,48,19,1,1,1
484,10,887,592,30,17,1,1,1
484,11,64,579,45,17,1,1,1
485,1,1113,495,32,17,1,1,1
485,2,1233,555,35,17,1,1,1
485,3,1469,576,37,17,1,1,1
485,4,1471,555,38,17,1,1,1
485,5,1631,600,41,17,1,1,1
485,6,742,521,32,16,1,1,1
485,7,618,561,35,17,1,1,1
485,8,480,490,35,17,1,1,1
485,9,142,651,46,19,1,1,1
485,10,889,590,31,17,1,1,1
485,11,67,577,46,18,1,1,1
486,1,1114,495,31,16,1,1,1
486,2,1233,554,34,17,1,1,1
486,3,1470,573,38,17,1,1,1
486,4,1474,553,38,17,1,1,1
486,5,1635,597,39,17,1,1,1
486,6,744,520,32,16,1,1,1
486,7,618,561,36,17,1,1,1
486,8,479,490,34,17,1,1,1
486,9,146,651,48,18,1,1,1
486,10,891,589,30,17,1,1,1
486,11,69,576,46,18,1,1,1
487,1,1112,494,32,16,1,1,1
487,2,1231,553,35,16,1,1,1
487,3,1471,569,38,16,1,1,1
487,4,1477,550,38,16,1,1,1
487,5,1636,593,41,16,1,1,1
487,6,745,519,33,16,1,1,1
487,7,617,560,36,17,1,1,1
487,8,476,491,35,17,1,1,1
487,9,150,651,47,18,1,1,1
487,10,892,587,30,17,1,1,1
487,11,68,575,46,18,1,1,1
488,1,1109,493,31,16,1,1,1
488,2,1228,551,34,16,1,1,1
488,3,1470,564,38,17,1,1,1
488,4,1478,546,38,16,1,1,1
488,5,1635,588,42,17,1,1,1
488,6,745,518,32,16,1,1,1
488,7,614,560,35,17,1,1,1
488,8,472,493,35,16,1,1,1
488,9,150,651,48,19,1,1,1
488,10,891,585,31,17,1,1,1
488,11,65,575,46,17,1,1,1
489,1,1106,493,32,16,1,1,1
489,2,1225,549,34,17,1,1,1
489,3,1468,561,38,16,1,1,1
489,4,1478,544,38,16,1,1,1
489,5,1634,585,41,16,1,1,1
489,6,744,517,32,16,1,1,1
489,7,611,560,35,17,1,1,1
489,8,467,494,36,16,1,1,1
489,9,149,652,48,19,1,1,1
489,10,890,583,30,17,1,1,1
489,11,60,575,47,18,1,1,1
490,1,1100,492,32,16,1,1,1
490,2,1218,547,35,16,1,1,1
490,3,1463,555,39,17,1,1,1
490,4,1475,539,38,16,1,1,1
490,5,1630,579,41,17,1,1,1
490,6,740,516,33,16,1,1,1
490,7,605,560,36,17,1,1,1
490,8,460,495,35,17,1,1,1
490,9,146,654,46,18,1,1,1
490,10,887,581,30,17,1,1,1
490,11,52,576,47,17,1,1,1
491,1,1096,491,32,17,1,1,1
491,2,1214,546,34,16,1,1,1
491,3,1460,552,38,16,1,1,1
491,4,1473,537,38,16,1,1,1
491,5,1627,576,40,16,1,1,1
491,6,738,516,32,16,1,1,1
491,7,601,560,37,17,1,1,1
491,8,454,497,36,16,1,1,1
491,9,142,655,47,19,1,1,1
491,10,884,580,31,17,1,1,1
491,11,46,576,47,18,1,1,1
492,1,1089,491,32,16,1,1,1
492,2,1208,544,33,16,1,1,1
492,3,1454,547,38,16,1,1,1
492,4,1468,532,38,17,1,1,1
492,5,1620,571,40,16,1,1,1
492,6,733,515,33,16,1,1,1
492,7,593,560,38,18,1,1,1
492,8,445,499,36,16,1,1,1
492,9,136,656,48,20,1,1,1
492,10,880,579,30,16,1,1,1
492,11,35,577,47,18,1,1,1
493,1,1085,490,31,16,1,1,1
493,2,1202,543,34,16,1,1,1
493,3,1450,544,37,16,1,1,1
493,4,1465,530,38,16,1,1,1
493,5,1615,567,41,16,1,1,1
493,6,730,515,32,16,1,1,1
493,7,588,560,38,18,1,1,1
493,8,439,500,36,16,1,1,1
493,9,131,658,48,19,1,1,1
493,10,876,577,31,17,1,1,1
493,11,27,578,48,17,1,1,1
494,1,1077,490,31,16,1,1,1
494,2,1193,541,34,15,1,1,1
494,3,1442,538,38,17,1,1,1
494,4,1460,526,36,16,1,1,1
494,5,1608,562,39,16,1,1,1
494,6,724,514,32,16,1,1,1
494,7,580,560,38,18,1,1,1
494,8,428,502,37,16,1,1,1
494,9,122,660,49,19,1,1,1
494,10,871,576,29,16,1,1,1
494,11,14,579,48,17,1,1,1
495,1,1068,489,32,16,1,1,1
495,2,1184,539,34,16,1,1,1
495,3,1434,533,37,16,1,1,1
495,4,1452,521,37,16,1,1,1
495,5,1598,556,40,16,1,1,1
495,6,717,513,33,16,1,1,1
495,7,570,561,39,17,1,1,1
495,8,416,504,38,16,1,1,1
495,9,112,662,49,19,1,1,1
495,10,864,574,30,16,1,1,1
495,11,0,580,48,18,1,1,1
496,1,1060,488,31,16,1,1,1
496,2,1175,537,34,16,1,1,1
496,3,1425,528,38,16,1,1,1
496,4,1444,517,38,17,1,1,1
496,5,1588,551,40,16,1,1,1
496,6,710,512,32,16,1,1,1
496,7,561,561,39,18,1,1,1
496,8,405,506,37,16,1,1,1
496,9,101,664,50,20,1,1,1
496,10,857,572,31,17,1,1,1
496,11,0,581,33,17,1,1,1
497,1,1054,487,31,16,1,1,1
497,2,1169,535,33,16,1,1,1
497,3,1419,525,38,16,1,1,1
497,4,1439,514,37,16,1,1,1
497,5,1582,547,39,16,1,1,1
497,6,705,511,33,16,1,1,1
497,7,554,560,39,18,1,1,1
497,8,396,507,37,16,1,1,1
497,9,93,665,49,19,1,1,1
497,10,852,570,31,17,1,1,1
497,11,0,581,22,17,1,1,1
498,1,1045,487,31,16,1,1,1
498,2,1160,533,33,16,1,1,1
498,3,1414,523,37,16,1,1,1
498,4,1432,511,36,16,1,1,1
498,5,1572,543,40,16,1,1,1
498,6,698,510,33,16,1,1,1
498,7,545,560,39,18,1,1,1
498,8,385,508,37,17,1,1,1
498,9,82,666,50,20,1,1,1
498,10,845,568,31,17,1,1,1
498,11,0,586,5,12,1,1,1
499,1,1040,487,31,16,1,1,1
499,2,1153,533,34,16,1,1,1
499,3,1408,521,37,16,1,1,1
499,4,1427,509,36,16,1,1,1
499,5,1567,540,38,16,1,1,1
499,6,693,510,33,16,1,1,1
499,7,539,561,39,17,1,1,1
499,8,376,510,37,16,1,1,1
499,9,74,667,51,20,1,1,1
499,10,840,568,30,16,1,1,1
500,1,1031,487,31,16,1,1,1
500,2,1146,532,32,16,1,1,1
500,3,1401,518,36,16,1,1,1
500,4,1419,507,37,16,1,1,1
500,5,1558,537,38,16,1,1,1
500,6,686,509,33,17,1,1,1
500,7,530,561,39,18,1,1,1
500,8,365,512,38,16,1,1,1
500,9,62,669,52,19,1,1,1
500,10,834,567,30,16,1,1,1
501,1,1025,487,31,17,1,1,1
501,2,1139,532,33,15,1,1,1
501,3,1395,515,37,16,1,1,1
501,4,1414,505,37,16,1,1,1
501,5,1551,535,39,16,1,1,1
501,6,681,509,34,16,1,1,1
501,7,523,561,40,18,1,1,1
501,8,357,513,38,16,1,1,1
501,9,54,669,52,20,1,1,1
501,10,829,566,30,16,1,1,1
502,1,1017,487,31,16,1,1,1
502,2,1130,531,33,15,1,1,1
502,3,1388,512,36,16,1,1,1
502,4,1407,502,37,17,1,1,1
502,5,1542,532,39,16,1,1,1
502,6,674,508,34,16,1,1,1
502,7,514,561,40,17,1,1,1
502,8,345,514,39,16,1,1,1
502,9,42,669,53,20,1,1,1
502,10,821,564,32,16,1,1,1
503,1,1009,487,32,16,1,1,1
503,2,1122,530,33,15,1,1,1
503,3,1382,508,36,16,1,1,1
503,4,1401,500,37,16,1,1,1
503,5,1535,529,38,16,1,1,1
503,6,669,506,33,16,1,1,1
503,7,506,560,40,17,1,1,1
503,8,334,515,39,17,1,1,1
503,9,32,669,53,20,1,1,1
503,10,816,562,31,16,1,1,1
504,1,1001,487,31,16,1,1,1
504,2,1114,528,33,16,1,1,1
504,3,1375,504,37,17,1,1,1
504,4,1396,497,36,16,1,1,1
504,5,1527,526,38,15,1,1,1
504,6,662,504,34,16,1,1,1
504,7,498,558,40,18,1,1,1
504,8,323,516,39,16,1,1,1
504,9,21,667,54,20,1,1,1
504,10,809,559,32,17,1,1,1
505,1,997,487,32,16,1,1,1
505,2,1110,528,33,16,1,1,1
505,3,1372,502,37,17,1,1,1
505,4,1394,496,35,16,1,1,1
505,5,1524,524,38,16,1,1,1
505,6,659,503,34,16,1,1,1
505,7,494,557,40,18,1,1,1
505,8,317,515,39,17,1,1,1
505,9,16,666,54,20,1,1,1
505,10,806,557,32,17,1,1,1
506,1,994,486,32,17,1,1,1
506,2,1107,527,33,16,1,1,1
506,3,1371,501,36,16,1,1,1
506,4,1391,495,36,16,1,1,1
506,5,1521,523,38,15,1,1,1
506,6,657,501,34,17,1,1,1
506,7,491,556,40,18,1,1,1
506,8,312,515,40,17,1,1,1
506,9,13,664,54,20,1,1,1
506,10,804,556,32,17,1,1,1
507,1,990,486,32,16,1,1,1
507,2,1102,526,33,16,1,1,1
507,3,1368,498,36,17,1,1,1
507,4,1389,493,36,16,1,1,1
507,5,1519,521,38,15,1,1,1
507,6,655,499,34,17,1,1,1
507,7,487,554,40,18,1,1,1
507,8,306,514,40,17,1,1,1
507,9,9,662,54,19,1,1,1
507,10,802,554,31,16,1,1,1
508,1,987,486,31,16,1,1,1
508,2,1098,526,33,15,1,1,1
508,3,1366,496,37,16,1,1,1
508,4,1388,492,37,16,1,1,1
508,5,1517,519,38,16,1,1,1
508,6,653,497,34,16,1,1,1
508,7,484,553,40,17,1,1,1
508,8,301,513,39,17,1,1,1
508,9,6,658,54,20,1,1,1
508,10,800,551,31,17,1,1,1
509,1,986,486,31,16,1,1,1
509,2,1098,525,32,16,1,1,1
509,3,1366,495,36,16,1,1,1
509,4,1389,491,35,16,1,1,1
509,5,1516,518,38,16,1,1,1
509,6,653,496,34,16,1,1,1
509,7,483,551,40,18,1,1,1
509,8,299,513,39,17,1,1,1
509,9,5,656,54,20,1,1,1
509,10,799,550,32,16,1,1,1
510,1,983,486,31,16,1,1,1
510,2,1094,524,33,16,1,1,1
510,3,1366,493,36,16,1,1,1
510,4,1390,490,35,16,1,1,1
510,5,1516,517,38,15,1,1,1
510,6,653,493,34,17,1,1,1
510,7,481,549,40,18,1,1,1
510,8,295,512,40,16,1,1,1
510,9,5,652,54,20,1,1,1
510,10,798,547,32,17,1,1,1
511,1,981,486,31,16,1,1,1
511,2,1092,524,34,16,1,1,1
511,3,1366,491,36,16,1,1,1
511,4,1391,489,36,16,1,1,1
511,5,1518,515,37,16,1,1,1
511,6,654,491,34,16,1,1,1
511,7,481,547,40,17,1,1,1
511,8,293,510,39,17,1,1,1
511,9,6,648,54,20,1,1,1
511,10,799,545,32,16,1,1,1
512,1,980,486,32,16,1,1,1
512,2,1092,523,33,16,1,1,1
512,3,1367,489,37,17,1,1,1
512,4,1392,488,37,16,1,1,1
512,5,1518,515,38,15,1,1,1
512,6,655,490,34,16,1,1,1
512,7,481,545,40,18,1,1,1
512,8,291,509,40,17,1,1,1
512,9,8,645,54,20,1,1,1
512,10,799,543,32,17,1,1,1
513,1,980,486,31,15,1,1,1
513,2,1091,523,33,16,1,1,1
513,3,1369,487,37,17,1,1,1
513,4,1395,487,37,16,1,1,1
513,5,1521,513,38,16,1,1,1
513,6,656,487,34,17,1,1,1
513,7,482,543,40,17,1,1,1
513,8,290,508,39,17,1,1,1
513,9,11,641,54,19,1,1,1
513,10,801,541,31,16,1,1,1
514,1,980,485,31,16,1,1,1
514,2,1090,522,33,16,1,1,1
514,3,1371,486,36,17,1,1,1
514,4,1399,486,35,16,1,1,1
514,5,1523,513,38,15,1,1,1
514,6,658,486,34,16,1,1,1
514,7,482,541,40,18,1,1,1
514,8,290,507,39,17,1,1,1
514,9,14,638,54,19,1,1,1
514,10,802,539,31,16,1,1,1
515,1,980,485,31,16,1,1,1
515,2,1090,522,34,16,1,1,1
515,3,1373,484,37,17,1,1,1
515,4,1402,485,36,16,1,1,1
515,5,1526,512,38,15,1,1,1
515,6,661,483,34,17,1,1,1
515,7,484,539,40,17,1,1,1
515,8,290,506,39,16,1,1,1
515,9,19,633,53,20,1,1,1
515,10,804,537,32,16,1,1,1
516,1,980,485,32,16,1,1,1
516,2,1090,522,34,15,1,1,1
516,3,1376,483,36,16,1,1,1
516,4,1405,484,36,17,1,1,1
516,5,1529,511,38,16,1,1,1
516,6,663,482,33,16,1,1,1
516,7,485,537,40,18,1,1,1
516,8,290,505,40,16,1,1,1
516,9,23,630,53,20,1,1,1
516,10,805,535,32,16,1,1,1
517,1,981,485,31,16,1,1,1
517,2,1091,521,33,16,1,1,1
517,3,1379,481,37,16,1,1,1
517,4,1409,483,37,17,1,1,1
517,5,1533,510,38,16,1,1,1
517,6,666,480,34,16,1,1,1
517,7,487,535,40,17,1,1,1
517,8,291,503,39,17,1,1,1
517,9,29,626,53,19,1,1,1
517,10,808,533,32,16,1,1,1
518,1,981,485,32,16,1,1,1
518,2,1092,520,33,16,1,1,1
518,3,1383,479,36,16,1,1,1
518,4,1414,482,36,17,1,1,1
518,5,1537,509,39,15,1,1,1
518,6,669,477,34,17,1,1,1
518,7,489,533,40,17,1,1,1
518,8,292,502,39,17,1,1,1
518,9,35,622,53,19,1,1,1
518,10,811,530,31,16,1,1,1
519,1,982,484,31,16,1,1,1
519,2,1092,519,32,16,1,1,1
519,3,1384,477,38,16,1,1,1
519,4,1417,481,37,16,1,1,1
519,5,1540,507,39,16,1,1,1
519,6,672,475,33,17,1,1,1
519,7,491,530,39,18,1,1,1
519,8,292,501,40,16,1,1,1
519,9,39,618,53,19,1,1,1
519,10,813,528,31,16,1,1,1
520,1,983,485,31,16,1,1,1
520,2,1092,519,34,16,1,1,1
520,3,1388,475,38,16,1,1,1
520,4,1423,480,36,16,1,1,1
520,5,1545,506,39,16,1,1,1
520,6,676,473,33,17,1,1,1
520,7,493,529,40,17,1,1,1
520,8,293,500,40,16,1,1,1
520,9,46,614,53,19,1,1,1
520,10,816,526,31,16,1,1,1
521,1,983,485,32,16,1,1,1
521,2,1093,519,33,15,1,1,1
521,3,1392,472,37,17,1,1,1
521,4,1429,479,36,16,1,1,1
521,5,1549,505,40,16,1,1,1
521,6,679,472,34,16,1,1,1
521,7,495,527,40,17,1,1,1
521,8,294,500,39,16,1,1,1
521,9,53,611,52,19,1,1,1
521,10,819,524,31,16,1,1,1
522,1,984,485,31,16,1,1,1
522,2,1093,518,33,16,1,1,1
522,3,1395,470,38,17,1,1,1
522,4,1433,478,37,16,1,1,1
522,5,1553,503,40,16,1,1,1
522,6,682,470,34,17,1,1,1
522,7,497,525,39,17,1,1,1
522,8,295,499,39,17,1,1,1
522,9,59,608,52,19,1,1,1
522,10,821,522,32,16,1,1,1
523,1,984,485,31,16,1,1,1
523,2,1093,518,33,15,1,1,1
523,3,1397,468,38,17,1,1,1
523,4,1436,477,37,16,1,1,1
523,5,1556,502,40,16,1,1,1
523,6,684,469,34,16,1,1,1
523,7,498,524,39,17,1,1,1
523,8,295,499,39,16,1,1,1
523,9,63,606,52,19,1,1,1
523,10,823,520,32,16,1,1,1
524,1,984,485,31,16,1,1,1
524,2,1093,517,33,16,1,1,1
524,3,1399,466,38,17,1,1,1
524,4,1439,475,37,17,1,1,1
524,5,1559,500,39,17,1,1,1
524,6,686,468,33,16,1,1,1
524,7,499,523,39,17,1,1,1
524,8,295,499,38,16,1,1,1
524,9,67,604,51,19,1,1,1
524,10,824,519,32,16,1,1,1
525,1,984,485,31,16,1,1,1
525,2,1092,516,33,16,1,1,1
525,3,1402,462,38,17,1,1,1
525,4,1445,473,36,16,1,1,1
525,5,1563,497,39,17,1,1,1
525,6,689,465,34,17,1,1,1
525,7,500,521,39,17,1,1,1
525,8,294,499,38,16,1,1,1
525,9,73,600,51,19,1,1,1
525,10,827,516,31,16,1,1,1
526,1,984,484,31,16,1,1,1
526,2,1091,515,34,16,1,1,1
526,3,1403,460,38,17,1,1,1
526,4,1446,471,37,17,1,1,1
526,5,1564,496,40,16,1,1,1
526,6,691,464,33,17,1,1,1
526,7,500,520,39,17,1,1,1
526,8,293,499,40,16,1,1,1
526,9,76,599,51,18,1,1,1
526,10,828,514,31,17,1,1,1
527,1,982,484,32,16,1,1,1
527,2,1090,514,33,16,1,1,1
527,3,1404,457,38,17,1,1,1
527,4,1449,469,38,17,1,1,1
527,5,1567,493,39,16,1,1,1
527,6,692,462,34,17,1,1,1
527,7,500,519,39,17,1,1,1
527,8,291,499,40,16,1,1,1
527,9,79,597,51,18,1,1,1
527,10,829,512,30,16,1,1,1
528,1,981,484,31,16,1,1,1
528,2,1088,513,33,16,1,1,1
528,3,1405,453,38,17,1,1,1
528,4,1451,467,38,16,1,1,1
528,5,1568,490,40,17,1,1,1
528,6,693,461,33,16,1,1,1
528,7,499,517,39,17,1,1,1
528,8,289,499,39,16,1,1,1
528,9,81,595,51,18,1,1,1
528,10,829,510,32,16,1,1,1
529,1,980,484,31,16,1,1,1
529,2,1087,512,33,16,1,1,1
529,3,1405,451,38,17,1,1,1
529,4,1452,465,38,17,1,1,1
529,5,1568,488,40,17,1,1,1
529,6,693,459,33,17,1,1,1
529,7,498,516,38,18,1,1,1
529,8,287,499,40,16,1,1,1
529,9,82,593,51,19,1,1,1
529,10,829,508,32,17,1,1,1
530,1,977,483,30,16,1,1,1
530,2,1083,511,33,16,1,1,1
530,3,1404,446,39,17,1,1,1
530,4,1454,462,38,17,1,1,1
530,5,1568,484,40,17,1,1,1
530,6,693,457,34,17,1,1,1
530,7,495,515,40,17,1,1,1
530,8,282,499,40,17,1,1,1
530,9,83,591,51,19,1,1,1
530,10,829,505,31,17,1,1,1
531,1,974,483,31,16,1,1,1
531,2,1080,510,33,16,1,1,1
531,3,1403,443,39,17,1,1,1
531,4,1454,459,38,17,1,1,1
531,5,1568,481,40,17,1,1,1
531,6,693,456,33,17,1,1,1
531,7,493,514,39,17,1,1,1
531,8,278,500,40,16,1,1,1
531,9,83,590,51,18,1,1,1
531,10,828,503,32,17,1,1,1
532,1,973,483,31,16,1,1,1
532,2,1080,509,32,16,1,1,1
532,3,1403,441,38,17,1,1,1
532,4,1454,458,38,17,1,1,1
532,5,1567,480,41,16,1,1,1
532,6,692,455,34,17,1,1,1
532,7,491,514,40,17,1,1,1
532,8,276,500,40,17,1,1,1
532,9,83,590,51,18,1,1,1
532,10,827,502,32,17,1,1,1
533,1,970,483,30,16,1,1,1
533,2,1075,508,33,16,1,1,1
533,3,1401,438,38,17,1,1,1
533,4,1454,456,38,17,1,1,1
533,5,1566,477,40,16,1,1,1
533,6,691,454,34,16,1,1,1
533,7,488,513,40,17,1,1,1
533,8,271,501,39,16,1,1,1
533,9,82,588,51,19,1,1,1
533,10,826,500,32,17,1,1,1
534,1,966,482,30,16,1,1,1
534,2,1071,507,33,16,1,1,1
534,3,1399,434,38,17,1,1,1
534,4,1454,453,38,17,1,1,1
534,5,1564,474,40,16,1,1,1
534,6,690,452,33,17,1,1,1
534,7,485,512,40,17,1,1,1
534,8,266,501,40,17,1,1,1
534,9,80,587,51,19,1,1,1
534,10,824,498,32,17,1,1,1
535,1,963,482,30,16,1,1,1
535,2,1067,506,33,16,1,1,1
535,3,1396,430,39,17,1,1,1
535,4,1453,450,38,17,1,1,1
535,5,1562,470,40,17,1,1,1
535,6,688,451,34,16,1,1,1
535,7,481,511,40,17,1,1,1
535,8,259,502,41,17,1,1,1
535,9,77,586,52,18,1,1,1
535,10,822,496,32,17,1,1,1
536,1,958,482,31,16,1,1,1
536,2,1062,505,33,16,1,1,1
536,3,1394,426,38,18,1,1,1
536,4,1451,448,38,17,1,1,1
536,5,1559,467,40,17,1,1,1
536,6,686,449,34,17,1,1,1
536,7,476,510,41,17,1,1,1
536,8,253,503,41,16,1,1,1
536,9,75,585,51,18,1,1,1
536,10,819,494,32,17,1,1,1
537,1,955,481,31,16,1,1,1
537,2,1059,503,33,16,1,1,1
537,3,1392,423,38,17,1,1,1
537,4,1451,445,37,17,1,1,1
537,5,1557,464,40,17,1,1,1
537,6,684,447,33,17,1,1,1
537,7,473,509,41,17,1,1,1
537,8,248,503,40,16,1,1,1
537,9,72,583,52,19,1,1,1
537,10,818,492,31,16,1,1,1
538,1,951,481,31,16,1,1,1
538,2,1055,503,32,16,1,1,1
538,3,1389,420,38,17,1,1,1
538,4,1448,443,38,17,1,1,1
538,5,1555,461,39,17,1,1,1
538,6,682,446,33,17,1,1,1
538,7,469,508,41,17,1,1,1
538,8,242,504,40,16,1,1,1
538,9,69,583,52,18,1,1,1
538,10,815,490,32,17,1,1,1
539,1,946,482,31,16,1,1,1
539,2,1050,502,32,16,1,1,1
539,3,1386,417,38,17,1,1,1
539,4,1447,441,37,17,1,1,1
539,5,1551,459,40,17,1,1,1
539,6,679,445,34,17,1,1,1
539,7,464,508,41,17,1,1,1
539,8,235,505,41,16,1,1,1
539,9,65,582,52,18,1,1,1
539,10,812,488,33,17,1,1,1
540,1,942,482,31,16,1,1,1
540,2,1045,502,33,16,1,1,1
540,3,1383,414,38,17,1,1,1
540,4,1445,439,38,17,1,1,1
540,5,1548,456,40,17,1,1,1
540,6,677,444,34,17,1,1,1
540,7,460,507,41,17,1,1,1
540,8,228,506,41,16,1,1,1
540,9,61,581,53,18,1,1,1
540,10,810,487,31,16,1,1,1
541,1,939,482,31,16,1,1,1
541,2,1042,501,33,16,1,1,1
541,3,1381,411,38,18,1,1,1
541,4,1443,438,38,16,1,1,1
541,5,1546,454,40,17,1,1,1
541,6,675,443,34,17,1,1,1
541,7,457,506,41,18,1,1,1
541,8,224,506,41,17,1,1,1
541,9,59,580,53,19,1,1,1
541,10,808,485,32,17,1,1,1
542,1,933,481,31,16,1,1,1
542,2,1036,500,32,16,1,1,1
542,3,1377,407,38,17,1,1,1
542,4,1441,434,38,17,1,1,1
542,5,1543,451,39,16,1,1,1
542,6,672,441,34,17,1,1,1
542,7,451,505,41,17,1,1,1
542,8,215,507,42,17,1,1,1
542,9,54,578,53,19,1,1,1
542,10,804,482,33,17,1,1,1
543,1,930,481,31,16,1,1,1
543,2,1032,499,33,16,1,1,1
543,3,1375,404,38,18,1,1,1
543,4,1440,433,38,17,1,1,1
543,5,1541,449,39,16,1,1,1
543,6,671,440,34,17,1,1,1
543,7,448,504,41,18,1,1,1
543,8,210,508,42,16,1,1,1
543,9,52,577,53,19,1,1,1
543,10,803,481,32,17,1,1,1
544,1,928,481,30,16,1,1,1
544,2,1029,498,33,16,1,1,1
544,3,1373,402,38,18,1,1,1
544,4,1439,431,38,17,1,1,1
544,5,1539,447,39,17,1,1,1
544,6,669,439,34,17,1,1,1
544,7,445,503,41,18,1,1,1
544,8,206,508,41,16,1,1,1
544,9,49,576,54,18,1,1,1
544,10,801,479,32,17,1,1,1
545,1,925,481,30,16,1,1,1
545,2,1026,497,33,17,1,1,1
545,3,1371,400,38,17,1,1,1
545,4,1438,430,38,17,1,1,1
545,5,1537,445,40,17,1,1,1
545,6,668,437,33,17,1,1,1
545,7,442,502,42,18,1,1,1
545,8,201,508,42,17,1,1,1
545,9,47,574,53,19,1,1,1
545,10,799,478,33,17,1,1,1
546,1,920,481,30,16,1,1,1
546,2,1021,496,33,16,1,1,1
546,3,1368,396,39,17,1,1,1
546,4,1437,427,38,17,1,1,1
546,5,1534,441,40,17,1,1,1
546,6,665,435,35,17,1,1,1
546,7,437,501,42,17,1,1,1
546,8,194,508,42,17,1,1,1
546,9,44,572,53,18,1,1,1
546,10,797,475,32,17,1,1,1
547,1,918,480,30,16,1,1,1
547,2,1019,495,32,17,1,1,1
547,3,1367,393,38,18,1,1,1
547,4,1436,426,38,17,1,1,1
547,5,1533,440,40,17,1,1,1
547,6,665,434,34,17,1,1,1
547,7,435,500,42,17,1,1,1
547,8,190,508,41,17,1,1,1
547,9,42,570,54,19,1,1,1
547,10,795,473,33,17,1,1,1
548,1,914,480,31,16,1,1,1
548,2,1015,495,33,16,1,1,1
548,3,1366,390,38,18,1,1,1
548,4,1436,424,38,17,1,1,1
548,5,1532,437,39,17,1,1,1
548,6,663,432,34,17,1,1,1
548,7,432,498,42,18,1,1,1
548,8,185,508,43,16,1,1,1
548,9,41,568,53,18,1,1,1
548,10,794,471,32,17,1,1,1
549,1,913,480,30,16,1,1,1
549,2,1014,494,32,16,1,1,1
549,3,1365,388,38,18,1,1,1
549,4,1436,422,37,17,1,1,1
549,5,1531,436,40,17,1,1,1
549,6,663,431,34,17,1,1,1
549,7,431,497,41,18,1,1,1
549,8,182,508,42,16,1,1,1
549,9,40,566,53,19,1,1,1
549,10,793,469,32,17,1,1,1
550,1,910,480,31,16,1,1,1
550,2,1011,493,32,16,1,1,1
550,3,1364,386,38,18,1,1,1
550,4,1436,421,37,17,1,1,1
550,5,1531,434,39,17,1,1,1
550,6,662,429,34,17,1,1,1
550,7,429,496,42,18,1,1,1
550,8,179,507,42,17,1,1,1
550,9,39,565,54,18,1,1,1
550,10,792,468,33,17,1,1,1
551,1,908,480,30,16,1,1,1
551,2,1008,492,32,16,1,1,1
551,3,1363,383,38,18,1,1,1
551,4,1436,419,38,17,1,1,1
551,5,1530,432,39,17,1,1,1
551,6,661,427,35,18,1,1,1
551,7,426,494,42,18,1,1,1
551,8,174,507,43,17,1,1,1
551,9,38,562,54,18,1,1,1
551,10,791,465,33,18,1,1,1
552,1,905,479,31,16,1,1,1
552,2,1005,491,32,17,1,1,1
552,3,1362,380,39,18,1,1,1
552,4,1437,417,37,17,1,1,1
552,5,1529,430,40,17,1,1,1
552,6,661,425,34,18,1,1,1
552,7,424,493,42,17,1,1,1
552,8,171,508,42,17,1,1,1
552,9,38,559,54,19,1,1,1
552,10,790,463,33,17,1,1,1
553,1,903,480,30,16,1,1,1
553,2,1002,490,32,17,1,1,1
553,3,1362,377,38,18,1,1,1
553,4,1438,416,37,17,1,1,1
553,5,1529,427,40,17,1,1,1
553,6,661,423,34,18,1,1,1
553,7,422,491,43,17,1,1,1
553,8,167,510,43,17,1,1,1
553,9,38,556,54,19,1,1,1
553,10,790,461,33,17,1,1,1
554,1,901,481,31,16,1,1,1
554,2,1000,490,33,16,1,1,1
554,3,1362,375,38,18,1,1,1
554,4,1438,416,38,17,1,1,1
554,5,1530,426,39,17,1,1,1
554,6,661,422,34,17,1,1,1
554,7,422,490,42,17,1,1,1
554,8,165,510,43,17,1,1,1
554,9,39,555,53,18,1,1,1
554,10,790,459,32,17,1,1,1
555,1,900,482,29,16,1,1,1
555,2,998,488,32,17,1,1,1
555,3,1362,371,38,18,1,1,1
555,4,1440,415,37,18,1,1,1
555,5,1530,423,40,17,1,1,1
555,6,661,419,35,18,1,1,1
555,7,420,487,42,18,1,1,1
555,8,162,508,44,18,1,1,1
555,9,39,551,54,18,1,1,1
555,10,790,456,32,17,1,1,1
556,1,899,483,30,16,1,1,1
556,2,996,489,33,16,1,1,1
556,3,1362,369,38,18,1,1,1
556,4,1440,417,38,17,1,1,1
556,5,1531,422,39,17,1,1,1
556,6,662,418,34,18,1,1,1
556,7,419,486,43,18,1,1,1
556,8,161,508,44,18,1,1,1
556,9,40,549,54,19,1,1,1
556,10,790,455,32,17,1,1,1
557,1,898,483,29,17,1,1,1
557,2,995,490,32,17,1,1,1
557,3,1362,367,39,18,1,1,1
557,4,1442,420,38,18,1,1,1
557,5,1532,420,39,17,1,1,1
557,6,662,417,34,17,1,1,1
557,7,419,486,42,18,1,1,1
557,8,160,509,43,18,1,1,1
557,9,42,547,53,18,1,1,1
557,10,790,453,33,17,1,1,1
558,1,897,483,29,17,1,1,1
558,2,993,492,32,17,1,1,1
558,3,1363,366,38,18,1,1,1
558,4,1443,423,38,18,1,1,1
558,5,1532,419,40,17,1,1,1
558,6,663,416,34,17,1,1,1
558,7,418,487,42,18,1,1,1
558,8,159,509,43,18,1,1,1
558,9,43,545,53,18,1,1,1
558,10,790,451,33,18,1,1,1
559,1,896,484,29,17,1,1,1
559,2,992,496,32,17,1,1,1
559,3,1363,365,38,18,1,1,1
559,4,1444,427,39,17,1,1,1
559,5,1533,417,40,17,1,1,1
559,6,663,414,35,18,1,1,1
559,7,417,489,43,18,1,1,1
559,8,158,509,44,19,1,1,1
559,9,44,543,54,18,1,1,1
559,10,790,449,33,18,1,1,1
560,1,895,485,29,17,1,1,1
560,2,991,500,31,17,1,1,1
560,3,1364,365,38,19,1,1,1
560,4,1445,428,39,17,1,1,1
560,5,1534,415,40,17,1,1,1
560,6,664,412,35,18,1,1,1
560,7,417,493,42,18,1,1,1
560,8,159,509,43,18,1,1,1
560,9,46,540,54,18,1,1,1
560,10,790,447,33,17,1,1,1
561,1,894,486,30,17,1,1,1
561,2,990,504,30,17,1,1,1
561,3,1364,367,39,19,1,1,1
561,4,1447,429,38,17,1,1,1
561,5,1535,412,40,17,1,1,1
561,6,665,411,34,17,1,1,1
561,7,416,497,43,18,1,1,1
561,8,159,509,43,18,1,1,1
561,9,48,537,54,18,1,1,1
561,10,791,444,33,18,1,1,1
562,1,894,486,30,17,1,1,1
562,2,990,505,29,18,1,1,1
562,3,1365,369,38,19,1,1,1
562,4,1447,429,39,18,1,1,1
562,5,1536,411,40,17,1,1,1
562,6,666,411,34,17,1,1,1
562,7,416,499,42,18,1,1,1
562,8,160,509,43,19,1,1,1
562,9,49,535,54,18,1,1,1
562,10,791,443,33,17,1,1,1
563,1,894,486,30,17,1,1,1
563,2,989,507,29,17,1,1,1
563,3,1365,373,38,19,1,1,1
563,4,1449,432,38,17,1,1,1
563,5,1537,408,40,17,1,1,1
563,6,666,412,35,17,1,1,1
563,7,416,499,42,18,1,1,1
563,8,161,510,42,18,1,1,1
563,9,51,532,54,18,1,1,1
563,10,791,440,33,18,1,1,1
564,1,896,486,30,17,1,1,1
564,2,990,507,30,18,1,1,1
564,3,1368,379,39,18,1,1,1
564,4,1451,437,39,18,1,1,1
564,5,1541,408,40,17,1,1,1
564,6,670,411,34,18,1,1,1
564,7,417,495,43,18,1,1,1
564,8,165,503,43,18,1,1,1
564,9,56,522,53,18,1,1,1
564,10,794,435,33,18,1,1,1
565,1,902,484,31,17,1,1,1
565,2,995,508,31,18,1,1,1
565,3,1376,385,39,19,1,1,1
565,4,1460,444,39,17,1,1,1
565,5,1551,412,40,17,1,1,1
565,6,677,409,34,18,1,1,1
565,7,425,489,43,18,1,1,1
565,8,176,493,42,18,1,1,1
565,9,67,508,53,19,1,1,1
565,10,801,431,32,17,1,1,1
566,1,924,485,31,17,1,1,1
566,2,1016,513,31,19,1,1,1
566,3,1404,398,40,19,1,1,1
566,4,1488,457,40,17,1,1,1
566,5,1583,422,42,18,1,1,1
566,6,703,410,33,17,1,1,1
566,7,453,482,41,19,1,1,1
566,8,213,479,41,19,1,1,1
566,9,107,489,51,18,1,1,1
566,10,825,426,32,18,1,1,1
567,1,948,486,31,18,1,1,1
567,2,1039,518,31,19,1,1,1
567,3,1433,406,41,19,1,1,1
567,4,1519,466,41,17,1,1,1
567,5,1617,430,43,18,1,1,1
567,6,729,411,32,18,1,1,1
567,7,482,481,41,18,1,1,1
567,8,251,472,39,19,1,1,1
567,9,148,478,49,19,1,1,1
567,10,849,425,33,18,1,1,1
568,1,996,490,30,18,1,1,1
568,2,1087,525,30,19,1,1,1
568,3,1495,417,42,19,1,1,1
568,4,1584,480,43,18,1,1,1
568,5,1690,443,46,19,1,1,1
568,6,780,415,32,17,1,1,1
568,7,539,477,40,19,1,1,1
568,8,323,463,38,18,1,1,1
568,9,227,465,46,19,1,1,1
568,10,899,424,31,18,1,1,1
569,1,1035,492,30,18,1,1,1
569,2,1126,529,32,19,1,1,1
569,3,1546,425,44,20,1,1,1
569,4,1639,491,45,18,1,1,1
569,5,1753,454,48,19,1,1,1
569,6,820,416,32,18,1,1,1
569,7,584,473,38,19,1,1,1
569,8,377,456,37,18,1,1,1
569,9,286,456,44,19,1,1,1
569,10,938,423,32,19,1,1,1
569,11,13,298,47,22,1,1,1
569,12,0,409,24,17,1,1,1
570,1,1077,493,31,18,1,1,1
570,2,1169,532,32,19,1,1,1
570,3,1604,433,47,20,1,1,1
570,4,1702,502,47,18,1,1,1
570,5,1825,464,51,19,1,1,1
570,6,863,416,31,18,1,1,1
570,7,630,468,38,19,1,1,1
570,8,433,449,36,17,1,1,1
570,9,345,448,43,18,1,1,1
570,10,980,421,32,20,1,1,1
570,11,91,294,44,22,1,1,1
570,12,61,399,40,17,1,1,1
571,1,1127,494,31,19,1,1,1
571,2,1219,536,33,20,1,1,1
571,3,1675,439,49,20,1,1,1
571,4,1779,511,51,19,1,1,1
571,5,1914,477,6,9,1,1,1
571,6,911,419,31,18,1,1,1
571,7,683,466,36,19,1,1,1
571,8,495,448,34,18,1,1,1
571,9,411,445,40,18,1,1,1
571,10,1029,422,32,19,1,1,1
571,11,173,299,41,21,1,1,1
571,12,146,397,37,17,1,1,1
572,1,1205,499,32,19,1,1,1
572,2,1301,546,34,20,1,1,1
572,3,1795,448,54,21,1,1,1
572,4,1913,526,7,13,1,1,1
572,6,984,426,30,18,1,1,1
572,7,761,471,36,19,1,1,1
572,8,585,451,32,17,1,1,1
572,9,504,448,38,17,1,1,1
572,10,1104,427,32,20,1,1,1
572,11,287,313,37,19,1,1,1
572,12,264,401,34,16,1,1,1
573,1,1250,502,32,18,1,1,1
573,2,1348,551,35,20,1,1,1
573,3,1866,450,54,22,1,1,1
573,6,1024,430,30,18,1,1,1
573,7,802,475,35,19,1,1,1
573,8,631,453,32,17,1,1,1
573,9,552,450,37,17,1,1,1
573,10,1144,432,33,19,1,1,1
573,11,343,320,36,19,1,1,1
573,12,322,404,32,17,1,1,1
574,1,1289,504,31,18,1,1,1
574,2,1390,555,35,19,1,1,1
574,6,1058,434,30,18,1,1,1
574,7,837,479,35,18,1,1,1
574,8,670,455,31,17,1,1,1
574,9,591,452,36,17,1,1,1
574,10,1180,435,33,20,1,1,1
574,11,388,327,35,19,1,1,1
574,12,369,408,31,16,1,1,1
575,1,1319,505,32,18,1,1,1
575,2,1423,558,36,19,1,1,1
575,6,1083,435,31,18,1,1,1
575,7,863,479,35,19,1,1,1
575,8,699,456,30,17,1,1,1
575,9,620,451,35,16,1,1,1
575,10,1207,437,34,20,1,1,1
575,11,421,328,34,18,1,1,1
575,12,403,408,31,16,1,1,1
576,1,1332,505,33,18,1,1,1
576,2,1437,559,36,20,1,1,1
576,6,1094,436,30,18,1,1,1
576,7,874,479,35,19,1,1,1
576,8,711,457,31,16,1,1,1
576,9,632,451,35,17,1,1,1
576,10,1219,437,33,19,1,1,1
576,11,434,329,34,17,1,1,1
576,12,416,408,29,15,1,1,1
577,1,1349,506,33,18,1,1,1
577,2,1457,562,36,19,1,1,1
577,6,1106,440,30,18,1,1,1
577,7,887,483,34,18,1,1,1
577,8,726,462,31,16,1,1,1
577,9,645,456,34,17,1,1,1
577,10,1233,437,34,20,1,1,1
577,11,448,338,34,17,1,1,1
577,12,432,416,31,16,1,1,1
578,1,1359,506,33,18,1,1,1
578,2,1468,565,37,19,1,1,1
578,6,1111,445,31,17,1,1,1
578,7,895,488,35,18,1,1,1
578,8,734,467,31,16,1,1,1
578,9,652,462,35,17,1,1,1
578,10,1240,439,34,19,1,1,1
578,11,454,348,33,16,1,1,1
578,12,439,424,31,16,1,1,1
579,1,1362,506,33,17,1,1,1
579,2,1474,566,36,18,1,1,1
579,6,1111,449,31,18,1,1,1
579,7,896,493,35,18,1,1,1
579,8,736,473,31,15,1,1,1
579,9,652,468,35,17,1,1,1
579,10,1241,441,34,19,1,1,1
579,11,453,358,33,17,1,1,1
579,12,439,432,30,14,1,1,1
580,1,1361,505,32,17,1,1,1
580,2,1473,564,36,18,1,1,1
580,6,1107,450,31,18,1,1,1
580,7,894,497,34,17,1,1,1
580,8,734,475,31,16,1,1,1
580,9,647,469,34,17,1,1,1
580,10,1238,443,34,19,1,1,1
580,11,446,362,33,16,1,1,1
580,12,433,435,31,15,1,1,1
581,1,1356,503,32,17,1,1,1
581,2,1470,562,35,18,1,1,1
581,6,1099,454,31,17,1,1,1
581,7,888,503,35,17,1,1,1
581,8,729,481,31,15,1,1,1
581,9,639,476,35,17,1,1,1
581,10,1231,445,34,19,1,1,1
581,11,435,373,33,17,1,1,1
581,12,423,444,27,15,1,1,1
582,1,1350,501,32,17,1,1,1
582,2,1465,561,35,18,1,1,1
582,6,1091,458,31,17,1,1,1
582,7,883,506,35,17,1,1,1
582,8,723,486,32,15,1,1,1
582,9,631,482,35,17,1,1,1
582,10,1224,446,34,18,1,1,1
582,11,424,381,33,17,1,1,1
582,12,413,453,31,15,1,1,1
583,1,1343,499,32,16,1,1,1
583,2,1459,560,35,18,1,1,1
583,6,1082,461,31,17,1,1,1
583,7,876,509,35,17,1,1,1
583,8,716,491,31,15,1,1,1
583,9,621,489,35,16,1,1,1
583,10,1217,445,34,18,1,1,1
583,11,411,390,35,16,1,1,1
583,12,401,461,31,15,1,1,1
584,1,1335,496,33,16,1,1,1
584,2,1453,558,35,17,1,1,1
584,6,1074,462,31,17,1,1,1
584,7,869,511,35,17,1,1,1
584,8,709,493,32,15,1,1,1
584,9,611,492,35,17,1,1,1
584,10,1209,443,34,18,1,1,1
584,11,398,397,35,16,1,1,1
584,12,389,467,31,15,1,1,1
585,1,1328,492,32,17,1,1,1
585,2,1445,554,36,17,1,1,1
585,6,1065,464,30,17,1,1,1
585,7,862,515,35,17,1,1,1
585,8,701,498,32,15,1,1,1
585,9,600,497,36,16,1,1,1
585,10,1200,443,34,18,1,1,1
585,11,384,406,35,16,1,1,1
585,12,376,474,32,15,1,1,1
586,1,1318,490,33,17,1,1,1
586,2,1437,550,36,17,1,1,1
586,6,1055,467,31,16,1,1,1
586,7,854,521,35,16,1,1,1
586,8,693,502,32,16,1,1,1
586,9,589,503,36,16,1,1,1
586,10,1191,445,34,18,1,1,1
586,11,370,416,35,16,1,1,1
586,12,362,482,33,15,1,1,1
587,1,1304,485,32,17,1,1,1
587,2,1424,546,36,17,1,1,1
587,3,1896,390,24,20,1,1,1
587,6,1039,470,31,17,1,1,1
587,7,842,526,35,16,1,1,1
587,8,679,507,32,16,1,1,1
587,9,570,510,37,17,1,1,1
587,10,1177,446,34,17,1,1,1
587,11,347,425,36,17,1,1,1
587,12,340,493,33,15,1,1,1
588,1,1293,482,33,17,1,1,1
588,2,1414,543,36,17,1,1,1
588,3,1874,384,46,20,1,1,1
588,6,1028,471,32,16,1,1,1
588,7,833,526,35,16,1,1,1
588,8,668,509,32,16,1,1,1
588,9,557,513,37,17,1,1,1
588,10,1167,443,33,18,1,1,1
588,11,331,431,36,16,1,1,1
588,12,324,498,34,15,1,1,1
589,1,1282,480,31,17,1,1,1
589,2,1402,542,36,17,1,1,1
589,3,1850,381,56,21,1,1,1
589,6,1016,473,31,16,1,1,1
589,7,821,528,36,17,1,1,1
589,8,656,513,32,16,1,1,1
589,9,542,518,37,17,1,1,1
589,10,1155,442,33,18,1,1,1
589,11,312,439,37,16,1,1,1
589,12,306,506,34,14,1,1,1
590,1,1266,479,32,17,1,1,1
590,2,1387,541,36,17,1,1,1
590,3,1822,378,55,21,1,1,1
590,6,1002,475,31,17,1,1,1
590,7,809,532,35,16,1,1,1
590,8,642,518,33,16,1,1,1
590,9,524,524,38,16,1,1,1
590,10,1141,442,33,18,1,1,1
590,11,290,448,37,16,1,1,1
590,12,284,513,34,15,1,1,1
591,1,1251,476,32,18,1,1,1
591,2,1372,538,36,17,1,1,1
591,3,1794,374,54,21,1,1,1
591,6,987,478,31,16,1,1,1
591,7,795,535,35,17,1,1,1
591,8,626,521,33,16,1,1,1
591,9,505,529,38,16,1,1,1
591,10,1127,443,33,18,1,1,1
591,11,266,456,38,17,1,1,1
591,12,261,520,35,14,1,1,1
592,1,1227,472,31,17,1,1,1
592,2,1349,532,34,17,1,1,1
592,3,1752,366,52,21,1,1,1
592,4,1871,403,49,19,1,1,1
592,6,963,480,32,16,1,1,1
592,7,773,540,36,17,1,1,1
592,8,601,524,34,16,1,1,1
592,9,475,534,39,17,1,1,1
592,10,1104,443,33,18,1,1,1
592,11,228,464,40,17,1,1,1
592,12,224,528,35,15,1,1,1
593,1,1210,472,30,17,1,1,1
593,2,1330,533,35,17,1,1,1
593,3,1723,367,50,21,1,1,1
593,4,1838,403,52,20,1,1,1
593,6,946,483,32,16,1,1,1
593,7,757,543,35,17,1,1,1
593,8,583,527,33,16,1,1,1
593,9,453,538,40,16,1,1,1
593,10,1088,446,32,18,1,1,1
593,11,200,469,40,16,1,1,1
593,12,195,534,38,15,1,1,1
594,1,1193,472,31,17,1,1,1
594,2,1313,534,35,17,1,1,1
594,3,1696,369,49,21,1,1,1
594,4,1809,403,50,19,1,1,1
594,6,931,486,31,16,1,1,1
594,7,741,545,36,17,1,1,1
594,8,565,531,34,16,1,1,1
594,9,432,541,40,17,1,1,1
594,10,1073,447,32,17,1,1,1
594,11,173,473,41,17,1,1,1
594,12,169,538,38,16,1,1,1
595,1,1170,471,31,17,1,1,1
595,2,1291,535,34,18,1,1,1
595,3,1661,372,47,21,1,1,1
595,4,1769,401,49,20,1,1,1
595,5,1871,358,49,20,1,1,1
595,6,909,489,32,17,1,1,1
595,7,720,546,36,18,1,1,1
595,8,540,533,35,16,1,1,1
595,9,401,544,42,17,1,1,1
595,10,1052,446,32,18,1,1,1
595,11,134,480,43,17,1,1,1
595,12,130,543,39,16,1,1,1
596,1,1157,471,31,16,1,1,1
596,2,1278,535,34,18,1,1,1
596,3,1641,373,46,21,1,1,1
596,4,1747,401,48,19,1,1,1
596,5,1845,360,51,20,1,1,1
596,6,896,490,32,17,1,1,1
596,7,707,548,36,17,1,1,1
596,8,526,534,35,16,1,1,1
596,9,383,545,41,17,1,1,1
596,10,1040,446,32,18,1,1,1
596,11,110,483,44,18,1,1,1
596,12,106,545,41,16,1,1,1
597,1,1140,469,31,17,1,1,1
597,2,1260,533,34,17,1,1,1
597,3,1614,372,46,20,1,1,1
597,4,1719,399,46,19,1,1,1
597,5,1811,361,49,20,1,1,1
597,6,880,492,31,16,1,1,1
597,7,690,550,37,18,1,1,1
597,8,506,534,36,16,1,1,1
597,9,359,546,43,17,1,1,1
597,10,1025,447,32,18,1,1,1
597,11,78,487,45,18,1,1,1
597,12,74,548,42,16,1,1,1
598,1,1132,470,30,16,1,1,1
598,2,1252,535,34,17,1,1,1
598,3,1602,375,45,20,1,1,1
598,4,1705,404,46,19,1,1,1
598,5,1794,367,49,19,1,1,1
598,6,872,494,31,17,1,1,1
598,7,682,553,36,18,1,1,1
598,8,496,535,36,16,1,1,1
598,9,346,546,42,17,1,1,1
598,10,1018,450,31,18,1,1,1
598,11,61,487,46,17,1,1,1
598,12,59,547,40,17,1,1,1
599,1,1124,471,30,16,1,1,1
599,2,1244,539,33,17,1,1,1
599,3,1589,383,44,19,1,1,1
599,4,1691,410,45,19,1,1,1
599,5,1777,372,48,20,1,1,1
599,6,863,498,32,17,1,1,1
599,7,673,554,37,18,1,1,1
599,8,486,534,36,17,1,1,1
599,9,333,545,43,18,1,1,1
599,10,1011,453,31,18,1,1,1
599,11,43,486,47,17,1,1,1
599,12,40,546,42,16,1,1,1
600,1,1121,473,29,16,1,1,1
600,2,1240,544,33,16,1,1,1
600,3,1583,390,44,19,1,1,1
600,4,1684,414,45,18,1,1,1
600,5,1767,377,48,19,1,1,1
600,6,859,501,32,17,1,1,1
600,7,669,554,37,17,1,1,1
600,8,481,533,36,16,1,1,1
600,9,325,544,44,17,1,1,1
600,10,1008,454,31,18,1,1,1
600,11,33,485,47,17,1,1,1
600,12,30,543,42,17,1,1,1
601,1,1119,472,30,17,1,1,1
601,2,1239,545,34,17,1,1,1
601,3,1581,391,44,19,1,1,1
601,4,1683,414,44,18,1,1,1
601,5,1764,378,48,19,1,1,1
601,6,858,502,32,17,1,1,1
601,7,668,553,37,18,1,1,1
601,8,480,532,37,16,1,1,1
601,9,323,543,44,17,1,1,1
601,10,1007,453,32,18,1,1,1
601,11,30,486,47,17,1,1,1
601,12,27,542,42,17,1,1,1
602,1,1122,473,29,16,1,1,1
602,2,1241,547,33,16,1,1,1
602,3,1582,394,44,19,1,1,1
602,4,1684,418,44,18,1,1,1
602,5,1764,385,48,19,1,1,1
602,6,860,504,31,16,1,1,1
602,7,670,553,37,18,1,1,1
602,8,482,530,36,16,1,1,1
602,9,323,539,44,18,1,1,1
602,10,1010,454,31,18,1,1,1
602,11,30,484,47,17,1,1,1
602,12,26,538,44,16,1,1,1
603,1,1123,474,30,16,1,1,1
603,2,1243,549,34,17,1,1,1
603,3,1585,399,44,19,1,1,1
603,4,1687,423,45,19,1,1,1
603,5,1767,392,48,18,1,1,1
603,6,862,506,31,16,1,1,1
603,7,672,555,37,17,1,1,1
603,8,484,529,36,15,1,1,1
603,9,325,537,44,17,1,1,1
603,10,1013,457,31,18,1,1,1
603,11,33,482,47,17,1,1,1
603,12,29,534,43,16,1,1,1
604,1,1129,477,30,16,1,1,1
604,2,1249,554,34,16,1,1,1
604,3,1592,407,44,19,1,1,1
604,4,1695,433,45,18,1,1,1
604,5,1774,401,48,19,1,1,1
604,6,867,509,32,16,1,1,1
604,7,678,557,37,17,1,1,1
604,8,491,526,37,16,1,1,1
604,9,331,534,44,17,1,1,1
604,10,1020,462,30,17,1,1,1
604,11,41,477,46,17,1,1,1
604,12,37,529,43,15,1,1,1
605,1,1140,478,30,16,1,1,1
605,2,1260,560,33,16,1,1,1
605,3,1605,416,45,19,1,1,1
605,4,1710,439,45,18,1,1,1
605,5,1788,407,49,19,1,1,1
605,6,877,512,31,16,1,1,1
605,7,688,554,36,18,1,1,1
605,8,503,522,36,16,1,1,1
605,9,343,529,44,17,1,1,1
605,10,1031,464,30,17,1,1,1
605,11,56,472,46,17,1,1,1
605,12,52,522,42,16,1,1,1
606,1,1147,478,29,16,1,1,1
606,2,1267,563,33,16,1,1,1
606,3,1613,420,45,18,1,1,1
606,4,1719,441,46,18,1,1,1
606,5,1797,410,49,18,1,1,1
606,6,883,512,31,16,1,1,1
606,7,695,553,36,17,1,1,1
606,8,511,520,36,16,1,1,1
606,9,351,526,42,17,1,1,1
606,10,1037,463,31,18,1,1,1
606,11,78,469,33,17,1,1,1
606,12,62,518,42,15,1,1,1
607,1,1154,480,30,16,1,1,1
607,2,1274,567,33,16,1,1,1
607,3,1623,425,45,19,1,1,1
607,4,1729,446,47,18,1,1,1
607,5,1808,416,49,19,1,1,1
607,6,890,514,30,17,1,1,1
607,7,702,553,36,17,1,1,1
607,8,520,518,35,16,1,1,1
607,9,359,523,43,17,1,1,1
607,10,1044,464,31,18,1,1,1
607,11,76,467,46,17,1,1,1
607,12,73,513,42,16,1,1,1
608,1,1164,483,30,16,1,1,1
608,2,1285,571,33,16,1,1,1
608,3,1636,431,46,18,1,1,1
608,4,1744,454,47,18,1,1,1
608,5,1823,426,50,18,1,1,1
608,6,899,518,31,16,1,1,1
608,7,712,555,36,16,1,1,1
608,8,531,517,35,15,1,1,1
608,9,371,520,43,17,1,1,1
608,10,1055,467,31,18,1,1,1
608,11,92,466,44,17,1,1,1
608,12,89,508,41,16,1,1,1
609,1,1173,485,30,16,1,1,1
609,2,1294,574,33,17,1,1,1
609,3,1648,436,46,18,1,1,1
609,4,1757,460,48,18,1,1,1
609,5,1836,433,51,18,1,1,1
609,6,907,520,30,16,1,1,1
609,7,720,556,36,17,1,1,1
609,8,541,515,35,16,1,1,1
609,9,381,517,43,17,1,1,1
609,10,1063,470,31,17,1,1,1
609,11,104,464,45,17,1,1,1
609,12,102,504,41,16,1,1,1
610,1,1183,486,30,17,1,1,1
610,2,1304,578,34,16,1,1,1
610,3,1661,442,47,18,1,1,1
610,4,1772,467,48,17,1,1,1
610,5,1852,440,51,18,1,1,1
610,6,916,522,30,16,1,1,1
610,7,729,557,37,17,1,1,1
610,8,552,513,35,15,1,1,1
610,9,393,515,42,17,1,1,1
610,10,1073,473,31,18,1,1,1
610,11,119,461,43,16,1,1,1
610,12,117,501,40,15,1,1,1
611,1,1200,486,30,16,1,1,1
611,2,1321,582,34,18,1,1,1
611,3,1683,449,48,18,1,1,1
611,4,1797,472,49,18,1,1,1
611,5,1878,445,42,18,1,1,1
611,6,930,523,31,16,1,1,1
611,7,745,554,36,17,1,1,1
611,8,571,509,34,16,1,1,1
611,9,412,509,41,17,1,1,1
611,10,1090,475,31,17,1,1,1
611,11,143,454,43,16,1,1,1
611,12,141,493,40,15,1,1,1
612,1,1217,489,30,16,1,1,1
612,2,1339,590,34,17,1,1,1
612,3,1706,457,49,18,1,1,1
612,4,1823,478,50,18,1,1,1
612,5,1905,458,15,12,1,1,1
612,6,945,527,31,16,1,1,1
612,7,761,554,36,17,1,1,1
612,8,589,507,35,16,1,1,1
612,9,431,507,40,16,1,1,1
612,10,1106,477,31,17,1,1,1
612,11,167,453,42,16,1,1,1
612,12,165,489,39,15,1,1,1
613,1,1228,491,30,16,1,1,1
613,2,1351,593,34,18,1,1,1
613,3,1721,461,49,18,1,1,1
613,4,1840,482,51,18,1,1,1
613,6,955,530,30,15,1,1,1
613,7,771,554,36,17,1,1,1
613,8,601,507,34,15,1,1,1
613,9,443,505,39,17,1,1,1
613,10,1117,478,31,18,1,1,1
613,11,181,453,42,17,1,1,1
613,12,180,486,38,16,1,1,1
614,1,1240,492,31,17,1,1,1
614,2,1363,596,34,17,1,1,1
614,3,1738,464,49,19,1,1,1
614,4,1858,487,52,18,1,1,1
614,6,965,532,30,16,1,1,1
614,7,782,556,36,17,1,1,1
614,8,613,505,35,16,1,1,1
614,9,456,504,40,17,1,1,1
614,10,1128,480,31,18,1,1,1
614,11,197,453,41,17,1,1,1
614,12,196,484,37,16,1,1,1
615,1,1258,493,31,16,1,1,1
615,2,1382,599,35,17,1,1,1
615,3,1762,470,51,18,1,1,1
615,4,1886,495,34,18,1,1,1
615,6,980,534,30,16,1,1,1
615,7,798,557,36,17,1,1,1
615,8,632,503,34,16,1,1,1
615,9,474,500,40,17,1,1,1
615,10,1144,483,32,18,1,1,1
615,11,220,450,40,17,1,1,1
615,12,219,479,37,16,1,1,1
616,1,1269,493,31,17,1,1,1
616,2,1395,602,35,18,1,1,1
616,3,1778,474,51,19,1,1,1
616,4,1904,503,16,12,1,1,1
616,6,990,536,30,16,1,1,1
616,7,809,558,35,17,1,1,1
616,8,644,503,34,16,1,1,1
616,9,486,499,40,17,1,1,1
616,10,1155,486,32,17,1,1,1
616,11,234,449,39,17,1,1,1
616,12,234,478,36,16,1,1,1
617,1,1281,494,31,17,1,1,1
617,2,1408,606,35,18,1,1,1
617,3,1794,479,52,18,1,1,1
617,6,999,538,30,16,1,1,1
617,7,819,559,35,17,1,1,1
617,8,656,503,33,15,1,1,1
617,9,498,499,39,17,1,1,1
617,10,1166,488,32,17,1,1,1
617,11,248,450,39,16,1,1,1
617,12,248,478,37,15,1,1,1
618,1,1292,496,32,16,1,1,1
618,2,1419,610,36,18,1,1,1
618,3,1809,482,53,18,1,1,1
618,6,1008,541,30,16,1,1,1
618,7,829,558,35,18,1,1,1
618,8,667,503,33,15,1,1,1
618,9,508,498,39,17,1,1,1
618,10,1176,489,32,17,1,1,1
618,11,260,451,40,17,1,1,1
618,12,261,477,35,16,1,1,1
619,1,1307,495,32,17,1,1,1
619,2,1436,612,36,18,1,1,1
619,3,1830,483,53,19,1,1,1
619,6,1020,543,30,16,1,1,1
619,7,842,558,35,17,1,1,1
619,8,682,501,33,16,1,1,1
619,9,522,496,39,17,1,1,1
619,10,1190,488,33,17,1,1,1
619,11,277,452,39,17,1,1,1
619,12,278,475,35,16,1,1,1
620,1,1315,495,33,16,1,1,1
620,2,1446,612,36,18,1,1,1
620,3,1841,484,54,18,1,1,1
620,6,1027,546,30,16,1,1,1
620,7,849,560,35,18,1,1,1
620,8,690,502,33,15,1,1,1
620,9,530,497,38,17,1,1,1
620,10,1198,489,32,17,1,1,1
620,11,285,455,39,17,1,1,1
620,12,287,476,35,15,1,1,1
621,1,1322,495,33,16,1,1,1
621,2,1453,614,37,18,1,1,1
621,3,1850,485,54,19,1,1,1
621,6,1032,548,30,16,1,1,1
621,7,855,564,35,17,1,1,1
621,8,697,503,33,15,1,1,1
621,9,535,498,39,17,1,1,1
621,10,1204,491,33,18,1,1,1
621,11,292,458,38,16,1,1,1
621,12,294,477,34,16,1,1,1
622,1,1328,495,33,17,1,1,1
622,2,1460,616,37,18,1,1,1
622,3,1856,487,56,19,1,1,1
622,6,1036,549,30,17,1,1,1
622,7,860,566,35,17,1,1,1
622,8,702,503,32,16,1,1,1
622,9,540,499,38,16,1,1,1
622,10,1209,494,33,17,1,1,1
622,11,297,460,37,16,1,1,1
622,12,299,478,35,16,1,1,1
623,1,1333,495,33,17,1,1,1
623,2,1467,618,36,18,1,1,1
623,3,1863,489,55,19,1,1,1
623,6,1040,552,30,16,1,1,1
623,7,864,567,35,17,1,1,1
623,8,707,504,33,15,1,1,1
623,9,544,499,38,17,1,1,1
623,10,1214,495,33,18,1,1,1
623,11,301,461,38,16,1,1,1
623,12,304,480,35,15,1,1,1
624,1,1339,493,33,16,1,1,1
624,2,1474,619,37,18,1,1,1
624,3,1869,488,51,19,1,1,1
624,6,1044,554,30,16,1,1,1
624,7,870,565,35,17,1,1,1
624,8,714,504,32,15,1,1,1
624,9,548,499,37,17,1,1,1
624,10,1220,494,32,17,1,1,1
624,11,305,463,38,16,1,1,1
624,12,308,480,34,16,1,1,1
625,1,1342,492,33,17,1,1,1
625,2,1478,619,37,18,1,1,1
625,3,1870,487,50,18,1,1,1
625,6,1046,556,30,16,1,1,1
625,7,872,567,35,17,1,1,1
625,8,716,505,33,15,1,1,1
625,9,549,501,37,17,1,1,1
625,10,1222,494,33,17,1,1,1
625,11,306,468,37,16,1,1,1
625,12,309,483,35,15,1,1,1
626,1,1343,492,34,17,1,1,1
626,2,1480,619,37,18,1,1,1
626,3,1870,486,50,18,1,1,1
626,6,1046,559,30,16,1,1,1
626,7,873,569,35,17,1,1,1
626,8,718,506,33,15,1,1,1
626,9,549,502,38,17,1,1,1
626,10,1223,494,33,18,1,1,1
626,11,306,472,38,16,1,1,1
626,12,309,485,35,15,1,1,1
627,1,1345,491,33,16,1,1,1
627,2,1482,619,38,18,1,1,1
627,3,1868,486,52,18,1,1,1
627,6,1046,561,30,16,1,1,1
627,7,875,573,34,17,1,1,1
627,8,719,507,32,15,1,1,1
627,9,547,504,38,16,1,1,1
627,10,1224,497,33,17,1,1,1
627,11,303,477,37,16,1,1,1
627,12,307,487,34,15,1,1,1
628,1,1344,489,33,16,1,1,1
628,2,1482,619,38,18,1,1,1
628,3,1865,485,55,19,1,1,1
628,6,1045,561,29,17,1,1,1
628,7,875,574,34,17,1,1,1
628,8,719,506,33,16,1,1,1
628,9,545,504,38,16,1,1,1
628,10,1224,497,33,18,1,1,1
628,11,301,478,38,16,1,1,1
628,12,305,488,35,15,1,1,1
629,1,1344,488,32,16,1,1,1
629,2,1482,620,38,18,1,1,1
629,3,1861,485,55,19,1,1,1
629,6,1044,564,30,16,1,1,1
629,7,874,575,35,17,1,1,1
629,8,719,508,33,16,1,1,1
629,9,543,506,38,16,1,1,1
629,10,1223,498,33,17,1,1,1
629,11,297,481,38,16,1,1,1
629,12,301,491,36,15,1,1,1
630,1,1341,487,34,17,1,1,1
630,2,1481,620,38,18,1,1,1
630,3,1856,484,55,18,1,1,1
630,6,1042,566,30,17,1,1,1
630,7,873,576,35,17,1,1,1
630,8,717,509,34,16,1,1,1
630,9,540,508,38,16,1,1,1
630,10,1222,498,33,17,1,1,1
630,11,293,485,38,16,1,1,1
630,12,297,493,36,16,1,1,1
631,1,1339,487,34,16,1,1,1
631,2,1480,619,38,18,1,1,1
631,3,1851,482,54,18,1,1,1
631,6,1039,569,30,16,1,1,1
631,7,872,577,34,17,1,1,1
631,8,716,510,33,16,1,1,1
631,9,536,509,38,17,1,1,1
631,10,1220,497,33,17,1,1,1
631,11,288,489,38,16,1,1,1
632,1,1335,483,34,17,1,1,1
632,2,1477,616,38,18,1,1,1
632,3,1842,479,54,18,1,1,1
632,6,1035,569,30,16,1,1,1
632,7,869,578,35,17,1,1,1
632,8,713,509,33,16,1,1,1
632,9,530,509,38,16,1,1,1
632,10,1217,496,33,17,1,1,1
632,11,280,494,39,15,1,1,1
633,1,1333,483,33,16,1,1,1
633,2,1474,617,38,17,1,1,1
633,3,1835,480,54,18,1,1,1
633,6,1033,571,30,16,1,1,1
633,7,867,581,35,17,1,1,1
633,8,711,511,33,15,1,1,1
633,9,526,510,38,17,1,1,1
633,10,1215,498,32,16,1,1,1
633,11,274,497,39,16,1,1,1
634,1,1330,482,33,17,1,1,1
634,2,1472,618,38,18,1,1,1
634,3,1829,481,53,19,1,1,1
634,6,1030,574,29,16,1,1,1
634,7,865,583,34,17,1,1,1
634,8,709,512,33,16,1,1,1
634,9,521,512,39,17,1,1,1
634,10,1212,500,33,17,1,1,1
634,11,268,500,40,16,1,1,1
635,1,1328,483,32,16,1,1,1
635,2,1470,620,37,17,1,1,1
635,3,1823,482,52,19,1,1,1
635,6,1027,576,30,16,1,1,1
635,7,863,584,34,17,1,1,1
635,8,707,513,33,16,1,1,1
635,9,517,513,39,17,1,1,1
635,10,1210,502,33,17,1,1,1
635,11,263,502,40,15,1,1,1
636,1,1323,482,33,16,1,1,1
636,2,1466,620,37,17,1,1,1
636,3,1813,481,52,19,1,1,1
636,6,1022,579,30,16,1,1,1
636,7,859,584,34,17,1,1,1
636,8,703,513,33,16,1,1,1
636,9,510,514,39,17,1,1,1
636,10,1207,501,32,17,1,1,1
636,11,254,505,40,16,1,1,1
637,1,1320,479,33,17,1,1,1
637,2,1463,617,38,18,1,1,1
637,3,1807,479,51,18,1,1,1
637,6,1020,579,30,16,1,1,1
637,7,857,584,34,18,1,1,1
637,8,701,512,33,16,1,1,1
637,9,506,514,39,16,1,1,1
637,10,1204,499,33,17,1,1,1
637,11,248,508,41,16,1,1,1
638,1,1317,478,34,17,1,1,1
638,2,1461,617,38,17,1,1,1
638,3,1801,479,51,18,1,1,1
638,6,1017,580,30,16,1,1,1
638,7,856,586,33,18,1,1,1
638,8,699,513,33,15,1,1,1
638,9,502,514,39,16,1,1,1
638,10,1202,499,33,17,1,1,1
638,11,243,510,39,16,1,1,1
639,1,1315,479,34,17,1,1,1
639,2,1459,619,38,17,1,1,1
639,3,1796,482,51,18,1,1,1
639,6,1015,583,29,16,1,1,1
639,7,854,590,35,17,1,1,1
639,8,697,514,33,15,1,1,1
639,9,498,515,40,17,1,1,1
639,10,1200,501,33,17,1,1,1
639,11,238,514,41,16,1,1,1
639,12,245,507,38,15,1,1,1
640,1,1313,480,33,16,1,1,1
640,2,1457,622,38,18,1,1,1
640,3,1789,486,51,18,1,1,1
640,6,1012,586,30,17,1,1,1
640,7,852,592,35,17,1,1,1
640,8,696,514,33,16,1,1,1
640,9,494,516,39,16,1,1,1
640,10,1198,505,33,17,1,1,1
640,11,232,515,41,16,1,1,1
640,12,240,508,37,15,1,1,1
641,1,1312,480,33,16,1,1,1
641,2,1456,624,38,17,1,1,1
641,3,1786,488,51,18,1,1,1
641,4,1915,486,5,9,1,1,1
641,6,1011,589,30,16,1,1,1
641,7,852,591,34,18,1,1,1
641,8,695,514,34,16,1,1,1
641,9,491,516,40,16,1,1,1
641,10,1198,507,32,16,1,1,1
641,11,229,516,41,16,1,1,1
641,12,237,507,38,16,1,1,1
642,1,1311,478,34,17,1,1,1
642,2,1456,623,38,17,1,1,1
642,3,1784,487,50,18,1,1,1
642,4,1912,486,8,13,1,1,1
642,6,1010,590,30,16,1,1,1
642,7,851,590,35,18,1,1,1
642,8,695,513,34,16,1,1,1
642,9,490,515,39,16,1,1,1
642,10,1198,506,32,16,1,1,1
642,11,226,517,41,15,1,1,1
642,12,234,507,38,15,1,1,1
643,1,1312,478,33,16,1,1,1
643,2,1457,623,37,17,1,1,1
643,3,1781,488,51,18,1,1,1
643,4,1911,489,9,13,1,1,1
643,6,1009,591,30,17,1,1,1
643,7,852,591,34,17,1,1,1
643,8,696,513,33,15,1,1,1
643,9,488,514,40,16,1,1,1
643,10,1198,505,33,17,1,1,1
643,11,224,519,41,15,1,1,1
643,12,232,506,38,15,1,1,1
644,1,1313,479,33,17,1,1,1
644,2,1458,626,37,17,1,1,1
644,3,1781,492,50,18,1,1,1
644,4,1909,492,11,12,1,1,1
644,6,1009,594,30,17,1,1,1
644,7,853,594,34,18,1,1,1
644,8,697,513,34,16,1,1,1
644,9,488,514,40,17,1,1,1
644,10,1199,507,33,17,1,1,1
644,11,223,521,41,16,1,1,1
644,12,232,506,37,15,1,1,1
645,1,1314,480,33,16,1,1,1
645,2,1460,629,37,18,1,1,1
645,3,1781,496,50,17,1,1,1
645,4,1910,493,10,13,1,1,1
645,6,1011,596,29,17,1,1,1
645,7,854,597,35,17,1,1,1
645,8,699,513,34,16,1,1,1
645,9,488,514,40,17,1,1,1
645,10,1201,510,33,16,1,1,1
645,11,223,522,41,16,1,1,1
645,12,233,505,37,15,1,1,1
646,1,1316,480,33,17,1,1,1
646,2,1462,632,37,18,1,1,1
646,3,1782,500,51,17,1,1,1
646,4,1911,494,9,13,1,1,1
646,6,1012,597,29,17,1,1,1
646,7,856,598,34,17,1,1,1
646,8,701,513,34,15,1,1,1
646,9,489,513,40,17,1,1,1
646,10,1203,513,33,17,1,1,1
646,11,224,522,41,16,1,1,1
646,12,233,504,37,16,1,1,1
647,1,1320,480,33,16,1,1,1
647,2,1466,634,38,18,1,1,1
647,3,1786,502,50,18,1,1,1
647,4,1915,496,5,9,1,1,1
647,6,1014,597,29,16,1,1,1
647,7,859,596,35,18,1,1,1
647,8,705,512,34,15,1,1,1
647,9,491,511,40,17,1,1,1
647,10,1206,514,34,16,1,1,1
647,11,226,520,41,16,1,1,1
647,12,236,503,38,15,1,1,1
648,1,1323,481,33,16,1,1,1
648,2,1469,635,38,18,1,1,1
648,3,1788,503,51,18,1,1,1
648,6,1016,598,29,17,1,1,1
648,7,862,596,34,17,1,1,1
648,8,709,511,33,16,1,1,1
648,9,493,510,40,17,1,1,1
648,10,1210,514,33,16,1,1,1
648,11,228,520,41,16,1,1,1
648,12,238,502,37,15,1,1,1
649,1,1328,482,34,16,1,1,1
649,2,1475,636,38,18,1,1,1
649,3,1794,507,51,18,1,1,1
649,6,1020,602,29,17,1,1,1
649,7,867,599,34,17,1,1,1
649,8,714,513,34,16,1,1,1
649,9,498,510,39,17,1,1,1
649,10,1215,515,33,17,1,1,1
649,11,233,522,40,16,1,1,1
649,12,243,500,38,16,1,1,1
650,1,1332,482,34,16,1,1,1
650,2,1480,636,38,18,1,1,1
650,3,1798,511,51,17,1,1,1
650,6,1023,604,29,17,1,1,1
650,7,870,601,35,17,1,1,1
650,8,719,514,33,16,1,1,1
650,9,501,510,39,16,1,1,1
650,10,1219,516,33,17,1,1,1
650,11,236,524,41,16,1,1,1
650,12,247,499,38,15,1,1,1
651,1,1335,479,34,16,1,1,1
651,2,1483,631,38,17,1,1,1
651,3,1801,507,51,18,1,1,1
651,6,1024,602,30,17,1,1,1
651,7,873,601,35,18,1,1,1
651,8,721,514,34,16,1,1,1
651,9,502,509,40,17,1,1,1
651,10,1221,515,34,17,1,1,1
651,11,238,527,41,16,1,1,1
651,12,249,501,38,15,1,1,1
652,1,1333,475,33,17,1,1,1
652,2,1482,623,38,18,1,1,1
652,3,1796,501,51,18,1,1,1
652,6,1022,599,30,18,1,1,1
652,7,872,600,34,18,1,1,1
652,8,720,513,33,16,1,1,1
652,9,499,510,40,17,1,1,1
652,10,1220,513,33,17,1,1,1
652,11,245,531,30,16,1,1,1
652,12,245,504,38,16,1,1,1
653,1,1318,471,33,16,1,1,1
653,2,1468,612,37,18,1,1,1
653,3,1772,491,49,18,1,1,1
653,4,1900,471,20,18,1,1,1
653,6,1009,598,30,17,1,1,1
653,7,861,599,34,18,1,1,1
653,8,707,515,33,16,1,1,1
653,9,482,514,40,17,1,1,1
653,10,1206,510,33,17,1,1,1
653,11,211,540,42,16,1,1,1
653,12,223,512,39,16,1,1,1
654,1,1299,469,34,17,1,1,1
654,2,1448,606,37,18,1,1,1
654,3,1744,486,48,18,1,1,1
654,4,1868,465,50,19,1,1,1
654,6,994,599,30,18,1,1,1
654,7,846,601,34,17,1,1,1
654,8,690,518,34,17,1,1,1
654,9,462,519,40,17,1,1,1
654,10,1190,508,33,17,1,1,1
654,11,185,549,41,16,1,1,1
654,12,197,520,39,16,1,1,1
655,1,1264,467,33,17,1,1,1
655,2,1409,599,37,18,1,1,1
655,3,1692,481,45,19,1,1,1
655,4,1808,459,47,18,1,1,1
655,5,1905,446,15,20,1,1,1
655,6,962,603,30,18,1,1,1
655,7,816,606,34,17,1,1,1
655,8,657,525,34,17,1,1,1
655,9,420,526,42,17,1,1,1
655,10,1157,506,33,18,1,1,1
655,11,131,563,44,17,1,1,1
655,12,143,533,41,16,1,1,1
656,1,1209,462,33,17,1,1,1
656,2,1351,588,36,18,1,1,1
656,3,1613,475,43,18,1,1,1
656,4,1721,448,44,17,1,1,1
656,5,1811,431,43,24,1,1,1
656,6,912,604,31,18,1,1,1
656,7,767,611,35,19,1,1,1
656,8,603,530,33,17,1,1,1
656,9,352,533,44,18,1,1,1
656,10,1107,505,32,17,1,1,1
656,11,40,582,48,18,1,1,1
656,12,54,551,44,17,1,1,1
657,1,1184,460,31,17,1,1,1
657,2,1322,582,36,17,1,1,1
657,3,1576,472,42,17,1,1,1
657,4,1680,442,43,18,1,1,1
657,5,1767,427,41,23,1,1,1
657,6,887,602,30,18,1,1,1
657,7,742,612,35,18,1,1,1
657,8,575,530,34,17,1,1,1
657,9,316,535,46,19,1,1,1
657,10,1081,504,32,17,1,1,1
657,11,0,590,41,17,1,1,1
657,12,5,559,47,17,1,1,1
658,1,1157,458,31,18,1,1,1
658,2,1294,576,35,18,1,1,1
658,3,1541,469,40,18,1,1,1
658,4,1641,439,41,17,1,1,1
658,5,1724,423,40,23,1,1,1
658,6,861,601,31,18,1,1,1
658,7,716,611,36,19,1,1,1
658,8,546,530,34,17,1,1,1
658,9,279,537,47,19,1,1,1
658,10,1055,503,33,18,1,1,1
659,1,1123,459,32,17,1,1,1
659,2,1259,573,33,17,1,1,1
659,3,1497,470,39,18,1,1,1
659,4,1594,441,39,17,1,1,1
659,5,1671,426,39,21,1,1,1
659,6,827,602,31,18,1,1,1
659,7,683,610,36,19,1,1,1
659,8,508,530,35,18,1,1,1
659,9,229,539,49,19,1,1,1
659,10,1023,503,33,18,1,1,1
660,1,1105,460,30,18,1,1,1
660,2,1237,573,34,18,1,1,1
660,3,1472,474,38,17,1,1,1
660,4,1568,445,37,17,1,1,1
660,5,1641,431,38,20,1,1,1
660,6,807,605,31,18,1,1,1
660,7,663,612,36,19,1,1,1
660,8,485,533,35,17,1,1,1
660,9,199,540,49,19,1,1,1
660,10,1004,504,33,18,1,1,1
661,1,1084,463,31,17,1,1,1
661,2,1214,574,34,18,1,1,1
661,3,1447,480,37,17,1,1,1
661,4,1538,449,38,17,1,1,1
661,5,1610,437,37,21,1,1,1
661,6,785,610,31,18,1,1,1
661,7,641,617,37,19,1,1,1
661,8,460,535,36,18,1,1,1
661,9,165,541,51,19,1,1,1
661,10,984,506,33,18,1,1,1
662,1,1069,464,31,17,1,1,1
662,2,1198,574,34,17,1,1,1
662,3,1428,484,37,17,1,1,1
662,4,1520,450,37,17,1,1,1
662,5,1588,442,37,19,1,1,1
662,6,768,612,32,18,1,1,1
662,7,626,620,37,19,1,1,1
662,8,441,535,37,18,1,1,1
662,9,140,543,52,19,1,1,1
662,10,970,508,33,18,1,1,1
663,1,1062,464,32,17,1,1,1
663,2,1191,572,34,17,1,1,1
663,3,1421,484,36,17,1,1,1
663,4,1511,449,37,17,1,1,1
663,5,1577,443,38,19,1,1,1
663,6,761,611,31,18,1,1,1
663,7,620,620,36,19,1,1,1
663,8,433,534,37,17,1,1,1
663,9,129,543,52,20,1,1,1
663,10,963,509,34,17,1,1,1
664,1,1058,464,32,17,1,1,1
664,2,1185,569,33,17,1,1,1
664,3,1414,487,37,17,1,1,1
664,4,1506,452,37,17,1,1,1
664,5,1569,447,37,18,1,1,1
664,6,753,608,31,18,1,1,1
664,7,615,615,36,19,1,1,1
664,8,427,530,37,18,1,1,1
664,9,120,538,53,20,1,1,1
664,10,959,510,33,17,1,1,1
665,1,1059,466,32,17,1,1,1
665,2,1185,571,33,17,1,1,1
665,3,1415,493,37,17,1,1,1
665,4,1509,458,36,17,1,1,1
665,5,1569,455,38,18,1,1,1
665,6,752,609,31,18,1,1,1
665,7,616,612,35,19,1,1,1
665,8,428,528,37,17,1,1,1
665,9,121,531,53,19,1,1,1
665,10,959,511,34,17,1,1,1
666,1,1061,468,32,17,1,1,1
666,2,1186,573,34,17,1,1,1
666,3,1418,500,37,16,1,1,1
666,4,1513,463,36,17,1,1,1
666,5,1571,463,38,17,1,1,1
666,6,752,611,31,18,1,1,1
666,7,618,612,35,19,1,1,1
666,8,431,526,37,18,1,1,1
666,9,125,527,52,20,1,1,1
666,10,961,512,34,17,1,1,1
667,1,1065,470,31,17,1,1,1
667,2,1188,576,34,17,1,1,1
667,3,1421,506,38,16,1,1,1
667,4,1517,468,37,16,1,1,1
667,5,1574,470,38,17,1,1,1
667,6,754,613,31,18,1,1,1
667,7,621,613,34,20,1,1,1
667,8,434,525,37,17,1,1,1
667,9,129,525,52,20,1,1,1
667,10,963,514,34,17,1,1,1
668,1,1073,474,31,17,1,1,1
668,2,1194,578,34,16,1,1,1
668,3,1431,515,37,16,1,1,1
668,4,1528,474,38,16,1,1,1
668,5,1584,481,38,16,1,1,1
668,6,759,614,30,17,1,1,1
668,7,629,613,34,20,1,1,1
668,8,443,520,37,17,1,1,1
668,9,142,522,51,19,1,1,1
668,10,970,516,34,17,1,1,1
669,1,1080,476,31,16,1,1,1
669,2,1201,577,33,17,1,1,1
669,3,1439,519,38,16,1,1,1
669,4,1539,478,38,16,1,1,1
669,5,1591,485,39,16,1,1,1
669,6,764,610,30,17,1,1,1
669,7,636,609,33,20,1,1,1
669,8,452,516,36,17,1,1,1
669,9,152,515,51,19,1,1,1
669,10,976,517,34,17,1,1,1
670,1,1084,475,32,17,1,1,1
670,2,1204,577,34,16,1,1,1
670,3,1445,521,38,16,1,1,1
670,4,1546,480,38,17,1,1,1
670,5,1596,487,41,16,1,1,1
670,6,766,608,31,17,1,1,1
670,7,640,605,33,19,1,1,1
670,8,458,513,36,17,1,1,1
670,9,160,508,50,20,1,1,1
670,10,981,518,33,17,1,1,1
671,1,1090,475,32,16,1,1,1
671,2,1209,577,34,16,1,1,1
671,3,1452,525,38,16,1,1,1
671,4,1555,483,39,17,1,1,1
671,5,1604,489,40,17,1,1,1
671,6,771,607,30,17,1,1,1
671,7,645,601,33,19,1,1,1
671,8,465,510,36,16,1,1,1
671,9,169,502,50,19,1,1,1
671,10,987,518,32,17,1,1,1
672,1,1099,477,32,16,1,1,1
672,2,1217,580,34,16,1,1,1
672,3,1463,534,38,16,1,1,1
672,4,1568,490,39,16,1,1,1
672,5,1615,497,41,18,1,1,1
672,6,777,609,30,17,1,1,1
672,7,652,600,34,19,1,1,1
672,8,475,506,36,16,1,1,1
672,9,182,497,50,19,1,1,1
672,10,993,520,34,17,1,1,1
673,1,1105,480,32,16,1,1,1
673,2,1223,582,34,16,1,1,1
673,3,1472,540,37,16,1,1,1
673,4,1578,495,40,16,1,1,1
673,5,1623,504,43,18,1,1,1
673,6,783,611,29,16,1,1,1
673,7,658,601,34,19,1,1,1
673,8,483,504,37,16,1,1,1
673,9,193,496,49,19,1,1,1
673,10,999,522,34,16,1,1,1
674,1,1120,484,32,16,1,1,1
674,2,1237,585,34,16,1,1,1
674,3,1489,550,39,16,1,1,1
674,4,1601,504,39,16,1,1,1
674,5,1643,514,43,19,1,1,1
674,6,794,610,30,17,1,1,1
674,7,670,601,34,19,1,1,1
674,8,500,501,37,16,1,1,1
674,9,214,491,48,19,1,1,1
674,10,1012,524,34,16,1,1,1
675,1,1128,485,32,16,1,1,1
675,2,1245,584,34,17,1,1,1
675,3,1499,554,29,16,1,1,1
675,4,1613,507,40,16,1,1,1
675,5,1655,517,44,19,1,1,1
675,6,801,607,30,17,1,1,1
675,7,677,598,34,19,1,1,1
675,8,511,498,35,17,1,1,1
675,9,227,486,47,18,1,1,1
675,10,1019,524,34,17,1,1,1
676,1,1137,485,32,16,1,1,1
676,2,1253,584,34,16,1,1,1
676,3,1511,557,39,16,1,1,1
676,4,1627,509,39,16,1,1,1
676,5,1668,519,43,19,1,1,1
676,6,808,605,30,17,1,1,1
676,7,685,594,33,19,1,1,1
676,8,521,495,35,17,1,1,1
676,9,239,480,47,18,1,1,1
676,10,1027,525,33,16,1,1,1
677,1,1149,483,33,16,1,1,1
677,2,1265,582,35,17,1,1,1
677,3,1527,560,40,17,1,1,1
677,4,1645,511,42,16,1,1,1
677,5,1687,520,45,19,1,1,1
677,6,819,602,29,17,1,1,1
677,7,695,589,33,18,1,1,1
677,8,536,489,34,17,1,1,1
677,9,257,473,46,18,1,1,1
677,10,1038,525,34,16,1,1,1
677,11,0,515,8,12,1,1,1
678,1,1158,484,33,16,1,1,1
678,2,1274,583,35,17,1,1,1
678,3,1538,564,41,17,1,1,1
678,4,1659,513,42,16,1,1,1
678,5,1701,523,45,19,1,1,1
678,6,826,604,30,16,1,1,1
678,7,703,589,33,18,1,1,1
678,8,546,488,35,17,1,1,1
678,9,270,472,45,18,1,1,1
678,10,1047,525,33,17,1,1,1
678,11,0,509,27,17,1,1,1
678,12,0,483,16,16,1,1,1
679,1,1172,486,32,17,1,1,1
679,2,1288,585,35,17,1,1,1
679,3,1556,571,42,17,1,1,1
679,4,1680,518,43,16,1,1,1
679,5,1723,528,45,20,1,1,1
679,6,838,607,29,17,1,1,1
679,7,714,591,33,18,1,1,1
679,8,562,489,35,16,1,1,1
679,9,289,474,44,18,1,1,1
679,10,1059,527,33,16,1,1,1
679,11,7,509,49,18,1,1,1
679,12,0,482,43,17,1,1,1
680,1,1182,489,32,16,1,1,1
680,2,1299,586,35,17,1,1,1
680,3,1569,576,42,17,1,1,1
680,4,1696,522,31,16,1,1,1
680,5,1739,533,46,20,1,1,1
680,6,846,609,30,17,1,1,1
680,7,722,593,32,18,1,1,1
680,8,573,490,35,17,1,1,1
680,9,302,475,44,18,1,1,1
680,10,1068,528,33,17,1,1,1
680,11,28,509,48,18,1,1,1
680,12,17,483,45,16,1,1,1
681,1,1195,490,33,17,1,1,1
681,2,1312,585,36,17,1,1,1
681,3,1586,581,43,17,1,1,1
681,4,1717,525,44,17,1,1,1
681,5,1762,538,47,20,1,1,1
681,6,858,606,29,17,1,1,1
681,7,732,590,33,18,1,1,1
681,8,588,487,35,17,1,1,1
681,9,319,470,44,18,1,1,1
681,10,1079,529,34,17,1,1,1
681,11,56,503,46,17,1,1,1
681,12,43,478,44,17,1,1,1
682,1,1207,488,32,17,1,1,1
682,2,1324,582,36,17,1,1,1
682,3,1602,583,43,18,1,1,1
682,4,1736,524,44,17,1,1,1
682,5,1782,538,48,20,1,1,1
682,6,868,603,29,17,1,1,1
682,7,741,586,32,17,1,1,1
682,8,601,483,35,17,1,1,1
682,9,333,465,44,18,1,1,1
682,10,1090,529,33,18,1,1,1
682,11,79,499,46,17,1,1,1
682,12,64,474,44,16,1,1,1
683,1,1216,486,33,17,1,1,1
683,2,1335,580,35,17,1,1,1
683,3,1614,583,44,18,1,1,1
683,4,1751,522,45,16,1,1,1
683,5,1801,536,48,19,1,1,1
683,6,876,603,29,17,1,1,1
683,7,747,584,32,18,1,1,1
683,8,612,481,34,17,1,1,1
683,9,345,465,43,18,1,1,1
683,10,1098,530,33,17,1,1,1
683,11,98,500,46,17,1,1,1
683,12,82,475,42,16,1,1,1
684,1,1222,487,33,16,1,1,1
684,2,1341,579,36,17,1,1,1
684,3,1622,585,45,18,1,1,1
684,4,1760,522,34,17,1,1,1
684,5,1812,536,49,19,1,1,1
684,6,880,605,30,16,1,1,1
684,7,751,587,32,17,1,1,1
684,8,618,483,34,17,1,1,1
684,9,351,468,43,19,1,1,1
684,10,1103,530,33,17,1,1,1
684,11,109,504,46,17,1,1,1
684,12,92,479,42,16,1,1,1
685,1,1226,488,33,17,1,1,1
685,2,1346,579,35,17,1,1,1
685,3,1628,587,45,18,1,1,1
685,4,1768,523,46,17,1,1,1
685,5,1822,537,49,19,1,1,1
685,6,884,608,29,17,1,1,1
685,7,753,590,32,17,1,1,1
685,8,623,486,34,17,1,1,1
685,9,356,472,42,18,1,1,1
685,10,1107,530,33,17,1,1,1
685,11,118,508,45,17,1,1,1
685,12,100,483,42,16,1,1,1
686,1,1231,490,33,17,1,1,1
686,2,1351,577,36,18,1,1,1
686,3,1635,590,44,18,1,1,1
686,4,1775,524,47,17,1,1,1
686,5,1833,539,50,19,1,1,1
686,6,888,609,29,18,1,1,1
686,7,755,592,32,18,1,1,1
686,8,629,489,34,16,1,1,1
686,9,360,474,43,18,1,1,1
686,10,1111,531,32,17,1,1,1
686,11,128,511,45,17,1,1,1
686,12,108,487,41,16,1,1,1
687,1,1233,489,33,17,1,1,1
687,2,1353,575,36,17,1,1,1
687,3,1637,590,45,18,1,1,1
687,4,1779,522,46,17,1,1,1
687,5,1838,539,51,19,1,1,1
687,6,889,608,29,17,1,1,1
687,7,755,591,32,17,1,1,1
687,8,631,487,33,17,1,1,1
687,9,362,473,42,18,1,1,1
687,10,1112,531,33,17,1,1,1
687,11,133,510,44,17,1,1,1
687,12,112,487,40,16,1,1,1
688,1,1234,486,33,16,1,1,1
688,2,1355,570,36,17,1,1,1
688,3,1639,588,45,18,1,1,1
688,4,1781,516,47,17,1,1,1
688,5,1844,534,51,18,1,1,1
688,6,889,605,29,17,1,1,1
688,7,753,587,33,18,1,1,1
688,8,633,485,33,16,1,1,1
688,9,362,471,43,18,1,1,1
688,10,1113,531,33,17,1,1,1
688,11,137,510,44,17,1,1,1
688,12,114,486,42,17,1,1,1
689,1,1233,482,33,17,1,1,1
689,2,1354,565,36,17,1,1,1
689,3,1638,586,45,18,1,1,1
689,4,1779,511,47,16,1,1,1
689,5,1847,528,51,18,1,1,1
689,6,888,606,29,16,1,1,1
689,7,750,586,33,17,1,1,1
689,8,633,484,33,16,1,1,1
689,9,360,472,42,18,1,1,1
689,10,1111,529,33,17,1,1,1
689,11,137,514,45,16,1,1,1
689,12,113,489,42,17,1,1,1
690,1,1232,482,32,16,1,1,1
690,2,1353,563,36,16,1,1,1
690,3,1636,585,44,18,1,1,1
690,4,1777,509,47,16,1,1,1
690,5,1847,526,51,18,1,1,1
690,6,887,608,29,17,1,1,1
690,7,746,588,34,18,1,1,1
690,8,631,486,34,17,1,1,1
690,9,356,478,42,18,1,1,1
690,10,1110,529,33,17,1,1,1
690,11,136,520,44,16,1,1,1
690,12,111,496,42,16,1,1,1
691,1,1228,484,33,17,1,1,1
691,2,1351,561,35,16,1,1,1
691,3,1631,585,45,18,1,1,1
691,4,1771,507,47,17,1,1,1
691,5,1845,525,51,18,1,1,1
691,6,883,612,29,17,1,1,1
691,7,741,593,34,18,1,1,1
691,8,628,492,35,16,1,1,1
691,9,351,484,43,18,1,1,1
691,10,1106,529,33,17,1,1,1
691,11,132,528,45,16,1,1,1
691,12,106,504,42,16,1,1,1
692,1,1224,485,32,16,1,1,1
692,2,1345,558,36,16,1,1,1
692,3,1625,585,44,17,1,1,1
692,4,1764,504,46,17,1,1,1
692,5,1841,523,51,18,1,1,1
692,6,878,613,29,16,1,1,1
692,7,734,596,34,18,1,1,1
692,8,624,494,34,16,1,1,1
692,9,343,487,43,18,1,1,1
692,10,1101,531,33,16,1,1,1
692,11,126,532,45,17,1,1,1
692,12,98,510,41,16,1,1,1
693,1,1220,483,33,16,1,1,1
693,2,1341,555,36,16,1,1,1
693,3,1621,583,43,18,1,1,1
693,4,1759,500,45,17,1,1,1
693,5,1837,519,51,18,1,1,1
693,6,875,611,29,17,1,1,1
693,7,729,595,35,18,1,1,1
693,8,621,493,34,16,1,1,1
693,9,337,487,44,17,1,1,1
693,10,1098,531,33,16,1,1,1
693,11,121,533,45,17,1,1,1
693,12,93,511,42,16,1,1,1
694,1,1214,478,32,17,1,1,1
694,2,1335,549,36,16,1,1,1
694,3,1611,580,44,17,1,1,1
694,4,1748,493,46,17,1,1,1
694,5,1831,512,50,17,1,1,1
694,6,868,610,30,16,1,1,1
694,7,722,592,34,18,1,1,1
694,8,615,491,34,16,1,1,1
694,9,328,486,44,18,1,1,1
694,10,1092,530,33,16,1,1,1
694,11,112,536,46,17,1,1,1
694,12,82,513,43,16,1,1,1
695,1,1209,476,33,16,1,1,1
695,2,1330,545,36,16,1,1,1
695,3,1605,578,43,17,1,1,1
695,4,1740,489,46,17,1,1,1
695,5,1825,508,50,17,1,1,1
695,6,864,610,29,16,1,1,1
695,7,716,591,34,18,1,1,1
695,8,610,491,35,16,1,1,1
695,9,321,487,44,18,1,1,1
695,10,1087,528,33,17,1,1,1
695,11,106,539,45,16,1,1,1
695,12,74,516,43,15,1,1,1
696,1,1202,476,32,16,1,1,1
696,2,1322,541,35,16,1,1,1
696,3,1595,576,43,17,1,1,1
696,4,1729,487,44,16,1,1,1
696,5,1816,505,49,18,1,1,1
696,6,856,613,29,16,1,1,1
696,7,707,594,34,18,1,1,1
696,8,603,494,34,16,1,1,1
696,9,309,493,45,17,1,1,1
696,10,1081,527,32,17,1,1,1
696,11,95,545,46,17,1,1,1
696,12,73,522,32,16,1,1,1
697,1,1196,478,33,16,1,1,1
697,2,1317,540,35,16,1,1,1
697,3,1587,576,43,17,1,1,1
697,4,1720,485,45,17,1,1,1
697,5,1809,505,49,18,1,1,1
697,6,851,615,29,17,1,1,1
697,7,700,598,35,18,1,1,1
697,8,597,497,35,16,1,1,1
697,9,301,497,44,18,1,1,1
697,10,1075,528,32,16,1,1,1
697,11,86,551,47,17,1,1,1
697,12,52,528,44,15,1,1,1
698,1,1188,479,32,16,1,1,1
698,2,1308,538,35,16,1,1,1
698,3,1576,577,42,17,1,1,1
698,4,1707,483,44,17,1,1,1
698,5,1798,503,49,18,1,1,1
698,6,842,618,29,17,1,1,1
698,7,690,602,34,18,1,1,1
698,8,589,500,35,16,1,1,1
698,9,288,501,44,18,1,1,1
698,10,1066,529,33,17,1,1,1
698,11,73,557,47,16,1,1,1
698,12,49,535,33,16,1,1,1
699,1,1180,476,31,16,1,1,1
699,2,1299,533,35,17,1,1,1
699,3,1565,575,42,17,1,1,1
699,4,1695,479,43,16,1,1,1
699,5,1787,497,48,18,1,1,1
699,6,834,616,29,17,1,1,1
699,7,680,601,36,18,1,1,1
699,8,580,499,35,16,1,1,1
699,9,275,501,46,18,1,1,1
699,10,1058,530,33,16,1,1,1
699,11,60,559,48,17,1,1,1
699,12,35,538,33,16,1,1,1
700,1,1174,473,31,16,1,1,1
700,2,1292,529,35,16,1,1,1
700,3,1557,573,42,17,1,1,1
700,4,1685,476,44,17,1,1,1
700,5,1781,492,46,18,1,1,1
700,6,827,615,30,17,1,1,1
700,7,673,599,36,18,1,1,1
700,8,574,497,35,17,1,1,1
700,9,266,502,46,17,1,1,1
700,10,1053,529,32,17,1,1,1
700,11,51,561,48,17,1,1,1
700,12,12,540,44,16,1,1,1
701,1,1166,470,32,17,1,1,1
701,2,1284,524,35,17,1,1,1
701,3,1547,571,42,17,1,1,1
701,4,1674,472,43,17,1,1,1
701,5,1769,488,47,19,1,1,1
701,6,820,614,29,17,1,1,1
701,7,665,597,35,18,1,1,1
701,8,566,497,35,17,1,1,1
701,9,254,503,46,17,1,1,1
701,10,1045,527,33,17,1,1,1
701,11,39,563,48,18,1,1,1
701,12,0,542,44,16,1,1,1
702,1,1159,472,32,17,1,1,1
702,2,1276,522,35,17,1,1,1
702,3,1537,572,41,17,1,1,1
702,4,1663,470,43,17,1,1,1
702,5,1759,490,47,18,1,1,1
702,6,811,617,30,17,1,1,1
702,7,655,600,36,17,1,1,1
702,8,559,499,35,17,1,1,1
702,9,242,506,47,17,1,1,1
702,10,1038,526,33,17,1,1,1
702,11,27,567,48,18,1,1,1
702,12,0,546,31,16,1,1,1
703,1,1155,475,31,16,1,1,1
703,2,1271,522,34,16,1,1,1
703,3,1531,574,29,17,1,1,1
703,4,1656,471,42,16,1,1,1
703,5,1753,491,46,19,1,1,1
703,6,806,620,29,17,1,1,1
703,7,649,603,36,18,1,1,1
703,8,553,501,36,16,1,1,1
703,9,234,508,47,17,1,1,1
703,10,1033,528,33,16,1,1,1
703,11,18,570,50,17,1,1,1
703,12,0,549,21,16,1,1,1
704,1,1148,476,31,16,1,1,1
704,2,1263,522,35,16,1,1,1
704,3,1522,576,41,17,1,1,1
704,4,1648,472,41,17,1,1,1
704,5,1744,492,46,18,1,1,1
704,6,798,621,30,17,1,1,1
704,7,641,606,36,18,1,1,1
704,8,547,501,35,17,1,1,1
704,9,224,509,47,18,1,1,1
704,10,1026,530,33,17,1,1,1
704,11,8,572,49,18,1,1,1
704,12,0,556,9,11,1,1,1
705,1,1143,473,31,16,1,1,1
705,2,1258,518,34,16,1,1,1
705,3,1515,576,40,17,1,1,1
705,4,1639,471,42,16,1,1,1
705,5,1737,488,45,18,1,1,1
705,6,792,619,29,17,1,1,1
705,7,634,604,36,18,1,1,1
705,8,540,500,36,16,1,1,1
705,9,214,508,48,18,1,1,1
705,10,1022,531,32,16,1,1,1
705,11,0,574,49,17,1,1,1
706,1,1139,470,32,16,1,1,1
706,2,1254,515,34,16,1,1,1
706,3,1511,575,40,17,1,1,1
706,4,1635,468,41,17,1,1,1
706,5,1732,486,46,18,1,1,1
706,6,788,618,29,17,1,1,1
706,7,630,602,36,18,1,1,1
706,8,537,499,35,16,1,1,1
706,9,208,507,48,18,1,1,1
706,10,1017,530,33,17,1,1,1
706,11,0,574,45,18,1,1,1
707,1,1135,469,32,16,1,1,1
707,2,1249,511,35,16,1,1,1
707,3,1506,575,29,17,1,1,1
707,4,1631,465,40,17,1,1,1
707,5,1728,485,45,18,1,1,1
707,6,783,617,30,18,1,1,1
707,7,625,600,36,18,1,1,1
707,8,533,498,36,16,1,1,1
707,9,202,507,48,18,1,1,1
707,10,1014,528,33,17,1,1,1
707,11,0,574,40,17,1,1,1
708,1,1132,470,32,17,1,1,1
708,2,1246,510,34,16,1,1,1
708,3,1502,578,40,17,1,1,1
708,4,1626,466,41,17,1,1,1
708,5,1724,488,45,18,1,1,1
708,6,779,619,29,18,1,1,1
708,7,621,601,36,18,1,1,1
708,8,530,497,35,17,1,1,1
708,9,197,507,48,18,1,1,1
708,10,1010,527,33,17,1,1,1
708,11,0,574,35,18,1,1,1
709,1,1131,473,32,16,1,1,1
709,2,1244,510,34,17,1,1,1
709,3,1500,581,40,17,1,1,1
709,4,1624,469,41,17,1,1,1
709,5,1722,490,45,18,1,1,1
709,6,776,621,30,17,1,1,1
709,7,618,603,36,18,1,1,1
709,8,529,497,35,17,1,1,1
709,9,194,507,48,18,1,1,1
709,10,1009,528,32,17,1,1,1
709,11,0,574,33,18,1,1,1
710,1,1129,475,32,17,1,1,1
710,2,1243,511,33,16,1,1,1
710,3,1497,585,40,17,1,1,1
710,4,1622,473,41,16,1,1,1
710,5,1721,493,45,17,1,1,1
710,6,773,622,30,17,1,1,1
710,7,615,605,36,18,1,1,1
710,8,527,497,36,17,1,1,1
710,9,190,506,49,18,1,1,1
710,10,1007,532,32,16,1,1,1
710,11,0,574,33,18,1,1,1
711,1,1129,474,31,16,1,1,1
711,2,1240,509,35,16,1,1,1
711,3,1496,587,40,17,1,1,1
711,4,1621,472,41,17,1,1,1
711,5,1720,492,46,18,1,1,1
711,6,771,621,30,17,1,1,1
711,7,613,603,36,18,1,1,1
711,8,526,496,36,17,1,1,1
711,9,188,505,49,18,1,1,1
711,10,1005,533,33,17,1,1,1
711,11,0,574,32,18,1,1,1
712,1,1129,471,31,16,1,1,1
712,2,1240,505,34,16,1,1,1
712,3,1497,587,39,17,1,1,1
712,4,1622,470,41,16,1,1,1
712,5,1721,492,45,17,1,1,1
712,6,770,619,30,17,1,1,1
712,7,612,599,35,18,1,1,1
712,8,527,495,35,16,1,1,1
712,9,187,503,49,18,1,1,1
712,10,1005,533,33,16,1,1,1
712,11,0,572,36,18,1,1,1
713,1,1129,470,32,16,1,1,1
713,2,1240,503,35,16,1,1,1
713,3,1496,588,40,17,1,1,1
713,4,1623,469,41,17,1,1,1
713,5,1722,493,46,17,1,1,1
713,6,769,618,30,17,1,1,1
713,7,611,597,36,18,1,1,1
713,8,528,493,35,17,1,1,1
713,9,187,502,49,18,1,1,1
713,10,1005,531,33,16,1,1,1
713,11,0,571,38,17,1,1,1
714,1,1130,472,32,16,1,1,1
714,2,1241,501,34,16,1,1,1
714,3,1497,591,40,17,1,1,1
714,4,1625,471,41,17,1,1,1
714,5,1725,495,45,18,1,1,1
714,6,769,620,30,17,1,1,1
714,7,611,597,35,18,1,1,1
714,8,529,491,36,16,1,1,1
714,9,188,500,48,18,1,1,1
714,10,1005,529,33,17,1,1,1
714,11,0,569,42,17,1,1,1
715,1,1132,474,31,16,1,1,1
715,2,1242,502,34,16,1,1,1
715,3,1498,594,41,17,1,1,1
715,4,1628,474,40,16,1,1,1
715,5,1727,497,46,17,1,1,1
715,6,769,621,30,17,1,1,1
715,7,611,599,35,18,1,1,1
715,8,530,490,36,17,1,1,1
715,9,189,499,48,18,1,1,1
715,10,1006,531,33,16,1,1,1
715,11,0,568,45,17,1,1,1
716,1,1133,475,32,16,1,1,1
716,2,1243,503,35,16,1,1,1
716,3,1502,599,27,18,1,1,1
716,4,1630,476,42,17,1,1,1
716,5,1731,500,46,17,1,1,1
716,6,769,622,30,17,1,1,1
716,7,611,601,36,18,1,1,1
716,8,533,491,36,16,1,1,1
716,9,191,498,48,18,1,1,1
716,10,1007,534,33,16,1,1,1
716,11,1,568,50,17,1,1,1
717,1,1136,475,31,16,1,1,1
717,2,1245,502,34,16,1,1,1
717,3,1503,601,28,18,1,1,1
717,4,1633,477,41,16,1,1,1
717,5,1734,501,46,17,1,1,1
717,6,771,621,29,17,1,1,1
717,7,612,600,34,18,1,1,1
717,8,535,491,36,16,1,1,1
717,9,193,497,48,18,1,1,1
717,10,1009,536,32,16,1,1,1
717,11,19,568,36,17,1,1,1
718,1,1137,474,32,16,1,1,1
718,2,1247,499,35,16,1,1,1
718,3,1505,603,41,17,1,1,1
718,4,1638,476,41,16,1,1,1
718,5,1739,502,47,16,1,1,1
718,6,772,619,29,17,1,1,1
718,7,613,596,35,17,1,1,1
718,8,539,489,35,17,1,1,1
718,9,196,495,48,18,1,1,1
718,10,1010,536,33,16,1,1,1
718,11,13,566,50,17,1,1,1
719,1,1139,473,32,16,1,1,1
719,2,1250,496,33,16,1,1,1
719,3,1507,603,41,17,1,1,1
719,4,1641,476,42,16,1,1,1
719,5,1743,502,46,17,1,1,1
719,6,772,618,30,17,1,1,1
719,7,613,593,36,18,1,1,1
719,8,541,487,35,17,1,1,1
719,9,199,494,47,18,1,1,1
719,10,1012,534,33,16,1,1,1
719,11,18,564,49,17,1,1,1
720,1,1143,473,31,16,1,1,1
720,2,1252,493,34,16,1,1,1
720,3,1511,605,41,17,1,1,1
720,4,1645,475,42,17,1,1,1
720,5,1748,503,47,17,1,1,1
720,6,774,618,30,17,1,1,1
720,7,615,592,35,18,1,1,1
720,8,545,484,35,16,1,1,1
720,9,202,492,48,18,1,1,1
720,10,1014,531,33,16,1,1,1
720,11,26,561,49,17,1,1,1
720,12,0,545,8,12,1,1,1
721,1,1144,474,32,16,1,1,1
721,2,1253,493,35,16,1,1,1
721,3,1513,607,41,18,1,1,1
721,4,1648,476,43,17,1,1,1
721,5,1752,504,47,17,1,1,1
721,6,774,620,31,16,1,1,1
721,7,615,594,36,17,1,1,1
721,8,547,483,35,16,1,1,1
721,9,205,491,47,18,1,1,1
721,10,1015,532,33,16,1,1,1
721,11,31,560,49,17,1,1,1
721,12,2,546,9,11,1,1,1
722,1,1147,475,32,16,1,1,1
722,2,1257,493,34,17,1,1,1
722,3,1518,613,40,17,1,1,1
722,4,1653,478,43,16,1,1,1
722,5,1758,505,47,18,1,1,1
722,6,776,621,30,17,1,1,1
722,7,617,596,35,18,1,1,1
722,8,551,485,34,16,1,1,1
722,9,208,491,47,18,1,1,1
722,10,1018,535,32,17,1,1,1
722,11,39,561,48,17,1,1,1
722,12,0,544,19,16,1,1,1
723,1,1150,475,32,17,1,1,1
723,2,1259,493,35,16,1,1,1
723,3,1520,616,41,18,1,1,1
723,4,1658,479,42,17,1,1,1
723,5,1764,507,48,17,1,1,1
723,6,778,620,30,17,1,1,1
723,7,618,595,35,18,1,1,1
723,8,555,487,35,16,1,1,1
723,9,212,491,47,18,1,1,1
723,10,1020,539,32,16,1,1,1
723,11,60,563,34,17,1,1,1
723,12,0,545,25,16,1,1,1
724,1,1152,475,32,16,1,1,1
724,2,1261,490,34,17,1,1,1
724,3,1522,617,41,17,1,1,1
724,4,1662,480,42,16,1,1,1
724,5,1768,507,48,18,1,1,1
724,6,779,619,30,17,1,1,1
724,7,618,593,36,17,1,1,1
724,8,557,485,35,17,1,1,1
724,9,214,490,47,18,1,1,1
724,10,1021,539,33,16,1,1,1
724,11,51,562,48,17,1,1,1
724,12,0,543,29,16,1,1,1
725,1,1154,475,32,16,1,1,1
725,2,1263,486,35,17,1,1,1
725,3,1525,617,41,17,1,1,1
725,4,1665,478,31,17,1,1,1
725,5,1774,508,47,17,1,1,1
725,6,780,618,30,17,1,1,1
725,7,619,589,34,18,1,1,1
725,8,560,482,34,16,1,1,1
725,9,216,490,47,17,1,1,1
725,10,1023,536,32,16,1,1,1
725,11,70,561,36,17,1,1,1
725,12,0,540,34,16,1,1,1
726,1,1156,474,32,16,1,1,1
726,2,1265,483,34,17,1,1,1
726,3,1527,617,41,17,1,1,1
726,4,1668,476,43,17,1,1,1
726,5,1777,507,48,18,1,1,1
726,6,781,618,30,17,1,1,1
726,7,619,588,35,18,1,1,1
726,8,562,479,35,16,1,1,1
726,9,218,488,47,17,1,1,1
726,10,1024,533,33,17,1,1,1
726,11,62,558,48,17,1,1,1
726,12,0,539,38,16,1,1,1
727,1,1157,474,32,16,1,1,1
727,2,1266,482,35,16,1,1,1
727,3,1529,619,41,18,1,1,1
727,4,1671,475,43,17,1,1,1
727,5,1782,506,48,18,1,1,1
727,6,781,620,30,17,1,1,1
727,7,619,591,35,17,1,1,1
727,8,564,479,35,16,1,1,1
727,9,219,487,47,17,1,1,1
727,10,1025,534,33,16,1,1,1
727,11,67,558,48,17,1,1,1
727,12,0,542,41,16,1,1,1
728,1,1159,474,32,17,1,1,1
728,2,1268,482,34,16,1,1,1
728,3,1531,624,41,17,1,1,1
728,4,1673,477,43,17,1,1,1
728,5,1786,507,48,17,1,1,1
728,6,782,621,30,17,1,1,1
728,7,618,594,36,17,1,1,1
728,8,567,483,34,16,1,1,1
728,9,221,488,46,18,1,1,1
728,10,1026,538,32,16,1,1,1
728,11,72,562,48,17,1,1,1
728,12,12,546,33,16,1,1,1
729,1,1160,475,32,16,1,1,1
729,2,1268,481,35,17,1,1,1
729,3,1531,626,42,18,1,1,1
729,4,1674,479,43,17,1,1,1
729,5,1789,508,48,17,1,1,1
729,6,781,621,31,17,1,1,1
729,7,617,594,36,17,1,1,1
729,8,567,484,36,17,1,1,1
729,9,221,490,47,18,1,1,1
729,10,1026,540,33,17,1,1,1
729,11,75,565,47,17,1,1,1
729,12,1,547,46,17,1,1,1
730,1,1160,474,32,16,1,1,1
730,2,1269,478,35,16,1,1,1
730,3,1532,626,41,18,1,1,1
730,4,1677,477,42,17,1,1,1
730,5,1792,508,48,18,1,1,1
730,6,781,620,30,17,1,1,1
730,7,616,591,36,17,1,1,1
730,8,569,482,35,16,1,1,1
730,9,221,491,46,18,1,1,1
730,10,1026,539,33,17,1,1,1
730,11,79,565,47,17,1,1,1
730,12,3,546,45,16,1,1,1
731,1,1160,473,32,16,1,1,1
731,2,1269,473,35,17,1,1,1
731,3,1532,625,41,18,1,1,1
731,4,1676,473,44,17,1,1,1
731,5,1794,507,34,17,1,1,1
731,6,780,620,30,17,1,1,1
731,7,614,589,36,17,1,1,1
731,8,570,479,34,16,1,1,1
731,9,220,490,46,18,1,1,1
731,10,1026,536,32,16,1,1,1
731,11,81,564,47,17,1,1,1
731,12,4,547,45,15,1,1,1
732,1,1161,472,31,16,1,1,1
732,2,1268,470,35,17,1,1,1
732,3,1532,625,41,17,1,1,1
732,4,1676,470,43,17,1,1,1
732,5,1795,504,49,18,1,1,1
732,6,780,620,30,17,1,1,1
732,7,613,588,35,18,1,1,1
732,8,569,477,35,16,1,1,1
732,9,219,488,46,18,1,1,1
732,10,1025,534,33,16,1,1,1
732,11,82,562,47,17,1,1,1
732,12,17,546,32,16,1,1,1
733,1,1160,472,32,16,1,1,1
733,2,1268,469,35,16,1,1,1
733,3,1531,627,41,17,1,1,1
733,4,1675,471,44,17,1,1,1
733,5,1796,502,49,17,1,1,1
733,6,778,622,30,16,1,1,1
733,7,610,592,36,17,1,1,1
733,8,569,479,35,17,1,1,1
733,9,217,488,46,18,1,1,1
733,10,1025,535,32,17,1,1,1
733,11,83,565,47,17,1,1,1
733,12,4,550,45,16,1,1,1
734,1,1159,472,32,16,1,1,1
734,2,1267,468,35,17,1,1,1
734,3,1530,629,41,18,1,1,1
734,4,1674,472,44,17,1,1,1
734,5,1796,502,49,17,1,1,1
734,6,776,623,31,16,1,1,1
734,7,608,594,36,17,1,1,1
734,8,569,482,35,16,1,1,1
734,9,215,490,47,18,1,1,1
734,10,1024,538,32,17,1,1,1
734,11,83,568,46,17,1,1,1
734,12,16,553,32,16,1,1,1
735,1,1157,473,32,16,1,1,1
735,2,1265,467,35,17,1,1,1
735,3,1528,632,41,16,1,1,1
735,4,1673,472,43,17,1,1,1
735,5,1796,503,49,17,1,1,1
735,6,774,623,30,17,1,1,1
735,7,604,594,36,18,1,1,1
735,8,568,483,35,17,1,1,1
735,9,212,495,46,17,1,1,1
735,10,1022,542,32,16,1,1,1
735,11,83,573,46,17,1,1,1
735,12,1,557,45,15,1,1,1
736,1,1156,472,32,16,1,1,1
736,2,1264,464,35,17,1,1,1
736,3,1526,632,42,18,1,1,1
736,4,1671,469,43,17,1,1,1
736,5,1796,503,48,17,1,1,1
736,6,773,623,29,17,1,1,1
736,7,602,592,35,18,1,1,1
736,8,567,482,35,16,1,1,1
736,9,209,496,47,17,1,1,1
736,10,1020,541,32,16,1,1,1
736,11,82,574,47,17,1,1,1
736,12,0,556,45,16,1,1,1
737,1,1155,472,32,16,1,1,1
737,2,1262,461,35,16,1,1,1
737,3,1524,630,42,18,1,1,1
737,4,1669,466,43,17,1,1,1
737,5,1795,502,49,17,1,1,1
737,6,770,623,30,17,1,1,1
737,7,599,590,36,18,1,1,1
737,8,566,479,35,17,1,1,1
737,9,206,495,47,18,1,1,1
737,10,1019,538,32,16,1,1,1
737,11,81,573,48,17,1,1,1
737,12,0,557,43,16,1,1,1
738,1,1153,470,32,16,1,1,1
738,2,1260,456,34,17,1,1,1
738,3,1521,629,41,17,1,1,1
738,4,1666,464,43,17,1,1,1
738,5,1794,498,48,17,1,1,1
738,6,768,623,30,17,1,1,1
738,7,595,590,36,17,1,1,1
738,8,564,478,35,16,1,1,1
738,9,202,492,47,18,1,1,1
738,10,1016,535,32,16,1,1,1
738,11,80,571,47,17,1,1,1
738,12,0,558,38,16,1,1,1
739,1,1151,469,32,16,1,1,1
739,2,1258,455,34,16,1,1,1
739,3,1519,630,41,17,1,1,1
739,4,1664,464,43,17,1,1,1
739,5,1793,496,48,17,1,1,1
739,6,765,624,30,17,1,1,1
739,7,591,592,37,17,1,1,1
739,8,562,480,35,16,1,1,1
739,9,198,492,48,18,1,1,1
739,10,1015,535,32,17,1,1,1
739,11,78,573,47,17,1,1,1
739,12,4,560,33,16,1,1,1
740,1,1149,470,31,16,1,1,1
740,2,1255,454,34,17,1,1,1
740,3,1516,633,41,18,1,1,1
740,4,1660,464,43,17,1,1,1
740,5,1790,496,49,17,1,1,1
740,6,762,625,29,17,1,1,1
740,7,587,595,36,18,1,1,1
740,8,560,482,35,16,1,1,1
740,9,193,495,48,18,1,1,1
740,10,1011,539,33,17,1,1,1
740,11,76,579,47,17,1,1,1
740,12,0,563,33,16,1,1,1
741,1,1147,470,32,17,1,1,1
741,2,1253,454,34,16,1,1,1
741,3,1514,635,41,18,1,1,1
741,4,1658,464,42,17,1,1,1
741,5,1789,497,48,18,1,1,1
741,6,759,626,30,17,1,1,1
741,7,584,596,37,17,1,1,1
741,8,558,483,35,16,1,1,1
741,9,190,499,47,17,1,1,1
741,10,1010,542,32,17,1,1,1
741,11,74,582,48,18,1,1,1
741,12,0,566,30,16,1,1,1
742,1,1144,470,32,16,1,1,1
742,2,1250,450,34,17,1,1,1
742,3,1511,636,40,17,1,1,1
742,4,1654,462,43,16,1,1,1
742,5,1787,498,48,17,1,1,1
742,6,755,626,30,17,1,1,1
742,7,579,594,37,17,1,1,1
742,8,556,481,34,16,1,1,1
742,9,185,501,47,17,1,1,1
742,10,1007,542,32,16,1,1,1
742,11,72,584,47,17,1,1,1
742,12,0,568,26,16,1,1,1
743,1,1143,470,31,16,1,1,1
743,2,1248,447,34,17,1,1,1
743,3,1508,635,41,18,1,1,1
743,4,1652,460,42,17,1,1,1
743,5,1785,496,48,17,1,1,1
743,6,753,626,30,17,1,1,1
743,7,576,593,37,17,1,1,1
743,8,554,480,35,16,1,1,1
743,9,181,499,48,18,1,1,1
743,10,1005,540,32,16,1,1,1
743,11,70,582,48,18,1,1,1
743,12,0,568,23,17,1,1,1
744,1,1139,467,32,16,1,1,1
744,2,1244,441,34,17,1,1,1
744,3,1503,633,41,18,1,1,1
744,4,1647,457,43,17,1,1,1
744,5,1782,490,48,18,1,1,1
744,6,748,626,31,17,1,1,1
744,7,570,593,37,17,1,1,1
744,8,551,479,35,17,1,1,1
744,9,174,495,48,18,1,1,1
744,10,1001,535,32,17,1,1,1
744,11,67,581,47,18,1,1,1
744,12,0,569,17,15,1,1,1
745,1,1138,468,32,16,1,1,1
745,2,1242,441,35,17,1,1,1
745,3,1502,634,41,18,1,1,1
745,4,1646,457,42,16,1,1,1
745,5,1781,490,48,17,1,1,1
745,6,747,626,30,17,1,1,1
745,7,568,594,38,17,1,1,1
745,8,550,480,35,16,1,1,1
745,9,173,495,48,18,1,1,1
745,10,1001,536,31,16,1,1,1
745,11,66,583,48,17,1,1,1
745,12,0,569,16,16,1,1,1
746,1,1137,471,31,16,1,1,1
746,2,1240,441,34,16,1,1,1
746,3,1499,638,41,17,1,1,1
746,4,1642,457,43,17,1,1,1
746,5,1779,491,47,18,1,1,1
746,6,743,627,31,17,1,1,1
746,7,564,596,37,18,1,1,1
746,8,548,481,35,16,1,1,1
746,9,168,499,48,17,1,1,1
746,10,997,540,32,16,1,1,1
746,11,63,587,47,18,1,1,1
746,12,0,576,12,12,1,1,1
747,1,1134,473,32,17,1,1,1
747,2,1238,441,34,16,1,1,1
747,3,1497,640,41,18,1,1,1
747,4,1640,458,43,17,1,1,1
747,5,1778,493,47,18,1,1,1
747,6,741,627,31,17,1,1,1
747,7,561,597,37,17,1,1,1
747,8,546,481,36,16,1,1,1
747,9,165,502,48,18,1,1,1
747,10,995,543,33,16,1,1,1
747,11,62,590,48,18,1,1,1
747,12,0,579,9,12,1,1,1
748,1,1133,475,32,16,1,1,1
748,2,1236,440,35,17,1,1,1
748,3,1495,641,41,18,1,1,1
748,4,1639,459,42,16,1,1,1
748,5,1777,494,47,18,1,1,1
748,6,739,625,31,17,1,1,1
748,7,558,596,38,17,1,1,1
748,8,545,480,35,17,1,1,1
748,9,162,503,48,18,1,1,1
748,10,994,544,32,16,1,1,1
748,11,61,591,48,17,1,1,1
748,12,0,581,6,11,1,1,1
749,1,1131,474,32,16,1,1,1
749,2,1234,439,34,16,1,1,1
749,3,1492,641,41,18,1,1,1
749,4,1637,457,41,16,1,1,1
749,5,1775,493,47,17,1,1,1
749,6,736,621,31,17,1,1,1
749,7,554,593,38,18,1,1,1
749,8,543,479,35,17,1,1,1
749,9,157,501,49,18,1,1,1
749,10,991,542,33,16,1,1,1
749,11,59,588,49,18,1,1,1
750,1,1130,473,31,16,1,1,1
750,2,1232,438,35,17,1,1,1
750,3,1490,640,41,18,1,1,1
750,4,1634,454,43,17,1,1,1
750,5,1774,490,47,17,1,1,1
750,6,734,618,31,17,1,1,1
750,7,552,592,37,18,1,1,1
750,8,542,479,35,16,1,1,1
750,9,154,498,49,18,1,1,1
750,10,990,539,32,16,1,1,1
750,11,59,587,48,18,1,1,1
751,1,1128,472,32,16,1,1,1
751,2,1230,440,35,17,1,1,1
751,3,1488,641,40,18,1,1,1
751,4,1632,452,42,17,1,1,1
751,5,1773,488,47,17,1,1,1
751,6,731,616,32,17,1,1,1
751,7,548,593,37,18,1,1,1
751,8,540,477,36,17,1,1,1
751,9,151,496,49,18,1,1,1
751,10,988,538,32,16,1,1,1
751,11,58,589,48,17,1,1,1
752,1,1127,475,32,16,1,1,1
752,2,1229,443,34,17,1,1,1
752,3,1487,643,40,18,1,1,1
752,4,1631,453,42,17,1,1,1
752,5,1773,489,47,17,1,1,1
752,6,729,616,33,17,1,1,1
752,7,546,595,38,18,1,1,1
752,8,540,477,35,17,1,1,1
752,9,149,498,49,18,1,1,1
752,10,987,540,32,16,1,1,1
752,11,57,591,49,17,1,1,1
753,1,1126,479,32,16,1,1,1
753,2,1228,448,34,17,1,1,1
753,3,1485,647,41,18,1,1,1
753,4,1630,457,42,16,1,1,1
753,5,1772,493,47,17,1,1,1
753,6,728,616,32,17,1,1,1
753,7,543,596,38,18,1,1,1
753,8,539,478,36,17,1,1,1
753,9,146,502,49,18,1,1,1
753,10,985,544,32,17,1,1,1
753,11,57,594,47,18,1,1,1
754,1,1126,480,31,16,1,1,1
754,2,1227,449,34,17,1,1,1
754,3,1484,649,41,18,1,1,1
754,4,1629,456,42,17,1,1,1
754,5,1772,494,47,18,1,1,1
754,6,727,614,33,18,1,1,1
754,7,541,595,38,18,1,1,1
754,8,538,479,36,16,1,1,1
754,9,144,503,49,18,1,1,1
754,10,985,546,31,16,1,1,1
754,11,58,594,48,18,1,1,1
755,1,1125,479,32,16,1,1,1
755,2,1226,450,34,17,1,1,1
755,3,1483,649,40,18,1,1,1
755,4,1629,453,42,17,1,1,1
755,5,1773,493,47,17,1,1,1
755,6,726,610,32,16,1,1,1
755,7,538,593,38,17,1,1,1
755,8,538,478,36,16,1,1,1
755,9,142,500,49,18,1,1,1
755,10,984,545,31,17,1,1,1
755,11,59,592,48,17,1,1,1
756,1,1124,477,31,16,1,1,1
756,2,1225,449,34,17,1,1,1
756,3,1483,648,39,17,1,1,1
756,4,1627,449,42,17,1,1,1
756,5,1772,488,47,17,1,1,1
756,6,725,607,33,16,1,1,1
756,7,536,593,38,17,1,1,1
756,8,537,477,36,17,1,1,1
756,9,139,499,50,17,1,1,1
756,10,983,543,31,17,1,1,1
756,11,58,593,49,17,1,1,1
757,1,1119,477,31,16,1,1,1
757,2,1220,450,33,17,1,1,1
757,3,1476,645,40,18,1,1,1
757,4,1620,446,42,17,1,1,1
757,5,1765,482,47,17,1,1,1
757,6,721,606,32,17,1,1,1
757,7,530,597,37,18,1,1,1
757,8,532,478,35,16,1,1,1
757,9,130,503,50,17,1,1,1
757,10,978,542,31,16,1,1,1
757,11,52,600,49,17,1,1,1
758,1,1113,479,31,17,1,1,1
758,2,1214,452,33,16,1,1,1
758,3,1469,645,40,18,1,1,1
758,4,1612,446,41,17,1,1,1
758,5,1756,480,47,17,1,1,1
758,6,715,607,33,17,1,1,1
758,7,521,600,39,18,1,1,1
758,8,525,480,35,16,1,1,1
758,9,119,508,50,18,1,1,1
758,10,973,544,30,16,1,1,1
758,11,43,606,49,18,1,1,1
759,1,1099,483,32,16,1,1,1
759,2,1199,453,34,17,1,1,1
759,3,1455,645,38,18,1,1,1
759,4,1593,444,41,17,1,1,1
759,5,1736,479,46,18,1,1,1
759,6,703,609,34,17,1,1,1
759,7,505,605,38,18,1,1,1
759,8,510,484,36,17,1,1,1
759,9,96,518,51,18,1,1,1
759,10,960,548,31,17,1,1,1
759,11,21,616,50,18,1,1,1
760,1,1087,483,32,17,1,1,1
760,2,1188,454,32,16,1,1,1
760,3,1440,644,39,18,1,1,1
760,4,1577,442,40,16,1,1,1
760,5,1718,478,45,17,1,1,1
760,6,691,609,35,18,1,1,1
760,7,490,606,39,19,1,1,1
760,8,496,488,37,16,1,1,1
760,9,74,523,52,18,1,1,1
760,10,949,550,30,17,1,1,1
760,11,1,621,51,18,1,1,1
761,1,1069,481,31,16,1,1,1
761,2,1169,453,32,16,1,1,1
761,3,1419,640,38,17,1,1,1
761,4,1552,437,40,17,1,1,1
761,5,1691,472,44,17,1,1,1
761,6,674,608,35,17,1,1,1
761,7,467,606,39,19,1,1,1
761,8,475,490,37,16,1,1,1
761,9,41,526,53,18,1,1,1
761,10,932,550,31,17,1,1,1
761,11,0,627,21,17,1,1,1
762,1,1049,480,30,16,1,1,1
762,2,1148,452,32,16,1,1,1
762,3,1394,633,38,18,1,1,1
762,4,1525,434,38,17,1,1,1
762,5,1661,465,43,17,1,1,1
762,6,654,606,35,17,1,1,1
762,7,440,606,40,18,1,1,1
762,8,450,489,38,17,1,1,1
762,9,0,528,56,18,1,1,1
762,10,912,547,31,17,1,1,1
763,1,1038,480,30,16,1,1,1
763,2,1136,452,33,17,1,1,1
763,3,1381,630,38,17,1,1,1
763,4,1510,434,39,16,1,1,1
763,5,1645,463,42,17,1,1,1
763,6,643,605,35,17,1,1,1
763,7,425,606,41,18,1,1,1
763,8,436,488,38,17,1,1,1
763,9,0,529,34,19,1,1,1
763,10,902,546,31,17,1,1,1
764,1,1015,485,31,16,1,1,1
764,2,1114,457,32,16,1,1,1
764,3,1355,629,37,17,1,1,1
764,4,1481,437,38,16,1,1,1
764,5,1613,466,41,17,1,1,1
764,6,620,605,35,17,1,1,1
764,7,393,609,42,19,1,1,1
764,8,408,490,39,16,1,1,1
764,10,880,550,31,17,1,1,1
765,1,1005,487,30,17,1,1,1
765,2,1103,459,32,16,1,1,1
765,3,1343,630,36,17,1,1,1
765,4,1468,438,38,16,1,1,1
765,5,1599,470,41,17,1,1,1
765,6,610,606,35,17,1,1,1
765,7,378,610,43,19,1,1,1
765,8,395,492,39,17,1,1,1
765,10,870,553,32,17,1,1,1
766,1,993,488,30,16,1,1,1
766,2,1092,461,32,16,1,1,1
766,3,1329,630,36,17,1,1,1
766,4,1454,438,37,16,1,1,1
766,5,1583,471,40,17,1,1,1
766,6,598,605,36,17,1,1,1
766,7,361,610,44,19,1,1,1
766,8,380,494,40,17,1,1,1
766,10,860,556,31,16,1,1,1
767,1,984,487,30,15,1,1,1
767,2,1083,461,32,16,1,1,1
767,3,1319,628,36,18,1,1,1
767,4,1444,437,36,17,1,1,1
767,5,1573,470,39,17,1,1,1
767,6,590,602,36,17,1,1,1
767,7,348,607,45,19,1,1,1
767,8,369,492,39,17,1,1,1
767,10,852,555,31,16,1,1,1
768,1,979,486,31,16,1,1,1
768,2,1079,461,32,16,1,1,1
768,3,1314,626,36,17,1,1,1
768,4,1440,438,35,16,1,1,1
768,5,1567,469,39,17,1,1,1
768,6,586,599,36,18,1,1,1
768,7,341,604,45,19,1,1,1
768,8,363,489,41,17,1,1,1
768,10,848,552,31,17,1,1,1
769,1,975,488,31,16,1,1,1
769,2,1075,463,32,17,1,1,1
769,3,1309,626,36,17,1,1,1
769,4,1435,440,36,17,1,1,1
769,5,1562,471,40,16,1,1,1
769,6,583,596,35,18,1,1,1
769,7,334,599,46,19,1,1,1
769,8,359,486,40,17,1,1,1
769,10,845,552,31,17,1,1,1
770,1,973,492,31,16,1,1,1
770,2,1074,467,32,16,1,1,1
770,3,1307,628,35,17,1,1,1
770,4,1434,443,36,17,1,1,1
770,5,1561,476,39,16,1,1,1
770,6,582,595,35,17,1,1,1
770,7,331,598,46,19,1,1,1
770,8,357,486,40,17,1,1,1
770,10,844,555,31,17,1,1,1
771,1,973,495,30,16,1,1,1
771,2,1074,470,32,17,1,1,1
771,3,1306,630,36,17,1,1,1
771,4,1435,446,36,16,1,1,1
771,5,1561,481,39,17,1,1,1
771,6,583,593,35,18,1,1,1
771,7,331,597,46,19,1,1,1
771,8,358,487,40,17,1,1,1
771,10,845,559,31,16,1,1,1
772,1,973,495,31,16,1,1,1
772,2,1076,471,32,16,1,1,1
772,3,1307,631,36,17,1,1,1
772,4,1438,446,36,17,1,1,1
772,5,1565,483,38,17,1,1,1
772,6,585,590,36,17,1,1,1
772,7,333,592,45,19,1,1,1
772,8,360,484,40,17,1,1,1
772,10,847,559,31,17,1,1,1
773,1,975,493,31,16,1,1,1
773,2,1078,472,32,16,1,1,1
773,3,1309,631,36,17,1,1,1
773,4,1442,448,36,16,1,1,1
773,5,1568,484,39,16,1,1,1
773,6,589,585,35,17,1,1,1
773,7,336,586,46,19,1,1,1
773,8,364,479,39,17,1,1,1
773,10,850,557,31,16,1,1,1
774,1,976,493,30,16,1,1,1
774,2,1079,472,32,17,1,1,1
774,3,1310,630,36,17,1,1,1
774,4,1444,449,36,16,1,1,1
774,5,1569,484,40,17,1,1,1
774,6,590,583,35,16,1,1,1
774,7,338,583,45,19,1,1,1
774,8,365,477,41,17,1,1,1
774,10,851,556,31,16,1,1,1
775,1,979,496,30,16,1,1,1
775,2,1083,475,32,16,1,1,1
775,3,1313,632,35,17,1,1,1
775,4,1449,453,36,16,1,1,1
775,5,1574,487,40,17,1,1,1
775,6,594,580,35,18,1,1,1
775,7,342,579,46,19,1,1,1
775,8,371,474,39,17,1,1,1
775,10,855,556,31,17,1,1,1
776,1,981,499,31,16,1,1,1
776,2,1086,478,32,16,1,1,1
776,3,1316,634,36,17,1,1,1
776,4,1454,456,36,16,1,1,1
776,5,1578,491,41,17,1,1,1
776,6,598,579,34,17,1,1,1
776,7,347,578,44,19,1,1,1
776,8,375,474,40,17,1,1,1
776,10,858,558,31,17,1,1,1
777,1,985,503,31,15,1,1,1
777,2,1090,482,32,16,1,1,1
777,3,1321,637,36,17,1,1,1
777,4,1460,459,37,16,1,1,1
777,5,1585,497,40,17,1,1,1
777,6,605,577,33,17,1,1,1
777,7,354,576,45,18,1,1,1
777,8,382,475,39,17,1,1,1
777,10,863,561,31,17,1,1,1
778,1,989,503,29,16,1,1,1
778,2,1094,483,32,16,1,1,1
778,3,1325,638,36,17,1,1,1
778,4,1466,459,37,17,1,1,1
778,5,1590,500,41,17,1,1,1
778,6,608,574,34,17,1,1,1
778,7,360,572,45,19,1,1,1
778,8,387,472,38,17,1,1,1
778,10,867,562,31,17,1,1,1
779,1,993,502,30,16,1,1,1
779,2,1099,484,32,16,1,1,1
779,3,1331,638,36,17,1,1,1
779,4,1474,461,37,16,1,1,1
779,5,1599,503,40,16,1,1,1
779,6,614,569,34,17,1,1,1
779,7,368,566,45,19,1,1,1
779,8,394,467,39,17,1,1,1
779,10,873,561,31,17,1,1,1
780,1,997,501,31,15,1,1,1
780,2,1104,484,33,16,1,1,1
780,3,1337,637,36,17,1,1,1
780,4,1482,463,38,16,1,1,1
780,5,1606,503,41,17,1,1,1
780,6,621,564,34,16,1,1,1
780,7,377,561,44,18,1,1,1
780,8,402,462,39,17,1,1,1
780,10,879,558,31,17,1,1,1
781,1,1001,502,30,16,1,1,1
781,2,1108,485,33,16,1,1,1
781,3,1341,637,37,18,1,1,1
781,4,1488,465,38,16,1,1,1
781,5,1611,505,42,16,1,1,1
781,6,625,562,34,17,1,1,1
781,7,383,560,44,18,1,1,1
781,8,408,462,38,17,1,1,1
781,10,883,558,31,17,1,1,1
782,1,1006,506,31,15,1,1,1
782,2,1115,489,32,16,1,1,1
782,3,1348,640,37,18,1,1,1
782,4,1497,467,38,17,1,1,1
782,5,1621,508,41,16,1,1,1
782,6,632,561,33,16,1,1,1
782,7,393,558,44,18,1,1,1
782,8,416,464,39,17,1,1,1
782,10,890,561,30,17,1,1,1
783,1,1010,508,30,16,1,1,1
783,2,1118,492,33,16,1,1,1
783,3,1353,643,37,17,1,1,1
783,4,1504,469,38,16,1,1,1
783,5,1626,511,43,16,1,1,1
783,6,637,560,33,17,1,1,1
783,7,400,557,43,18,1,1,1
783,8,422,465,38,17,1,1,1
783,10,894,563,31,17,1,1,1
784,1,1016,510,30,15,1,1,1
784,2,1124,493,33,16,1,1,1
784,3,1361,644,36,17,1,1,1
784,4,1514,470,38,16,1,1,1
784,5,1635,514,43,17,1,1,1
784,6,644,557,33,16,1,1,1
784,7,409,554,43,17,1,1,1
784,8,430,462,38,17,1,1,1
784,10,900,565,31,16,1,1,1
785,1,1019,510,30,15,1,1,1
785,2,1128,494,33,16,1,1,1
785,3,1365,642,37,18,1,1,1
785,4,1520,470,38,17,1,1,1
785,5,1641,516,43,16,1,1,1
785,6,648,553,33,17,1,1,1
785,7,416,551,43,18,1,1,1
785,8,436,459,38,17,1,1,1
785,9,0,500,13,13,1,1,1
785,10,905,564,30,17,1,1,1
786,1,1023,508,31,16,1,1,1
786,2,1133,494,33,16,1,1,1
786,3,1372,640,37,18,1,1,1
786,4,1528,471,39,17,1,1,1
786,5,1649,516,43,17,1,1,1
786,6,654,549,32,16,1,1,1
786,7,425,546,42,17,1,1,1
786,8,443,455,38,17,1,1,1
786,9,0,489,25,19,1,1,1
786,10,910,562,31,17,1,1,1
787,1,1026,508,31,16,1,1,1
787,2,1136,495,33,16,1,1,1
787,3,1377,640,37,18,1,1,1
787,4,1535,471,38,17,1,1,1
787,5,1654,516,44,16,1,1,1
787,6,658,547,33,16,1,1,1
787,7,430,544,43,18,1,1,1
787,8,448,455,37,17,1,1,1
787,9,0,488,34,19,1,1,1
787,10,914,561,31,17,1,1,1
788,1,1029,510,30,16,1,1,1
788,2,1140,496,31,16,1,1,1
788,3,1380,641,38,18,1,1,1
788,4,1538,472,40,16,1,1,1
788,5,1659,516,31,16,1,1,1
788,6,661,547,33,16,1,1,1
788,7,435,544,42,18,1,1,1
788,8,451,457,38,17,1,1,1
788,9,0,490,41,19,1,1,1
788,10,917,563,31,16,1,1,1
788,11,0,590,5,9,1,1,1
789,1,1032,514,30,16,1,1,1
789,2,1142,500,33,16,1,1,1
789,3,1386,643,37,17,1,1,1
789,4,1545,472,39,17,1,1,1
789,5,1664,518,44,16,1,1,1
789,6,665,547,33,16,1,1,1
789,7,441,545,42,18,1,1,1
789,8,457,460,36,17,1,1,1
789,9,0,496,50,18,1,1,1
789,10,921,566,31,17,1,1,1
789,11,0,592,14,12,1,1,1
790,1,1034,517,31,15,1,1,1
790,2,1145,502,33,16,1,1,1
790,3,1390,642,37,18,1,1,1
790,4,1550,474,40,16,1,1,1
790,5,1669,520,43,17,1,1,1
790,6,668,545,32,16,1,1,1
790,7,447,544,41,18,1,1,1
790,8,461,460,37,17,1,1,1
790,9,5,499,53,18,1,1,1
790,10,924,569,31,17,1,1,1
790,11,0,586,22,17,1,1,1
791,1,1035,515,30,16,1,1,1
791,2,1146,502,33,17,1,1,1
791,3,1391,641,38,18,1,1,1
791,4,1552,473,40,17,1,1,1
791,5,1670,521,44,16,1,1,1
791,6,669,543,33,16,1,1,1
791,7,449,542,42,18,1,1,1
791,8,462,458,37,16,1,1,1
791,9,9,498,53,18,1,1,1
791,10,925,569,31,17,1,1,1
791,11,0,586,26,18,1,1,1
792,1,1035,514,31,16,1,1,1
792,2,1146,502,33,16,1,1,1
792,3,1393,639,38,18,1,1,1
792,4,1555,473,39,16,1,1,1
792,5,1671,520,44,16,1,1,1
792,6,670,540,33,16,1,1,1
792,7,451,539,42,18,1,1,1
792,8,463,456,37,17,1,1,1
792,9,12,496,53,18,1,1,1
792,10,926,568,31,17,1,1,1
792,11,0,586,29,18,1,1,1
793,1,1035,514,30,15,1,1,1
793,2,1146,502,33,16,1,1,1
793,3,1394,636,38,17,1,1,1
793,4,1556,470,39,16,1,1,1
793,5,1671,516,45,17,1,1,1
793,6,670,536,33,17,1,1,1
793,7,453,536,41,18,1,1,1
793,8,463,456,38,17,1,1,1
793,9,15,495,53,18,1,1,1
793,10,926,566,31,16,1,1,1
793,11,0,587,31,18,1,1,1
794,1,1034,516,30,15,1,1,1
794,2,1145,503,33,16,1,1,1
794,3,1394,635,38,17,1,1,1
794,4,1556,469,39,16,1,1,1
794,5,1671,515,44,16,1,1,1
794,6,669,536,34,17,1,1,1
794,7,453,537,41,17,1,1,1
794,8,463,459,37,17,1,1,1
794,9,16,499,53,18,1,1,1
794,10,926,566,31,17,1,1,1
794,11,0,590,31,18,1,1,1
795,1,1032,520,30,15,1,1,1
795,2,1143,506,32,16,1,1,1
795,3,1393,635,38,18,1,1,1
795,4,1554,469,40,16,1,1,1
795,5,1668,515,44,17,1,1,1
795,6,667,537,34,17,1,1,1
795,7,452,539,41,18,1,1,1
795,8,462,462,36,16,1,1,1
795,9,15,506,54,18,1,1,1
795,10,925,570,30,17,1,1,1
795,11,0,593,31,18,1,1,1
796,1,1029,521,30,16,1,1,1
796,2,1140,509,33,16,1,1,1
796,3,1391,635,38,18,1,1,1
796,4,1553,470,39,16,1,1,1
796,5,1665,517,44,16,1,1,1
796,6,666,537,33,17,1,1,1
796,7,450,541,41,17,1,1,1
796,8,459,463,37,16,1,1,1
796,9,13,511,54,18,1,1,1
796,10,923,574,30,16,1,1,1
796,11,0,597,28,18,1,1,1
797,1,1026,520,31,16,1,1,1
797,2,1138,509,33,16,1,1,1
797,3,1389,633,38,17,1,1,1
797,4,1550,469,40,17,1,1,1
797,5,1662,516,44,17,1,1,1
797,6,664,535,33,17,1,1,1
797,7,448,539,41,18,1,1,1
797,8,456,462,38,16,1,1,1
797,9,11,510,54,18,1,1,1
797,10,921,574,31,17,1,1,1
797,11,0,598,26,18,1,1,1
798,1,1024,520,30,15,1,1,1
798,2,1135,508,32,16,1,1,1
798,3,1386,630,38,17,1,1,1
798,4,1547,468,40,16,1,1,1
798,5,1658,514,44,17,1,1,1
798,6,661,533,34,16,1,1,1
798,7,445,537,42,18,1,1,1
798,8,453,461,38,17,1,1,1
798,9,8,510,54,18,1,1,1
798,10,919,573,30,17,1,1,1
798,11,0,599,23,17,1,1,1
799,1,1019,519,30,16,1,1,1
799,2,1131,507,32,16,1,1,1
799,3,1382,625,38,18,1,1,1
799,4,1542,463,40,17,1,1,1
799,5,1652,510,44,16,1,1,1
799,6,656,529,34,16,1,1,1
799,7,441,534,41,18,1,1,1
799,8,448,461,38,17,1,1,1
799,9,2,511,55,18,1,1,1
799,10,915,570,31,17,1,1,1
799,11,0,602,17,16,1,1,1
800,1,1014,522,30,15,1,1,1
800,2,1126,509,32,16,1,1,1
800,3,1378,625,37,17,1,1,1
800,4,1537,462,39,16,1,1,1
800,5,1646,507,43,17,1,1,1
800,6,652,529,33,16,1,1,1
800,7,435,536,42,17,1,1,1
800,8,443,464,38,16,1,1,1
800,9,0,517,51,18,1,1,1
800,10,911,572,30,16,1,1,1
800,11,0,609,11,13,1,1,1
801,1,1010,524,31,16,1,1,1
801,2,1122,511,33,16,1,1,1
801,3,1375,625,37,17,1,1,1
801,4,1533,462,39,17,1,1,1
801,5,1641,509,43,16,1,1,1
801,6,649,530,34,16,1,1,1
801,7,431,537,42,18,1,1,1
801,8,439,465,38,17,1,1,1
801,9,0,522,46,18,1,1,1
801,10,908,575,30,16,1,1,1
801,11,0,612,6,12,1,1,1
802,1,1007,525,30,16,1,1,1
802,2,1119,514,32,15,1,1,1
802,3,1370,624,38,17,1,1,1
802,4,1529,464,39,16,1,1,1
802,5,1636,511,43,16,1,1,1
802,6,645,530,35,16,1,1,1
802,7,427,538,42,18,1,1,1
802,8,435,466,38,17,1,1,1
802,9,0,525,41,18,1,1,1
802,10,905,577,30,17,1,1,1
803,1,1001,526,30,15,1,1,1
803,2,1113,515,32,15,1,1,1
803,3,1364,622,38,17,1,1,1
803,4,1522,464,39,17,1,1,1
803,5,1628,510,43,17,1,1,1
803,6,640,528,33,16,1,1,1
803,7,420,538,42,17,1,1,1
803,8,428,467,38,17,1,1,1
803,9,0,526,32,18,1,1,1
803,10,899,579,31,17,1,1,1
804,1,997,525,30,16,1,1,1
804,2,1109,514,32,16,1,1,1
804,3,1362,620,36,17,1,1,1
804,4,1518,462,39,17,1,1,1
804,5,1625,508,41,16,1,1,1
804,6,636,526,35,16,1,1,1
804,7,416,537,42,17,1,1,1
804,8,424,467,38,17,1,1,1
804,9,0,526,27,18,1,1,1
804,10,896,578,31,17,1,1,1
805,1,990,525,30,15,1,1,1
805,2,1102,514,32,15,1,1,1
805,3,1353,614,38,17,1,1,1
805,4,1510,457,39,16,1,1,1
805,5,1614,502,31,17,1,1,1
805,6,630,521,35,16,1,1,1
805,7,407,533,43,17,1,1,1
805,8,415,466,39,17,1,1,1
805,9,0,533,16,13,1,1,1
805,10,890,575,31,17,1,1,1
806,1,987,527,30,15,1,1,1
806,2,1099,515,32,16,1,1,1
806,3,1350,614,37,17,1,1,1
806,4,1507,457,38,16,1,1,1
806,5,1610,502,42,17,1,1,1
806,6,627,521,34,16,1,1,1
806,7,403,533,43,17,1,1,1
806,8,411,466,39,17,1,1,1
806,9,0,536,11,13,1,1,1
806,10,887,576,31,17,1,1,1
807,1,984,528,29,16,1,1,1
807,2,1095,517,32,16,1,1,1
807,3,1346,614,37,17,1,1,1
807,4,1504,458,37,17,1,1,1
807,5,1605,504,42,17,1,1,1
807,6,623,521,35,16,1,1,1
807,7,399,533,43,18,1,1,1
807,8,407,467,39,17,1,1,1
807,9,0,539,5,9,1,1,1
807,10,884,579,31,16,1,1,1
808,1,978,531,30,15,1,1,1
808,2,1091,520,32,16,1,1,1
808,3,1342,616,37,17,1,1,1
808,4,1498,461,38,16,1,1,1
808,5,1599,508,42,16,1,1,1
808,6,619,522,35,16,1,1,1
808,7,393,535,43,17,1,1,1
808,8,402,469,39,16,1,1,1
808,10,881,583,30,16,1,1,1
809,1,976,532,30,15,1,1,1
809,2,1088,522,32,15,1,1,1
809,3,1339,615,37,17,1,1,1
809,4,1495,462,38,16,1,1,1
809,5,1597,509,41,16,1,1,1
809,6,617,521,35,16,1,1,1
809,7,390,535,43,17,1,1,1
809,8,399,469,39,17,1,1,1
809,10,878,584,31,17,1,1,1
810,1,972,532,30,15,1,1,1
810,2,1085,522,32,15,1,1,1
810,3,1336,613,36,17,1,1,1
810,4,1492,461,38,17,1,1,1
810,5,1593,508,41,16,1,1,1
810,6,614,518,35,17,1,1,1
810,7,386,533,44,18,1,1,1
810,8,395,470,40,17,1,1,1
810,10,876,584,30,17,1,1,1
811,1,968,531,30,16,1,1,1
811,2,1081,521,32,16,1,1,1
811,3,1331,609,37,17,1,1,1
811,4,1488,458,38,16,1,1,1
811,5,1587,504,41,17,1,1,1
811,6,611,514,35,17,1,1,1
811,7,381,530,44,17,1,1,1
811,8,391,468,39,17,1,1,1
811,10,872,581,31,17,1,1,1
812,1,965,531,30,16,1,1,1
812,2,1079,521,32,16,1,1,1
812,3,1329,607,37,17,1,1,1
812,4,1486,456,37,16,1,1,1
812,5,1584,502,42,16,1,1,1
812,6,609,512,35,16,1,1,1
812,7,378,527,44,17,1,1,1
812,8,388,466,39,17,1,1,1
812,10,871,580,29,16,1,1,1
813,1,962,533,30,15,1,1,1
813,2,1075,524,32,16,1,1,1
813,3,1326,608,36,17,1,1,1
813,4,1482,457,38,17,1,1,1
813,5,1581,504,41,16,1,1,1
813,6,606,511,35,16,1,1,1
813,7,375,526,44,17,1,1,1
813,8,385,465,39,17,1,1,1
813,10,868,582,31,16,1,1,1
814,1,959,536,30,15,1,1,1
814,2,1074,527,31,16,1,1,1
814,3,1324,610,36,17,1,1,1
814,4,1480,461,38,17,1,1,1
814,5,1577,508,42,17,1,1,1
814,6,605,511,35,16,1,1,1
814,7,372,526,44,18,1,1,1
814,8,382,467,40,17,1,1,1
814,10,866,586,31,17,1,1,1
815,1,957,538,30,15,1,1,1
815,2,1072,529,31,16,1,1,1
815,3,1322,610,36,17,1,1,1
815,4,1479,464,38,16,1,1,1
815,5,1576,511,41,16,1,1,1
815,6,604,510,35,17,1,1,1
815,7,370,526,43,18,1,1,1
815,8,381,469,39,17,1,1,1
815,10,865,588,31,17,1,1,1
816,1,955,538,30,16,1,1,1
816,2,1070,530,32,16,1,1,1
816,3,1321,609,36,17,1,1,1
816,4,1478,464,38,16,1,1,1
816,5,1574,511,41,17,1,1,1
816,6,603,508,34,16,1,1,1
816,7,369,524,44,17,1,1,1
816,8,379,469,39,16,1,1,1
816,10,864,588,31,17,1,1,1
817,1,954,538,30,15,1,1,1
817,2,1069,530,32,15,1,1,1
817,3,1319,607,37,17,1,1,1
817,4,1477,462,38,16,1,1,1
817,5,1573,510,41,16,1,1,1
817,6,602,505,35,16,1,1,1
817,7,368,521,44,17,1,1,1
817,8,378,466,40,17,1,1,1
817,10,863,587,31,17,1,1,1
818,1,953,537,29,16,1,1,1
818,2,1068,530,31,15,1,1,1
818,3,1318,604,37,17,1,1,1
818,4,1477,459,38,16,1,1,1
818,5,1572,507,41,17,1,1,1
818,6,602,501,35,16,1,1,1
818,7,367,517,45,17,1,1,1
818,8,377,463,40,16,1,1,1
818,10,863,584,31,17,1,1,1
819,1,952,537,29,16,1,1,1
819,2,1067,531,32,15,1,1,1
819,3,1318,604,36,17,1,1,1
819,4,1477,459,38,16,1,1,1
819,5,1571,507,41,17,1,1,1
819,6,602,499,35,16,1,1,1
819,7,367,515,44,17,1,1,1
819,8,377,461,40,17,1,1,1
819,10,863,584,30,17,1,1,1
820,1,952,540,29,15,1,1,1
820,2,1067,534,31,16,1,1,1
820,3,1318,606,36,17,1,1,1
820,4,1478,462,37,16,1,1,1
820,5,1572,511,40,16,1,1,1
820,6,602,498,34,17,1,1,1
820,7,367,515,45,18,1,1,1
820,8,377,462,40,17,1,1,1
820,10,863,587,30,17,1,1,1
821,1,950,543,30,16,1,1,1
821,2,1066,537,32,16,1,1,1
821,3,1318,608,36,17,1,1,1
821,4,1479,467,37,16,1,1,1
821,5,1571,516,41,16,1,1,1
821,6,603,498,34,16,1,1,1
821,7,368,515,45,18,1,1,1
821,8,378,465,39,17,1,1,1
821,10,863,591,31,17,1,1,1
822,1,950,545,30,15,1,1,1
822,2,1066,539,32,15,1,1,1
822,3,1318,608,37,17,1,1,1
822,4,1480,468,37,16,1,1,1
822,5,1572,518,29,16,1,1,1
822,6,603,496,35,17,1,1,1
822,7,369,514,44,17,1,1,1
822,8,379,466,39,17,1,1,1
822,10,863,593,31,17,1,1,1
823,1,951,545,29,15,1,1,1
823,2,1066,539,32,16,1,1,1
823,3,1319,605,36,17,1,1,1
823,4,1481,466,38,16,1,1,1
823,5,1573,517,40,16,1,1,1
823,6,604,492,35,17,1,1,1
823,7,371,510,44,17,1,1,1
823,8,379,463,40,17,1,1,1
823,10,864,591,31,17,1,1,1
824,1,950,543,29,16,1,1,1
824,2,1067,539,31,15,1,1,1
824,3,1319,603,37,17,1,1,1
824,4,1483,463,38,17,1,1,1
824,5,1573,514,41,17,1,1,1
824,6,605,488,35,16,1,1,1
824,7,372,505,44,18,1,1,1
824,8,381,459,39,16,1,1,1
824,10,865,588,31,17,1,1,1
825,1,950,543,29,16,1,1,1
825,2,1067,540,32,16,1,1,1
825,3,1320,603,37,16,1,1,1
825,4,1484,464,38,16,1,1,1
825,5,1575,514,40,16,1,1,1
825,6,606,485,35,17,1,1,1
825,7,374,503,44,18,1,1,1
825,8,382,456,39,17,1,1,1
825,10,866,588,31,17,1,1,1
826,1,950,546,30,16,1,1,1
826,2,1067,544,32,15,1,1,1
826,3,1322,604,36,17,1,1,1
826,4,1486,468,38,16,1,1,1
826,5,1575,518,41,16,1,1,1
826,6,608,485,34,16,1,1,1
826,7,376,503,44,18,1,1,1
826,8,383,458,40,17,1,1,1
826,10,867,592,31,17,1,1,1
827,1,950,548,30,15,1,1,1
827,2,1067,545,32,16,1,1,1
827,3,1322,604,36,17,1,1,1
827,4,1487,469,38,17,1,1,1
827,5,1575,519,42,17,1,1,1
827,6,608,485,35,16,1,1,1
827,7,377,503,42,18,1,1,1
827,8,384,460,39,17,1,1,1
827,10,867,594,31,17,1,1,1
828,1,950,551,29,16,1,1,1
828,2,1069,547,31,16,1,1,1
828,3,1323,605,37,17,1,1,1
828,4,1490,471,38,17,1,1,1
828,5,1577,524,41,16,1,1,1
828,6,610,482,34,17,1,1,1
828,7,379,501,44,18,1,1,1
828,8,386,461,38,17,1,1,1
828,10,869,596,30,17,1,1,1
829,1,951,551,29,15,1,1,1
829,2,1069,548,31,15,1,1,1
829,3,1324,604,37,17,1,1,1
829,4,1491,470,38,16,1,1,1
829,5,1577,523,42,16,1,1,1
829,6,610,480,35,16,1,1,1
829,7,380,499,44,17,1,1,1
829,8,387,459,38,17,1,1,1
829,10,870,595,30,17,1,1,1
830,1,950,549,29,15,1,1,1
830,2,1068,547,32,16,1,1,1
830,3,1325,601,36,17,1,1,1
830,4,1493,467,38,16,1,1,1
830,5,1578,521,30,15,1,1,1
830,6,611,476,35,16,1,1,1
830,7,382,495,44,18,1,1,1
830,8,388,455,39,17,1,1,1
830,10,870,592,31,17,1,1,1
831,1,950,548,29,16,1,1,1
831,2,1068,547,32,16,1,1,1
831,3,1325,600,37,17,1,1,1
831,4,1494,466,38,16,1,1,1
831,5,1578,519,30,16,1,1,1
831,6,612,474,34,16,1,1,1
831,7,383,494,43,17,1,1,1
831,8,388,454,39,17,1,1,1
831,10,871,592,30,16,1,1,1
832,1,950,550,29,15,1,1,1
832,2,1068,549,32,16,1,1,1
832,3,1326,599,36,17,1,1,1
832,4,1495,467,38,16,1,1,1
832,5,1579,520,42,16,1,1,1
832,6,612,472,35,17,1,1,1
832,7,384,492,44,18,1,1,1
832,8,389,454,39,17,1,1,1
832,10,871,593,31,17,1,1,1
833,1,949,554,30,15,1,1,1
833,2,1068,553,32,16,1,1,1
833,3,1326,601,37,17,1,1,1
833,4,1496,471,38,16,1,1,1
833,5,1579,523,42,17,1,1,1
833,6,613,472,34,17,1,1,1
833,7,385,493,44,17,1,1,1
833,8,390,457,39,17,1,1,1
833,10,872,597,30,17,1,1,1
834,1,948,557,29,16,1,1,1
834,2,1068,556,32,15,1,1,1
834,3,1327,602,36,17,1,1,1
834,4,1497,473,38,16,1,1,1
834,5,1579,527,42,16,1,1,1
834,6,613,472,35,17,1,1,1
834,7,386,493,44,17,1,1,1
834,8,390,460,39,17,1,1,1
834,10,872,601,31,17,1,1,1
835,1,948,557,29,15,1,1,1
835,2,1068,556,31,16,1,1,1
835,3,1327,601,36,16,1,1,1
835,4,1498,472,37,16,1,1,1
835,5,1579,526,42,17,1,1,1
835,6,613,470,35,16,1,1,1
835,7,387,491,43,18,1,1,1
835,8,390,459,39,17,1,1,1
835,10,872,600,31,17,1,1,1
836,1,947,555,30,16,1,1,1
836,2,1068,556,31,15,1,1,1
836,3,1326,598,37,17,1,1,1
836,4,1497,470,39,16,1,1,1
836,5,1578,524,42,17,1,1,1
836,6,613,467,35,17,1,1,1
836,7,387,489,43,18,1,1,1
836,8,390,456,39,17,1,1,1
836,10,872,598,31,17,1,1,1
837,1,946,554,29,16,1,1,1
837,2,1066,555,32,16,1,1,1
837,3,1326,595,37,17,1,1,1
837,4,1498,467,38,16,1,1,1
837,5,1578,521,42,17,1,1,1
837,6,613,463,34,17,1,1,1
837,7,387,485,43,18,1,1,1
837,8,389,453,39,17,1,1,1
837,10,872,596,31,17,1,1,1
838,1,945,555,29,16,1,1,1
838,2,1065,556,32,16,1,1,1
838,3,1326,595,37,17,1,1,1
838,4,1498,467,38,17,1,1,1
838,5,1577,522,30,15,1,1,1
838,6,612,461,35,17,1,1,1
838,7,387,484,43,18,1,1,1
838,8,389,452,39,17,1,1,1
838,10,872,597,30,17,1,1,1
839,1,943,559,30,15,1,1,1
839,2,1065,560,31,16,1,1,1
839,3,1325,595,36,17,1,1,1
839,4,1498,471,37,16,1,1,1
839,5,1575,524,42,17,1,1,1
839,6,612,462,34,16,1,1,1
839,7,386,484,43,18,1,1,1
839,8,388,456,39,17,1,1,1
839,10,871,601,31,17,1,1,1
840,1,942,561,30,16,1,1,1
840,2,1063,562,32,16,1,1,1
840,3,1324,596,37,17,1,1,1
840,4,1497,473,38,16,1,1,1
840,5,1574,527,42,17,1,1,1
840,6,611,462,34,17,1,1,1
840,7,386,485,43,18,1,1,1
840,8,387,459,38,17,1,1,1
840,10,870,604,31,17,1,1,1
841,1,940,562,30,16,1,1,1
841,2,1061,563,32,16,1,1,1
841,3,1323,595,37,17,1,1,1
841,4,1497,472,37,16,1,1,1
841,5,1572,528,42,16,1,1,1
841,6,609,460,34,17,1,1,1
841,7,384,484,44,18,1,1,1
841,8,385,463,39,17,1,1,1
841,10,869,605,31,17,1,1,1
842,1,939,562,29,16,1,1,1
842,2,1060,563,32,16,1,1,1
842,3,1322,594,37,17,1,1,1
842,4,1495,470,38,16,1,1,1
842,5,1571,526,42,16,1,1,1
842,6,608,458,35,17,1,1,1
842,7,383,483,44,18,1,1,1
842,8,384,463,39,18,1,1,1
842,10,869,603,30,17,1,1,1
843,1,937,561,29,16,1,1,1
843,2,1058,563,32,16,1,1,1
843,3,1321,591,36,17,1,1,1
843,4,1494,467,38,16,1,1,1
843,5,1569,523,42,16,1,1,1
843,6,607,454,35,17,1,1,1
843,7,382,480,43,17,1,1,1
843,8,382,464,39,17,1,1,1
843,10,867,601,31,17,1,1,1
844,1,935,561,30,16,1,1,1
844,2,1058,563,30,16,1,1,1
844,3,1319,589,37,17,1,1,1
844,4,1493,466,38,16,1,1,1
844,5,1568,521,41,17,1,1,1
844,6,606,452,35,17,1,1,1
844,7,381,477,43,18,1,1,1
844,8,381,464,39,18,1,1,1
844,10,867,600,30,17,1,1,1
845,1,933,563,29,16,1,1,1
845,2,1056,566,30,16,1,1,1
845,3,1318,588,36,17,1,1,1
845,4,1492,469,37,16,1,1,1
845,5,1565,524,41,16,1,1,1
845,6,604,451,35,17,1,1,1
845,7,379,476,43,18,1,1,1
845,10,865,604,30,17,1,1,1
846,1,931,565,30,16,1,1,1
846,2,1053,568,32,16,1,1,1
846,3,1316,589,37,17,1,1,1
846,4,1490,471,38,17,1,1,1
846,5,1563,526,42,17,1,1,1
846,6,603,451,35,17,1,1,1
846,7,377,477,44,18,1,1,1
846,10,864,607,30,17,1,1,1
847,1,929,568,29,16,1,1,1
847,2,1051,571,32,16,1,1,1
847,3,1315,591,36,16,1,1,1
847,4,1488,475,38,17,1,1,1
847,5,1561,528,41,17,1,1,1
847,6,601,451,35,17,1,1,1
847,7,375,478,44,18,1,1,1
847,10,862,609,31,18,1,1,1
848,1,927,569,28,16,1,1,1
848,2,1049,571,31,16,1,1,1
848,3,1312,588,37,17,1,1,1
848,4,1486,476,38,17,1,1,1
848,5,1558,526,29,16,1,1,1
848,6,599,448,35,17,1,1,1
848,7,373,477,44,17,1,1,1
848,10,861,608,30,17,1,1,1
849,1,924,569,30,15,1,1,1
849,2,1048,571,30,16,1,1,1
849,3,1311,586,36,16,1,1,1
849,4,1484,476,38,16,1,1,1
849,5,1556,524,41,16,1,1,1
849,6,598,445,34,17,1,1,1
849,7,371,474,44,18,1,1,1
849,10,860,606,30,17,1,1,1
850,1,922,568,30,16,1,1,1
850,2,1045,570,32,17,1,1,1
850,3,1309,583,37,17,1,1,1
850,4,1483,475,38,17,1,1,1
850,5,1554,522,41,17,1,1,1
850,6,597,442,35,17,1,1,1
850,7,370,471,43,18,1,1,1
850,10,858,605,31,17,1,1,1
851,1,921,570,28,16,1,1,1
851,2,1044,572,31,16,1,1,1
851,3,1307,583,36,16,1,1,1
851,4,1480,477,38,17,1,1,1
851,5,1551,523,41,16,1,1,1
851,6,595,441,35,17,1,1,1
851,7,367,469,44,18,1,1,1
851,8,361,479,37,18,1,1,1
851,10,857,607,30,17,1,1,1
852,1,917,573,29,16,1,1,1
852,2,1041,575,31,16,1,1,1
852,3,1306,584,35,16,1,1,1
852,4,1478,480,38,17,1,1,1
852,5,1549,527,41,16,1,1,1
852,6,593,444,35,17,1,1,1
852,7,365,471,44,18,1,1,1
852,8,357,486,38,17,1,1,1
852,10,855,611,31,17,1,1,1
853,1,916,574,30,16,1,1,1
853,2,1040,577,32,16,1,1,1
853,3,1305,584,36,17,1,1,1
853,4,1477,482,38,17,1,1,1
853,5,1549,528,40,16,1,1,1
853,6,593,445,35,17,1,1,1
853,7,365,473,44,18,1,1,1
853,8,356,488,37,18,1,1,1
853,10,854,612,31,17,1,1,1
854,1,914,578,29,16,1,1,1
854,2,1039,580,30,16,1,1,1
854,3,1303,584,36,17,1,1,1
854,4,1475,485,37,17,1,1,1
854,5,1545,529,41,17,1,1,1
854,6,591,449,35,17,1,1,1
854,7,362,477,44,18,1,1,1
854,8,352,496,37,18,1,1,1
854,10,853,616,30,17,1,1,1
855,1,911,577,30,16,1,1,1
855,2,1036,580,31,16,1,1,1
855,3,1301,582,36,17,1,1,1
855,4,1472,486,37,17,1,1,1
855,5,1543,527,30,16,1,1,1
855,6,590,449,35,17,1,1,1
855,7,361,477,43,18,1,1,1
855,8,348,500,37,17,1,1,1
855,10,851,616,31,17,1,1,1
856,1,912,574,29,16,1,1,1
856,2,1037,578,32,16,1,1,1
856,3,1303,582,36,16,1,1,1
856,4,1474,487,38,17,1,1,1
856,5,1546,527,29,16,1,1,1
856,6,593,444,34,17,1,1,1
856,7,364,471,43,18,1,1,1
856,8,349,497,37,17,1,1,1
856,10,853,613,30,17,1,1,1
857,1,916,572,30,16,1,1,1
857,2,1042,576,30,17,1,1,1
857,3,1308,583,36,16,1,1,1
857,4,1480,489,37,16,1,1,1
857,5,1552,529,42,16,1,1,1
857,6,599,440,34,17,1,1,1
857,7,371,466,43,18,1,1,1
857,8,354,494,37,17,1,1,1
857,10,857,610,31,17,1,1,1
858,1,923,570,30,16,1,1,1
858,2,1050,575,31,17,1,1,1
858,3,1317,585,36,16,1,1,1
858,4,1490,491,38,17,1,1,1
858,5,1564,532,41,16,1,1,1
858,6,609,436,33,17,1,1,1
858,7,382,460,43,19,1,1,1
858,8,364,490,36,17,1,1,1
858,10,865,608,30,17,1,1,1
859,1,942,568,30,16,1,1,1
859,2,1070,575,31,17,1,1,1
859,3,1339,589,37,17,1,1,1
859,4,1516,497,39,16,1,1,1
859,5,1593,539,42,17,1,1,1
859,6,633,432,33,17,1,1,1
859,7,411,453,41,18,1,1,1
859,8,389,484,36,16,1,1,1
859,9,0,512,41,18,1,1,1
859,10,885,605,30,17,1,1,1
859,11,0,586,24,18,1,1,1
860,1,959,568,30,16,1,1,1
860,2,1089,576,30,17,1,1,1
860,3,1360,593,38,17,1,1,1
860,4,1541,500,40,17,1,1,1
860,5,1620,543,44,17,1,1,1
860,6,655,432,33,16,1,1,1
860,7,436,450,41,18,1,1,1
860,8,413,481,35,16,1,1,1
860,9,26,504,51,18,1,1,1
860,10,903,604,30,17,1,1,1
860,11,11,577,50,17,1,1,1
861,1,979,568,30,15,1,1,1
861,2,1109,577,31,17,1,1,1
861,3,1384,597,39,17,1,1,1
861,4,1568,504,41,17,1,1,1
861,5,1650,546,46,18,1,1,1
861,6,678,433,33,16,1,1,1
861,7,462,447,40,18,1,1,1
861,8,438,480,35,16,1,1,1
861,9,65,499,50,18,1,1,1
861,10,923,604,30,17,1,1,1
861,11,51,570,48,17,1,1,1
862,1,1001,568,29,16,1,1,1
862,2,1133,579,30,17,1,1,1
862,3,1411,601,39,18,1,1,1
862,4,1600,508,41,16,1,1,1
862,5,1685,549,47,18,1,1,1
862,6,703,435,32,17,1,1,1
862,7,491,446,39,17,1,1,1
862,8,464,481,35,16,1,1,1
862,9,107,494,48,18,1,1,1
862,10,944,604,31,17,1,1,1
862,11,93,564,46,17,1,1,1
863,1,1033,569,30,17,1,1,1
863,2,1168,581,30,18,1,1,1
863,3,1452,608,41,18,1,1,1
863,4,1647,514,44,16,1,1,1
863,5,1741,553,49,18,1,1,1
863,6,740,441,31,16,1,1,1
863,7,532,445,38,17,1,1,1
863,8,504,482,34,17,1,1,1
863,9,167,490,46,18,1,1,1
863,10,978,605,31,17,1,1,1
863,11,154,557,44,17,1,1,1
864,1,1055,571,30,16,1,1,1
864,2,1193,583,31,18,1,1,1
864,3,1482,612,40,18,1,1,1
864,4,1681,517,45,17,1,1,1
864,5,1780,557,50,18,1,1,1
864,6,763,445,32,17,1,1,1
864,7,559,445,37,17,1,1,1
864,8,529,483,34,17,1,1,1
864,9,205,489,45,17,1,1,1
864,10,1000,606,31,17,1,1,1
864,11,192,555,43,16,1,1,1
864,12,0,387,29,18,1,1,1
865,1,1071,573,31,17,1,1,1
865,2,1212,585,31,18,1,1,1
865,3,1503,616,42,18,1,1,1
865,4,1707,520,46,17,1,1,1
865,5,1810,560,52,19,1,1,1
865,6,781,450,30,16,1,1,1
865,7,579,446,37,17,1,1,1
865,8,548,484,33,17,1,1,1
865,9,233,488,43,17,1,1,1
865,10,1017,607,31,18,1,1,1
865,11,220,553,42,17,1,1,1
865,12,24,390,39,18,1,1,1
866,1,1093,579,31,16,1,1,1
866,2,1239,588,30,18,1,1,1
866,3,1533,621,44,18,1,1,1
866,4,1743,523,47,18,1,1,1
866,5,1854,565,54,20,1,1,1
866,6,805,457,30,16,1,1,1
866,7,605,447,36,18,1,1,1
866,8,572,488,33,16,1,1,1
866,9,270,489,43,17,1,1,1
866,10,1040,609,32,18,1,1,1
866,11,257,553,41,16,1,1,1
866,12,70,398,37,18,1,1,1
867,1,1105,584,31,16,1,1,1
867,2,1253,590,31,18,1,1,1
867,3,1549,623,45,19,1,1,1
867,4,1761,525,49,18,1,1,1
867,5,1877,568,43,19,1,1,1
867,6,817,462,30,16,1,1,1
867,7,618,449,36,17,1,1,1
867,8,584,492,33,16,1,1,1
867,9,289,491,42,17,1,1,1
867,10,1052,611,32,18,1,1,1
867,11,276,554,40,16,1,1,1
867,12,94,404,36,18,1,1,1
868,1,1114,588,30,17,1,1,1
868,2,1265,591,31,18,1,1,1
868,3,1563,625,44,19,1,1,1
868,4,1775,526,50,18,1,1,1
868,5,1896,570,24,16,1,1,1
868,6,826,467,31,16,1,1,1
868,7,628,451,36,18,1,1,1
868,8,593,497,33,17,1,1,1
868,9,303,493,41,17,1,1,1
868,10,1062,613,31,17,1,1,1
868,11,290,556,40,16,1,1,1
868,12,111,412,36,17,1,1,1
869,1,1119,592,31,17,1,1,1
869,2,1274,593,31,18,1,1,1
869,3,1570,626,45,19,1,1,1
869,4,1785,526,49,18,1,1,1
869,5,1910,573,10,13,1,1,1
869,6,832,472,30,17,1,1,1
869,7,634,454,36,17,1,1,1
869,8,598,503,33,16,1,1,1
869,9,313,497,40,16,1,1,1
869,10,1068,615,32,18,1,1,1
869,11,301,559,38,16,1,1,1
869,12,123,420,35,17,1,1,1
870,1,1123,595,31,17,1,1,1
870,2,1282,594,31,18,1,1,1
870,3,1576,626,45,19,1,1,1
870,4,1790,524,50,19,1,1,1
870,6,836,481,29,16,1,1,1
870,7,638,459,35,17,1,1,1
870,8,601,510,32,16,1,1,1
870,9,320,503,40,17,1,1,1
870,10,1073,620,32,18,1,1,1
870,11,307,565,39,16,1,1,1
870,12,133,433,33,17,1,1,1
871,1,1123,597,31,17,1,1,1
871,2,1285,595,31,18,1,1,1
871,3,1576,626,46,18,1,1,1
871,4,1789,523,50,18,1,1,1
871,6,835,486,30,16,1,1,1
871,7,637,462,36,18,1,1,1
871,8,600,515,32,16,1,1,1
871,9,320,509,41,17,1,1,1
871,10,1074,625,31,18,1,1,1
871,11,308,570,39,16,1,1,1
871,12,134,442,34,17,1,1,1
872,1,1121,600,31,17,1,1,1
872,2,1285,595,32,18,1,1,1
872,3,1574,624,45,19,1,1,1
872,4,1785,521,50,18,1,1,1
872,6,833,491,31,16,1,1,1
872,7,634,466,36,17,1,1,1
872,8,596,521,33,16,1,1,1
872,9,318,517,40,16,1,1,1
872,10,1073,629,31,18,1,1,1
872,11,306,575,39,16,1,1,1
872,12,132,451,35,17,1,1,1
873,1,1118,603,30,17,1,1,1
873,2,1285,595,31,18,1,1,1
873,3,1569,623,45,18,1,1,1
873,4,1778,520,50,18,1,1,1
873,6,829,497,31,16,1,1,1
873,7,630,470,36,17,1,1,1
873,8,591,528,33,16,1,1,1
873,9,326,526,29,16,1,1,1
873,10,1070,632,31,18,1,1,1
873,11,302,581,39,16,1,1,1
873,12,128,461,34,17,1,1,1
874,1,1113,607,30,17,1,1,1
874,2,1283,595,31,17,1,1,1
874,3,1563,620,45,19,1,1,1
874,4,1769,519,49,18,1,1,1
874,5,1911,559,9,13,1,1,1
874,6,824,502,31,17,1,1,1
874,7,624,474,36,17,1,1,1
874,8,585,535,33,16,1,1,1
874,9,308,536,41,16,1,1,1
874,10,1066,633,32,18,1,1,1
874,11,296,587,39,17,1,1,1
874,12,122,472,34,16,1,1,1
875,1,1104,611,31,16,1,1,1
875,2,1278,594,31,17,1,1,1
875,3,1551,617,44,18,1,1,1
875,4,1754,516,49,18,1,1,1
875,5,1899,550,21,16,1,1,1
875,6,816,509,31,17,1,1,1
875,7,614,478,36,17,1,1,1
875,8,574,544,34,15,1,1,1
875,9,296,548,42,16,1,1,1
875,10,1059,635,31,18,1,1,1
875,11,284,595,39,16,1,1,1
875,12,109,484,36,16,1,1,1
876,1,1097,610,30,17,1,1,1
876,2,1273,592,31,17,1,1,1
876,3,1540,613,45,18,1,1,1
876,4,1741,511,48,18,1,1,1
876,5,1887,543,33,17,1,1,1
876,6,808,513,31,16,1,1,1
876,7,605,480,36,17,1,1,1
876,8,565,548,34,16,1,1,1
876,9,286,554,42,17,1,1,1
876,10,1053,637,31,17,1,1,1
876,11,274,599,40,16,1,1,1
876,12,98,492,37,16,1,1,1
877,1,1089,609,30,16,1,1,1
877,2,1267,589,31,16,1,1,1
877,3,1529,607,44,18,1,1,1
877,4,1727,505,48,18,1,1,1
877,5,1875,535,45,19,1,1,1
877,6,800,515,31,16,1,1,1
877,7,595,480,36,18,1,1,1
877,8,555,551,34,16,1,1,1
877,9,275,558,42,17,1,1,1
877,10,1046,637,31,18,1,1,1
877,11,263,602,40,17,1,1,1
877,12,86,499,37,16,1,1,1
878,1,1080,606,30,17,1,1,1
878,2,1260,583,32,17,1,1,1
878,3,1516,600,44,18,1,1,1
878,4,1712,498,47,18,1,1,1
878,5,1860,525,53,19,1,1,1
878,6,790,516,31,16,1,1,1
878,7,583,480,37,17,1,1,1
878,8,544,554,34,16,1,1,1
878,9,261,561,43,16,1,1,1
878,10,1037,636,31,18,1,1,1
878,11,250,604,41,17,1,1,1
878,12,71,506,37,16,1,1,1
879,1,1067,606,30,16,1,1,1
879,2,1251,577,31,17,1,1,1
879,3,1498,595,43,18,1,1,1
879,4,1690,492,46,17,1,1,1
879,5,1840,515,52,18,1,1,1
879,6,777,519,32,16,1,1,1
879,7,567,480,37,17,1,1,1
879,8,528,558,34,16,1,1,1
879,9,242,567,43,17,1,1,1
879,10,1026,634,31,18,1,1,1
879,11,231,609,41,16,1,1,1
879,12,50,516,39,16,1,1,1
880,1,1058,608,30,16,1,1,1
880,2,1245,575,30,16,1,1,1
880,3,1487,594,41,18,1,1,1
880,4,1675,488,46,18,1,1,1
880,5,1827,512,51,18,1,1,1
880,6,767,523,33,16,1,1,1
880,7,556,483,37,17,1,1,1
880,8,517,562,35,16,1,1,1
880,9,228,574,43,18,1,1,1
880,10,1018,633,30,18,1,1,1
880,11,217,613,42,17,1,1,1
880,12,35,525,39,15,1,1,1
881,1,1049,609,30,17,1,1,1
881,2,1238,572,31,17,1,1,1
881,3,1473,592,42,18,1,1,1
881,4,1661,485,45,17,1,1,1
881,5,1813,510,51,18,1,1,1
881,6,758,527,33,16,1,1,1
881,7,544,487,38,17,1,1,1
881,8,506,567,35,16,1,1,1
881,9,215,582,44,18,1,1,1
881,10,1010,634,30,17,1,1,1
881,11,203,617,43,17,1,1,1
881,12,21,533,40,15,1,1,1
882,1,1041,609,30,16,1,1,1
882,2,1231,570,31,16,1,1,1
882,3,1462,589,42,18,1,1,1
882,4,1648,481,45,17,1,1,1
882,5,1801,508,50,18,1,1,1
882,6,750,530,32,16,1,1,1
882,7,534,490,38,17,1,1,1
882,8,496,571,35,16,1,1,1
882,9,202,589,45,17,1,1,1
882,10,1002,634,31,18,1,1,1
882,11,191,621,42,17,1,1,1
882,12,7,540,40,16,1,1,1
883,1,1029,606,29,16,1,1,1
883,2,1222,564,30,17,1,1,1
883,3,1446,582,39,17,1,1,1
883,4,1628,473,44,18,1,1,1
883,5,1782,503,49,18,1,1,1
883,6,737,532,32,16,1,1,1
883,7,518,490,38,17,1,1,1
883,8,480,575,35,16,1,1,1
883,9,181,594,46,17,1,1,1
883,10,991,635,30,17,1,1,1
883,11,170,624,44,17,1,1,1
883,12,0,548,27,16,1,1,1
884,1,1020,604,29,17,1,1,1
884,2,1214,561,31,16,1,1,1
884,3,1432,579,41,17,1,1,1
884,4,1615,471,43,17,1,1,1
884,5,1770,500,48,17,1,1,1
884,6,727,533,33,16,1,1,1
884,7,506,488,38,17,1,1,1
884,8,468,576,36,16,1,1,1
884,9,167,595,46,17,1,1,1
884,10,982,634,31,18,1,1,1
884,11,156,624,44,17,1,1,1
884,12,0,553,11,14,1,1,1
885,1,1010,605,30,16,1,1,1
885,2,1206,558,32,17,1,1,1
885,3,1421,578,39,17,1,1,1
885,4,1601,470,43,17,1,1,1
885,5,1757,496,48,18,1,1,1
885,6,718,536,33,16,1,1,1
885,7,495,488,39,17,1,1,1
885,8,457,578,35,16,1,1,1
885,9,151,598,47,18,1,1,1
885,10,974,634,30,17,1,1,1
885,11,140,625,45,18,1,1,1
886,1,1002,607,29,16,1,1,1
886,2,1200,557,31,17,1,1,1
886,3,1409,580,40,17,1,1,1
886,4,1589,469,42,17,1,1,1
886,5,1746,495,47,17,1,1,1
886,6,710,539,33,16,1,1,1
886,7,484,490,40,17,1,1,1
886,8,446,581,36,17,1,1,1
886,9,137,603,48,18,1,1,1
886,10,966,634,30,17,1,1,1
886,11,126,627,46,18,1,1,1
887,1,994,609,30,17,1,1,1
887,2,1195,556,30,17,1,1,1
887,3,1399,580,40,17,1,1,1
887,4,1578,468,41,17,1,1,1
887,5,1736,494,47,17,1,1,1
887,6,702,542,33,16,1,1,1
887,7,474,493,40,17,1,1,1
887,8,437,585,36,17,1,1,1
887,9,124,608,48,18,1,1,1
887,10,959,634,30,17,1,1,1
887,11,113,630,45,17,1,1,1
888,1,987,610,29,16,1,1,1
888,2,1188,554,32,17,1,1,1
888,3,1389,579,40,17,1,1,1
888,4,1567,466,41,17,1,1,1
888,5,1727,494,46,17,1,1,1
888,6,694,545,33,16,1,1,1
888,7,464,495,41,17,1,1,1
888,8,426,588,36,17,1,1,1
888,9,111,613,49,18,1,1,1
888,10,952,634,30,18,1,1,1
888,11,101,631,46,18,1,1,1
889,1,977,607,29,17,1,1,1
889,2,1181,550,31,16,1,1,1
889,3,1377,574,38,17,1,1,1
889,4,1553,463,41,17,1,1,1
889,5,1715,493,46,18,1,1,1
889,6,684,546,33,16,1,1,1
889,7,452,492,41,17,1,1,1
889,8,413,588,37,17,1,1,1
889,9,94,613,50,19,1,1,1
889,10,943,634,30,18,1,1,1
889,11,84,629,45,17,1,1,1
890,1,971,605,30,17,1,1,1
890,2,1177,547,32,17,1,1,1
890,3,1369,573,39,17,1,1,1
890,4,1546,463,41,18,1,1,1
890,5,1710,495,45,17,1,1,1
890,6,679,546,34,16,1,1,1
890,7,445,488,40,18,1,1,1
890,8,406,587,37,17,1,1,1
890,9,85,611,50,18,1,1,1
890,10,938,634,30,18,1,1,1
890,11,74,625,47,18,1,1,1
891,1,967,606,28,16,1,1,1
891,2,1174,546,32,16,1,1,1
891,3,1363,574,39,17,1,1,1
891,4,1540,464,40,17,1,1,1
891,5,1705,495,45,18,1,1,1
891,6,675,547,33,16,1,1,1
891,7,439,486,40,18,1,1,1
891,8,399,588,37,17,1,1,1
891,9,76,610,49,19,1,1,1
891,10,933,634,31,18,1,1,1
891,11,66,623,47,18,1,1,1
892,1,961,610,29,16,1,1,1
892,2,1171,546,32,17,1,1,1
892,3,1356,579,38,17,1,1,1
892,4,1533,466,40,17,1,1,1
892,5,1701,498,45,17,1,1,1
892,6,670,551,34,16,1,1,1
892,7,432,487,42,18,1,1,1
892,8,391,591,37,17,1,1,1
892,9,67,613,50,19,1,1,1
892,10,929,635,30,17,1,1,1
892,11,57,621,48,18,1,1,1
893,1,958,612,30,17,1,1,1
893,2,1171,546,31,17,1,1,1
893,3,1353,581,38,17,1,1,1
893,4,1530,467,40,17,1,1,1
893,5,1700,500,45,18,1,1,1
893,6,668,554,33,16,1,1,1
893,7,430,489,41,18,1,1,1
893,8,388,592,37,17,1,1,1
893,9,63,616,51,19,1,1,1
893,10,927,636,30,17,1,1,1
894,1,957,614,29,16,1,1,1
894,2,1172,545,31,16,1,1,1
894,3,1350,581,38,17,1,1,1
894,4,1528,469,41,17,1,1,1
894,5,1702,504,45,18,1,1,1
894,6,667,556,34,16,1,1,1
894,7,428,488,42,18,1,1,1
894,8,386,593,37,17,1,1,1
894,9,61,618,51,18,1,1,1
894,10,926,637,30,17,1,1,1
895,1,957,612,28,16,1,1,1
895,2,1174,543,31,16,1,1,1
895,3,1350,580,38,17,1,1,1
895,4,1529,469,40,17,1,1,1
895,5,1705,506,46,18,1,1,1
895,6,669,556,32,16,1,1,1
895,7,429,485,41,17,1,1,1
895,8,385,592,38,17,1,1,1
895,9,62,615,51,18,1,1,1
895,10,926,637,31,18,1,1,1
896,1,957,610,29,17,1,1,1
896,2,1176,541,31,17,1,1,1
896,3,1351,580,38,17,1,1,1
896,4,1530,469,41,17,1,1,1
896,5,1709,508,46,18,1,1,1
896,6,670,555,33,17,1,1,1
896,7,430,481,42,17,1,1,1
896,8,386,590,36,17,1,1,1
896,9,64,610,51,19,1,1,1
896,10,927,637,31,18,1,1,1
897,1,958,610,29,16,1,1,1
897,2,1179,540,32,17,1,1,1
897,3,1353,581,37,17,1,1,1
897,4,1532,470,41,17,1,1,1
897,5,1714,510,46,18,1,1,1
897,6,672,556,33,16,1,1,1
897,7,433,478,41,17,1,1,1
897,8,387,590,37,17,1,1,1
897,9,67,607,51,19,1,1,1
897,10,929,637,30,17,1,1,1
898,1,960,613,30,17,1,1,1
898,2,1185,541,31,16,1,1,1
898,3,1355,587,38,17,1,1,1
898,4,1537,473,40,17,1,1,1
898,5,1722,514,47,17,1,1,1
898,6,676,559,32,16,1,1,1
898,7,437,477,41,18,1,1,1
898,8,391,590,36,17,1,1,1
898,9,73,607,50,19,1,1,1
898,10,932,637,31,17,1,1,1
898,11,65,597,48,17,1,1,1
899,1,963,616,29,16,1,1,1
899,2,1188,542,32,16,1,1,1
899,3,1357,590,38,17,1,1,1
899,4,1540,476,40,17,1,1,1
899,5,1730,517,45,17,1,1,1
899,6,679,561,33,16,1,1,1
899,7,440,478,41,17,1,1,1
899,8,392,590,37,17,1,1,1
899,9,78,608,50,18,1,1,1
899,10,935,637,30,18,1,1,1
899,11,70,594,47,18,1,1,1
900,1,965,618,29,16,1,1,1
900,2,1193,542,32,15,1,1,1
900,3,1361,591,37,18,1,1,1
900,4,1545,478,40,17,1,1,1
900,5,1736,521,47,17,1,1,1
900,6,682,562,34,16,1,1,1
900,7,444,477,41,17,1,1,1
900,8,395,590,37,17,1,1,1
900,9,84,608,49,18,1,1,1
900,10,938,638,30,17,1,1,1
900,11,77,591,47,17,1,1,1
901,1,968,617,29,17,1,1,1
901,2,1198,540,32,16,1,1,1
901,3,1364,591,38,17,1,1,1
901,4,1549,479,41,17,1,1,1
901,5,1744,525,48,17,1,1,1
901,6,687,562,33,17,1,1,1
901,7,449,474,41,17,1,1,1
901,8,399,589,37,16,1,1,1
901,9,91,604,49,19,1,1,1
901,10,942,638,30,18,1,1,1
901,11,84,586,47,17,1,1,1
902,1,974,615,29,16,1,1,1
902,2,1207,538,31,16,1,1,1
902,3,1370,591,39,17,1,1,1
902,4,1557,478,42,17,1,1,1
902,5,1758,529,48,18,1,1,1
902,6,694,562,33,16,1,1,1
902,7,457,469,41,17,1,1,1
902,8,405,587,36,17,1,1,1
902,9,102,598,49,18,1,1,1
902,10,948,639,30,18,1,1,1
902,11,97,578,46,17,1,1,1
903,1,979,616,29,16,1,1,1
903,2,1215,538,32,16,1,1,1
903,3,1376,595,40,17,1,1,1
903,4,1565,481,42,17,1,1,1
903,5,1772,533,48,17,1,1,1
903,6,701,565,32,16,1,1,1
903,7,465,469,40,17,1,1,1
903,8,412,587,37,16,1,1,1
903,9,114,598,48,18,1,1,1
903,10,955,641,29,17,1,1,1
903,11,109,573,46,17,1,1,1
904,1,980,617,29,17,1,1,1
904,2,1218,538,32,16,1,1,1
904,3,1379,597,39,17,1,1,1
904,4,1568,483,42,17,1,1,1
904,5,1777,534,48,17,1,1,1
904,6,703,566,33,16,1,1,1
904,7,468,469,40,18,1,1,1
904,8,414,587,36,16,1,1,1
904,9,118,598,48,18,1,1,1
904,10,956,641,31,18,1,1,1
904,11,113,572,46,17,1,1,1
905,1,984,620,30,16,1,1,1
905,2,1225,539,32,16,1,1,1
905,3,1383,601,40,17,1,1,1
905,4,1574,486,42,16,1,1,1
905,5,1787,537,49,17,1,1,1
905,6,708,568,33,16,1,1,1
905,7,474,468,40,18,1,1,1
905,8,419,587,36,17,1,1,1
905,9,126,599,48,18,1,1,1
905,10,961,641,30,17,1,1,1
905,11,122,569,45,17,1,1,1
906,1,990,622,30,16,1,1,1
906,2,1234,537,33,16,1,1,1
906,3,1391,601,39,17,1,1,1
906,4,1583,486,43,17,1,1,1
906,5,1802,541,50,17,1,1,1
906,6,716,569,33,17,1,1,1
906,7,483,464,39,18,1,1,1
906,8,426,587,35,16,1,1,1
906,9,139,597,47,18,1,1,1
906,10,968,640,30,17,1,1,1
906,11,135,563,45,17,1,1,1
906,12,0,575,20,16,1,1,1
907,1,994,621,29,16,1,1,1
907,2,1240,535,32,16,1,1,1
907,3,1395,599,40,18,1,1,1
907,4,1589,484,42,17,1,1,1
907,5,1811,543,50,17,1,1,1
907,6,720,570,32,16,1,1,1
907,7,488,462,39,18,1,1,1
907,8,430,586,36,16,1,1,1
907,9,146,594,47,18,1,1,1
907,10,972,640,30,17,1,1,1
907,11,143,559,43,17,1,1,1
907,12,0,574,30,17,1,1,1
908,1,997,619,29,17,1,1,1
908,2,1247,533,32,16,1,1,1
908,3,1400,599,39,17,1,1,1
908,4,1594,484,43,17,1,1,1
908,5,1821,546,50,17,1,1,1
908,6,726,571,31,16,1,1,1
908,7,493,462,39,18,1,1,1
908,8,434,586,36,16,1,1,1
908,9,154,592,47,18,1,1,1
908,10,976,641,31,18,1,1,1
908,11,151,556,43,17,1,1,1
908,12,0,575,40,17,1,1,1
909,1,1000,620,30,16,1,1,1
909,2,1252,533,33,16,1,1,1
909,3,1403,601,40,18,1,1,1
909,4,1599,485,43,17,1,1,1
909,5,1830,548,50,17,1,1,1
909,6,729,573,32,16,1,1,1
909,7,497,464,39,17,1,1,1
909,8,438,587,35,16,1,1,1
909,9,161,594,46,17,1,1,1
909,10,980,643,30,18,1,1,1
909,11,158,555,44,17,1,1,1
909,12,6,577,42,17,1,1,1
910,1,1003,622,30,16,1,1,1
910,2,1258,534,32,16,1,1,1
910,3,1407,605,40,17,1,1,1
910,4,1603,488,43,17,1,1,1
910,5,1838,549,51,18,1,1,1
910,6,733,576,32,16,1,1,1
910,7,501,464,39,18,1,1,1
910,8,441,589,35,16,1,1,1
910,9,167,596,46,18,1,1,1
910,10,983,645,31,18,1,1,1
910,11,164,555,44,17,1,1,1
910,12,14,580,41,17,1,1,1
911,1,1007,625,29,17,1,1,1
911,2,1265,533,32,16,1,1,1
911,3,1411,608,40,17,1,1,1
911,4,1609,488,31,17,1,1,1
911,5,1849,551,51,18,1,1,1
911,6,737,579,33,17,1,1,1
911,7,506,463,38,17,1,1,1
911,8,445,591,36,16,1,1,1
911,9,174,599,45,18,1,1,1
911,10,988,644,30,18,1,1,1
911,11,172,554,42,17,1,1,1
911,12,25,583,42,17,1,1,1
912,1,1008,626,30,16,1,1,1
912,2,1269,530,33,17,1,1,1
912,3,1413,606,41,17,1,1,1
912,4,1611,486,44,17,1,1,1
912,5,1855,551,52,18,1,1,1
912,6,740,580,32,16,1,1,1
912,7,508,461,39,17,1,1,1
912,8,446,591,35,17,1,1,1
912,9,179,598,46,18,1,1,1
912,10,990,642,31,18,1,1,1
912,11,177,552,43,16,1,1,1
912,12,31,584,42,17,1,1,1
913,1,1010,625,30,16,1,1,1
913,2,1273,527,33,16,1,1,1
913,3,1415,602,40,18,1,1,1
913,4,1613,483,44,17,1,1,1
913,5,1861,551,52,18,1,1,1
913,6,742,580,32,17,1,1,1
913,7,510,459,39,18,1,1,1
913,8,448,590,36,17,1,1,1
913,9,182,597,46,17,1,1,1
913,10,992,641,31,18,1,1,1
913,11,180,549,42,17,1,1,1
913,12,37,585,42,17,1,1,1
914,1,1011,623,30,16,1,1,1
914,2,1277,525,32,16,1,1,1
914,3,1416,601,40,18,1,1,1
914,4,1615,483,43,17,1,1,1
914,5,1866,552,52,17,1,1,1
914,6,744,582,32,16,1,1,1
914,7,511,460,39,17,1,1,1
914,8,449,591,36,16,1,1,1
914,9,185,597,46,18,1,1,1
914,10,994,642,31,18,1,1,1
914,11,183,549,43,16,1,1,1
914,12,42,588,41,17,1,1,1
915,1,1012,623,29,17,1,1,1
915,2,1280,524,32,16,1,1,1
915,3,1417,602,40,18,1,1,1
915,4,1615,483,44,17,1,1,1
915,5,1870,552,50,18,1,1,1
915,6,745,585,31,16,1,1,1
915,7,512,462,39,17,1,1,1
915,8,449,594,36,16,1,1,1
915,9,187,600,46,17,1,1,1
915,10,996,645,30,17,1,1,1
915,11,185,550,43,16,1,1,1
915,12,46,592,41,17,1,1,1
916,1,1012,625,29,17,1,1,1
916,2,1282,524,33,16,1,1,1
916,3,1417,606,40,17,1,1,1
916,4,1615,483,44,17,1,1,1
916,5,1874,552,46,18,1,1,1
916,6,746,589,31,16,1,1,1
916,7,512,463,39,17,1,1,1
916,8,449,597,36,17,1,1,1
916,9,189,605,45,17,1,1,1
916,10,996,647,31,18,1,1,1
916,11,187,552,43,16,1,1,1
916,12,49,597,41,17,1,1,1
917,1,1011,629,30,16,1,1,1
917,2,1285,522,33,16,1,1,1
917,3,1415,607,41,17,1,1,1
917,4,1614,481,44,17,1,1,1
917,5,1877,551,43,18,1,1,1
917,6,746,593,32,16,1,1,1
917,7,512,463,38,17,1,1,1
917,8,447,601,36,16,1,1,1
917,9,189,610,45,17,1,1,1
917,10,997,647,30,17,1,1,1
917,11,187,552,43,17,1,1,1
917,12,51,603,42,17,1,1,1
918,1,1010,629,29,17,1,1,1
918,2,1286,519,33,16,1,1,1
918,3,1414,604,40,18,1,1,1
918,4,1612,479,44,18,1,1,1
918,5,1877,550,43,18,1,1,1
918,6,745,594,31,16,1,1,1
918,7,510,462,39,17,1,1,1
918,8,445,601,36,17,1,1,1
918,9,188,610,44,18,1,1,1
918,10,997,645,30,17,1,1,1
918,11,186,551,43,16,1,1,1
918,12,52,606,41,16,1,1,1
919,1,1008,629,30,16,1,1,1
919,2,1288,516,32,16,1,1,1
919,3,1411,601,41,17,1,1,1
919,4,1610,478,43,17,1,1,1
919,5,1877,549,43,18,1,1,1
919,6,744,595,32,17,1,1,1
919,7,508,462,39,18,1,1,1
919,8,443,602,36,17,1,1,1
919,9,186,610,46,18,1,1,1
919,10,995,644,31,17,1,1,1
919,11,185,551,43,16,1,1,1
919,12,52,609,41,16,1,1,1
920,1,1006,628,30,16,1,1,1
920,2,1287,514,33,16,1,1,1
920,3,1409,600,40,18,1,1,1
920,4,1607,476,43,18,1,1,1
920,5,1877,550,43,17,1,1,1
920,6,742,597,33,17,1,1,1
920,7,506,463,38,18,1,1,1
920,8,440,604,36,17,1,1,1
920,9,184,612,46,18,1,1,1
920,10,994,645,31,18,1,1,1
920,11,183,552,43,16,1,1,1
920,12,51,613,41,16,1,1,1
921,1,1005,628,28,17,1,1,1
921,2,1287,514,33,16,1,1,1
921,3,1406,601,40,18,1,1,1
921,4,1604,476,43,17,1,1,1
921,5,1876,551,44,17,1,1,1
921,6,741,601,31,16,1,1,1
921,7,503,465,39,17,1,1,1
921,8,437,608,36,17,1,1,1
921,9,182,616,45,18,1,1,1
921,10,993,648,31,18,1,1,1
921,11,180,553,43,17,1,1,1
921,12,50,618,42,17,1,1,1
922,1,1002,629,30,17,1,1,1
922,2,1287,513,33,16,1,1,1
922,3,1403,604,40,17,1,1,1
922,4,1600,475,43,17,1,1,1
922,5,1875,549,45,18,1,1,1
922,6,739,604,32,16,1,1,1
922,7,500,465,39,18,1,1,1
922,8,434,611,36,17,1,1,1
922,9,179,620,46,18,1,1,1
922,10,991,650,31,18,1,1,1
922,11,177,554,43,17,1,1,1
922,12,49,623,42,16,1,1,1
923,1,998,631,30,17,1,1,1
923,2,1286,509,33,16,1,1,1
923,3,1398,602,40,18,1,1,1
923,4,1594,473,43,17,1,1,1
923,5,1872,546,48,17,1,1,1
923,6,736,607,31,16,1,1,1
923,7,495,464,39,18,1,1,1
923,8,428,613,37,17,1,1,1
923,9,173,625,47,18,1,1,1
923,10,989,649,30,17,1,1,1
923,11,172,554,43,16,1,1,1
923,12,46,628,42,17,1,1,1
924,1,995,632,30,16,1,1,1
924,2,1286,506,33,16,1,1,1
924,3,1394,599,40,17,1,1,1
924,4,1590,471,43,17,1,1,1
924,5,1870,544,50,17,1,1,1
924,6,733,608,33,16,1,1,1
924,7,491,464,40,17,1,1,1
924,8,424,614,37,16,1,1,1
924,9,170,625,46,18,1,1,1
924,10,986,646,31,18,1,1,1
924,11,168,554,43,16,1,1,1
924,12,43,631,43,17,1,1,1
925,1,993,631,29,17,1,1,1
925,2,1285,504,33,16,1,1,1
925,3,1390,597,40,17,1,1,1
925,4,1586,469,42,17,1,1,1
925,5,1867,544,52,17,1,1,1
925,6,731,609,33,17,1,1,1
925,7,488,464,39,18,1,1,1
925,8,420,616,37,16,1,1,1
925,9,166,625,45,18,1,1,1
925,10,984,645,31,18,1,1,1
925,11,164,553,44,16,1,1,1
925,12,41,634,43,17,1,1,1
926,1,990,631,29,17,1,1,1
926,2,1284,503,33,16,1,1,1
926,3,1386,597,40,17,1,1,1
926,4,1582,468,42,17,1,1,1
926,5,1865,546,52,17,1,1,1
926,6,729,612,32,17,1,1,1
926,7,484,465,40,17,1,1,1
926,8,416,618,37,17,1,1,1
926,9,162,628,46,18,1,1,1
926,10,982,647,31,17,1,1,1
926,11,172,554,32,16,1,1,1
926,12,38,639,43,17,1,1,1
927,1,988,632,28,17,1,1,1
927,2,1283,503,33,16,1,1,1
927,3,1383,599,39,18,1,1,1
927,4,1578,468,42,17,1,1,1
927,5,1863,547,51,18,1,1,1
927,6,726,616,33,16,1,1,1
927,7,481,466,39,17,1,1,1
927,8,413,622,36,17,1,1,1
927,9,158,632,47,19,1,1,1
927,10,980,650,31,18,1,1,1
927,11,156,555,44,17,1,1,1
927,12,37,644,41,17,1,1,1
928,1,985,633,28,17,1,1,1
928,2,1282,501,33,16,1,1,1
928,3,1379,601,39,18,1,1,1
928,4,1573,468,43,17,1,1,1
928,5,1861,546,51,18,1,1,1
928,6,724,619,33,16,1,1,1
928,7,477,466,40,18,1,1,1
928,8,408,624,37,17,1,1,1
928,9,154,637,47,18,1,1,1
928,10,978,652,30,18,1,1,1
928,11,165,557,31,16,1,1,1
928,12,33,649,44,17,1,1,1
929,1,982,634,29,17,1,1,1
929,2,1281,499,34,16,1,1,1
929,3,1375,601,39,17,1,1,1
929,4,1569,468,43,17,1,1,1
929,5,1859,544,51,17,1,1,1
929,6,722,620,33,17,1,1,1
929,7,474,467,39,17,1,1,1
929,8,404,625,38,17,1,1,1
929,9,150,639,47,18,1,1,1
929,10,976,651,30,18,1,1,1
929,11,148,557,45,16,1,1,1
929,12,31,652,43,17,1,1,1
930,1,979,634,29,17,1,1,1
930,2,1281,496,33,16,1,1,1
930,3,1372,598,39,17,1,1,1
930,4,1566,465,42,18,1,1,1
930,5,1857,541,51,18,1,1,1
930,6,720,621,33,16,1,1,1
930,7,471,466,39,17,1,1,1
930,8,401,626,37,16,1,1,1
930,9,147,639,47,18,1,1,1
930,10,974,649,30,17,1,1,1
930,11,145,555,44,16,1,1,1
930,12,29,653,44,18,1,1,1
931,1,975,634,30,17,1,1,1
931,2,1280,492,33,17,1,1,1
931,3,1368,594,38,18,1,1,1
931,4,1561,463,42,16,1,1,1
931,5,1855,542,51,17,1,1,1
931,6,717,622,33,17,1,1,1
931,7,466,463,40,17,1,1,1
931,8,396,627,37,17,1,1,1
931,9,142,638,47,18,1,1,1
931,10,971,647,30,17,1,1,1
931,11,153,552,32,16,1,1,1
931,12,26,656,44,18,1,1,1
932,1,973,634,29,17,1,1,1
932,2,1280,492,33,16,1,1,1
932,3,1365,595,38,18,1,1,1
932,4,1558,462,42,17,1,1,1
932,5,1854,545,51,17,1,1,1
932,6,715,625,32,17,1,1,1
932,7,463,463,40,17,1,1,1
932,8,393,629,37,17,1,1,1
932,9,138,641,48,18,1,1,1
932,10,970,648,30,18,1,1,1
932,11,137,552,45,16,1,1,1
932,12,25,660,43,18,1,1,1
933,1,971,635,29,17,1,1,1
933,2,1281,492,32,16,1,1,1
933,3,1361,598,39,18,1,1,1
933,4,1555,464,42,17,1,1,1
933,5,1854,548,35,17,1,1,1
933,6,713,628,33,17,1,1,1
933,7,461,464,40,18,1,1,1
933,8,389,631,38,17,1,1,1
933,9,136,645,47,18,1,1,1
933,10,968,652,31,18,1,1,1
933,11,134,553,45,16,1,1,1
933,12,23,664,45,18,1,1,1
934,1,969,636,29,17,1,1,1
934,2,1280,491,33,16,1,1,1
934,3,1358,601,39,17,1,1,1
934,4,1552,466,42,17,1,1,1
934,5,1854,548,50,17,1,1,1
934,6,712,631,33,17,1,1,1
934,7,459,466,40,18,1,1,1
934,8,386,633,38,18,1,1,1
934,9,133,648,48,18,1,1,1
934,10,967,654,30,18,1,1,1
934,11,132,553,44,17,1,1,1
934,12,23,668,44,18,1,1,1
935,1,968,637,29,17,1,1,1
935,2,1281,490,33,16,1,1,1
935,3,1356,601,39,17,1,1,1
935,4,1550,465,42,17,1,1,1
935,5,1854,547,50,17,1,1,1
935,6,711,633,33,17,1,1,1
935,7,457,466,40,17,1,1,1
935,8,384,635,37,17,1,1,1
935,9,132,648,48,18,1,1,1
935,10,966,654,30,17,1,1,1
935,11,130,552,44,17,1,1,1
935,12,22,671,45,17,1,1,1
936,1,966,639,29,16,1,1,1
936,2,1282,486,33,17,1,1,1
936,3,1353,598,39,17,1,1,1
936,4,1548,462,42,17,1,1,1
936,5,1855,546,51,17,1,1,1
936,6,710,634,33,17,1,1,1
936,7,455,462,40,18,1,1,1
936,8,381,635,37,18,1,1,1
936,9,130,646,48,19,1,1,1
936,10,965,650,31,18,1,1,1
936,11,129,548,45,17,1,1,1
936,12,23,673,45,17,1,1,1
937,1,964,639,30,17,1,1,1
937,2,1283,486,34,16,1,1,1
937,3,1352,597,39,17,1,1,1
937,4,1547,462,41,17,1,1,1
937,5,1857,548,51,17,1,1,1
937,6,710,636,32,17,1,1,1
937,7,454,461,40,17,1,1,1
937,8,379,636,38,17,1,1,1
937,9,129,648,48,18,1,1,1
937,10,965,650,30,18,1,1,1
937,11,128,547,45,17,1,1,1
937,12,24,675,45,17,1,1,1
938,1,964,640,29,17,1,1,1
938,2,1285,487,33,16,1,1,1
938,3,1351,599,39,17,1,1,1
938,4,1546,463,41,17,1,1,1
938,5,1859,552,50,17,1,1,1
938,6,710,639,33,17,1,1,1
938,7,453,462,41,18,1,1,1
938,8,378,637,37,17,1,1,1
938,9,129,650,48,19,1,1,1
938,10,965,653,30,17,1,1,1
938,11,128,547,44,17,1,1,1
938,12,25,677,45,18,1,1,1
939,1,963,640,29,16,1,1,1
939,2,1286,486,33,17,1,1,1
939,3,1350,601,39,18,1,1,1
939,4,1545,465,42,17,1,1,1
939,5,1861,555,51,17,1,1,1
939,6,710,641,33,17,1,1,1
939,7,453,464,40,17,1,1,1
939,8,377,639,36,17,1,1,1
939,9,128,653,48,18,1,1,1
939,10,965,655,30,18,1,1,1
939,11,140,547,33,16,1,1,1
939,12,27,680,44,18,1,1,1
940,1,963,639,29,16,1,1,1
940,2,1288,486,33,16,1,1,1
940,3,1349,603,39,18,1,1,1
940,4,1545,465,41,17,1,1,1
940,5,1863,555,51,18,1,1,1
940,6,710,643,33,17,1,1,1
940,7,453,463,40,17,1,1,1
940,8,376,641,37,17,1,1,1
940,9,129,652,48,19,1,1,1
940,10,965,657,30,17,1,1,1
940,11,128,546,45,16,1,1,1
940,12,29,683,44,17,1,1,1
941,1,962,636,30,17,1,1,1
941,2,1290,484,33,16,1,1,1
941,3,1349,603,39,17,1,1,1
941,4,1545,464,41,17,1,1,1
941,5,1866,553,51,18,1,1,1
941,6,711,644,33,17,1,1,1
941,7,453,460,40,18,1,1,1
941,8,375,641,38,17,1,1,1
941,9,129,651,48,18,1,1,1
941,10,965,655,31,18,1,1,1
941,11,129,543,45,17,1,1,1
941,12,31,682,44,18,1,1,1
942,1,963,634,29,17,1,1,1
942,2,1293,482,33,16,1,1,1
942,3,1348,601,39,18,1,1,1
942,4,1545,462,42,17,1,1,1
942,5,1869,553,51,17,1,1,1
942,6,712,645,32,17,1,1,1
942,7,453,458,40,18,1,1,1
942,8,375,640,37,18,1,1,1
942,9,130,651,48,18,1,1,1
942,10,966,653,30,18,1,1,1
942,11,130,541,45,17,1,1,1
942,12,33,681,45,18,1,1,1
943,1,963,634,28,19,1,1,1
943,2,1296,483,33,16,1,1,1
943,3,1348,603,39,18,1,1,1
943,4,1545,465,41,17,1,1,1
943,5,1874,558,46,18,1,1,1
943,6,712,650,33,18,1,1,1
943,7,453,462,40,17,1,1,1
943,8,373,642,37,17,1,1,1
943,9,131,656,47,19,1,1,1
943,10,967,656,30,18,1,1,1
943,11,131,543,45,16,1,1,1
943,12,36,681,44,20,1,1,1
944,1,962,636,29,20,1,1,1
944,2,1296,485,33,16,1,1,1
944,3,1347,606,39,18,1,1,1
944,4,1544,469,42,17,1,1,1
944,5,1875,562,45,18,1,1,1
944,6,712,654,33,18,1,1,1
944,7,453,465,40,18,1,1,1
944,8,373,644,37,18,1,1,1
944,9,131,661,48,18,1,1,1
944,10,967,660,30,17,1,1,1
944,11,131,545,44,17,1,1,1
944,12,36,683,44,21,1,1,1
945,1,959,661,31,22,1,1,1
945,2,1297,511,33,16,1,1,1
945,3,1347,636,37,18,1,1,1
945,4,1540,496,42,17,1,1,1
945,5,1877,592,39,18,1,1,1
945,6,710,687,33,17,1,1,1
945,7,452,494,40,17,1,1,1
945,8,367,671,38,18,1,1,1
945,9,126,692,48,19,1,1,1
945,10,966,691,30,18,1,1,1
945,11,129,573,45,17,1,1,1
945,12,29,708,45,23,1,1,1
946,1,958,847,31,24,1,1,1
946,2,1301,691,33,16,1,1,1
946,3,1357,825,40,19,1,1,1
946,4,1543,676,41,17,1,1,1
946,5,1902,778,18,17,1,1,1
946,6,696,880,34,19,1,1,1
946,7,444,673,40,17,1,1,1
946,8,336,858,40,20,1,1,1
946,9,81,884,51,20,1,1,1
946,10,964,884,32,19,1,1,1
946,11,105,756,46,17,1,1,1
946,12,0,896,23,18,1,1,1
947,1,956,995,32,26,1,1,1
947,2,1311,828,35,17,1,1,1
947,3,1375,976,42,20,1,1,1
947,4,1557,813,43,18,1,1,1
947,6,678,1039,36,20,1,1,1
947,7,427,810,41,18,1,1,1
947,8,297,1008,42,24,1,1,1
947,9,24,1043,54,22,1,1,1
947,10,963,1040,33,21,1,1,1
947,11,67,898,48,18,1,1,1
948,2,1324,937,36,22,1,1,1
948,4,1575,928,43,19,1,1,1
948,7,406,926,43,18,1,1,1
948,11,27,1017,50,19,1,1,1
949,2,1330,976,37,23,1,1,1
949,4,1581,972,44,19,1,1,1
949,7,398,970,43,19,1,1,1
949,11,11,1064,51,16,1,1,1
950,2,1334,994,36,24,1,1,1
950,4,1583,994,44,19,1,1,1
950,7,394,992,44,19,1,1,1
