1,1,255,285,76,41,1,1,1
1,2,531,326,51,32,1,1,1
1,3,574,285,62,40,1,1,1
1,4,816,372,47,31,1,1,1
1,5,912,323,57,39,1,1,1
1,6,1062,778,48,29,1,1,1
1,7,1304,873,62,40,1,1,1
1,8,1352,794,52,29,1,1,1
1,9,1613,874,79,40,1,1,1
2,1,260,289,76,40,1,1,1
2,2,533,329,50,31,1,1,1
2,3,576,288,61,40,1,1,1
2,4,817,375,47,31,1,1,1
2,5,911,327,57,39,1,1,1
2,6,1062,772,47,28,1,1,1
2,7,1304,862,62,40,1,1,1
2,8,1351,787,51,29,1,1,1
2,9,1608,864,79,39,1,1,1
3,1,265,292,75,40,1,1,1
3,2,534,331,51,31,1,1,1
3,3,577,292,62,39,1,1,1
3,4,818,378,47,30,1,1,1
3,5,911,331,56,38,1,1,1
3,6,1061,766,47,28,1,1,1
3,7,1303,853,62,39,1,1,1
3,8,1350,780,51,29,1,1,1
3,9,1604,854,78,39,1,1,1
4,1,276,299,74,39,1,1,1
4,2,538,335,49,31,1,1,1
4,3,581,299,60,38,1,1,1
4,4,821,383,46,30,1,1,1
4,5,909,339,55,37,1,1,1
4,6,1059,753,47,29,1,1,1
4,7,1302,833,61,38,1,1,1
4,8,1348,767,51,28,1,1,1
4,9,1595,836,78,37,1,1,1
5,1,281,302,73,39,1,1,1
5,2,539,338,50,30,1,1,1
5,3,582,302,60,38,1,1,1
5,4,822,386,46,29,1,1,1
5,5,908,343,55,37,1,1,1
5,6,1058,748,47,28,1,1,1
5,7,1301,825,61,37,1,1,1
5,8,1348,761,50,28,1,1,1
5,9,1592,827,77,38,1,1,1
6,1,286,306,73,37,1,1,1
6,2,541,339,49,30,1,1,1
6,3,584,305,60,38,1,1,1
6,4,823,389,46,29,1,1,1
6,5,907,347,55,36,1,1,1
6,6,1057,742,47,28,1,1,1
6,7,1300,816,61,37,1,1,1
6,8,1347,754,50,29,1,1,1
6,9,1587,819,77,36,1,1,1
7,1,292,309,72,38,1,1,1
7,2,542,341,49,30,1,1,1
7,3,586,309,59,37,1,1,1
7,4,825,392,45,29,1,1,1
7,5,907,351,54,36,1,1,1
7,6,1056,736,46,28,1,1,1
7,7,1300,807,60,36,1,1,1
7,8,1346,748,50,28,1,1,1
7,9,1583,809,76,37,1,1,1
8,1,302,316,71,36,1,1,1
8,2,545,344,49,29,1,1,1
8,3,589,315,59,37,1,1,1
8,4,827,397,45,29,1,1,1
8,5,905,358,54,36,1,1,1
8,6,1054,726,46,28,1,1,1
8,7,1298,790,61,35,1,1,1
8,8,1344,736,50,28,1,1,1
8,9,1575,793,75,36,1,1,1
9,1,307,319,71,36,1,1,1
9,2,547,345,48,29,1,1,1
9,3,591,319,58,36,1,1,1
9,4,828,400,45,28,1,1,1
9,5,904,362,53,35,1,1,1
9,6,1054,721,45,27,1,1,1
9,7,1298,782,60,35,1,1,1
9,8,1343,731,50,28,1,1,1
9,9,1571,785,74,36,1,1,1
10,1,312,322,70,36,1,1,1
10,2,548,346,48,28,1,1,1
10,3,593,322,57,36,1,1,1
10,4,829,402,45,29,1,1,1
10,5,903,366,53,34,1,1,1
10,6,1053,716,45,27,1,1,1
10,7,1297,773,60,35,1,1,1
10,8,1342,725,50,28,1,1,1
10,9,1567,778,74,35,1,1,1
11,1,323,329,69,35,1,1,1
11,2,552,347,47,29,1,1,1
11,3,596,328,57,35,1,1,1
11,4,832,408,44,28,1,1,1
11,5,902,374,52,34,1,1,1
11,6,1051,706,45,27,1,1,1
11,7,1296,757,59,34,1,1,1
11,8,1340,714,49,27,1,1,1
11,9,1558,762,73,34,1,1,1
12,1,328,332,69,34,1,1,1
12,2,553,349,48,28,1,1,1
12,3,598,331,56,34,1,1,1
12,4,833,411,44,27,1,1,1
12,5,901,377,52,34,1,1,1
12,6,1050,701,45,27,1,1,1
12,7,1295,749,59,34,1,1,1
12,8,1340,709,48,27,1,1,1
12,9,1554,754,73,35,1,1,1
13,1,333,334,68,34,1,1,1
13,2,555,350,47,28,1,1,1
13,3,599,333,56,34,1,1,1
13,4,834,413,44,28,1,1,1
13,5,900,381,52,33,1,1,1
13,6,1049,696,45,27,1,1,1
13,7,1295,742,58,33,1,1,1
13,8,1339,703,48,27,1,1,1
13,9,1550,747,72,34,1,1,1
14,1,338,336,67,34,1,1,1
14,2,556,352,47,27,1,1,1
14,3,601,335,56,34,1,1,1
14,4,835,416,44,27,1,1,1
14,5,899,385,52,33,1,1,1
14,6,1048,691,45,27,1,1,1
14,7,1294,734,58,34,1,1,1
14,8,1338,698,48,27,1,1,1
14,9,1546,740,72,34,1,1,1
15,1,348,342,67,33,1,1,1
15,2,559,355,47,28,1,1,1
15,3,604,340,55,33,1,1,1
15,4,838,421,43,27,1,1,1
15,5,898,392,51,32,1,1,1
15,6,1047,682,44,27,1,1,1
15,7,1293,719,57,33,1,1,1
15,8,1336,688,48,27,1,1,1
15,9,1538,726,71,33,1,1,1
16,1,353,345,66,33,1,1,1
16,2,561,357,46,28,1,1,1
16,3,606,343,54,33,1,1,1
16,4,839,424,43,27,1,1,1
16,5,897,396,51,32,1,1,1
16,6,1046,677,44,27,1,1,1
16,7,1292,712,57,33,1,1,1
16,8,1335,683,48,26,1,1,1
16,9,1534,719,70,33,1,1,1
17,1,358,347,66,33,1,1,1
17,2,562,360,46,27,1,1,1
17,3,607,346,55,33,1,1,1
17,4,840,426,43,27,1,1,1
17,5,896,399,51,32,1,1,1
17,6,1045,673,44,26,1,1,1
17,7,1292,705,57,33,1,1,1
17,8,1334,678,48,27,1,1,1
17,9,1530,712,70,33,1,1,1
18,1,368,353,64,33,1,1,1
18,2,566,363,45,27,1,1,1
18,3,611,352,53,32,1,1,1
18,4,842,432,43,26,1,1,1
18,5,895,406,50,32,1,1,1
18,6,1043,664,44,26,1,1,1
18,7,1291,691,56,32,1,1,1
18,8,1333,668,46,27,1,1,1
18,9,1522,699,69,32,1,1,1
19,1,373,357,64,32,1,1,1
19,2,567,365,45,26,1,1,1
19,3,612,355,53,32,1,1,1
19,4,844,434,42,27,1,1,1
19,5,894,410,50,31,1,1,1
19,6,1042,659,43,26,1,1,1
19,7,1290,683,56,32,1,1,1
19,8,1332,663,46,27,1,1,1
19,9,1517,692,69,32,1,1,1
20,1,378,359,64,32,1,1,1
20,2,569,366,44,26,1,1,1
20,3,614,358,53,32,1,1,1
20,4,845,437,42,26,1,1,1
20,5,893,414,50,31,1,1,1
20,6,1041,654,43,26,1,1,1
20,7,1289,676,56,32,1,1,1
20,8,1331,658,46,26,1,1,1
20,9,1513,685,68,32,1,1,1
21,1,388,364,62,31,1,1,1
21,2,572,368,44,26,1,1,1
21,3,617,364,52,31,1,1,1
21,4,847,442,42,26,1,1,1
21,5,892,420,49,31,1,1,1
21,6,1040,646,42,26,1,1,1
21,7,1288,663,55,32,1,1,1
21,8,1329,649,46,26,1,1,1
21,9,1505,672,68,32,1,1,1
22,1,388,364,62,31,1,1,1
22,2,572,368,44,26,1,1,1
22,3,617,364,52,31,1,1,1
22,4,847,442,42,26,1,1,1
22,5,892,420,49,31,1,1,1
22,6,1040,646,42,26,1,1,1
22,7,1288,663,55,32,1,1,1
22,8,1329,649,46,26,1,1,1
22,9,1505,672,68,32,1,1,1
23,1,397,368,61,31,1,1,1
23,2,575,370,43,26,1,1,1
23,3,620,369,51,31,1,1,1
23,4,849,447,42,26,1,1,1
23,5,890,427,49,30,1,1,1
23,6,1038,637,42,26,1,1,1
23,7,1287,650,54,31,1,1,1
23,8,1327,640,46,26,1,1,1
23,9,1497,660,67,31,1,1,1
24,1,402,371,60,31,1,1,1
24,2,576,371,44,26,1,1,1
24,3,621,371,51,31,1,1,1
24,4,851,450,41,26,1,1,1
24,5,890,430,48,30,1,1,1
24,6,1037,633,42,26,1,1,1
24,7,1286,644,54,30,1,1,1
24,8,1326,635,46,26,1,1,1
24,9,1493,654,66,31,1,1,1
25,1,406,374,60,30,1,1,1
25,2,578,372,43,26,1,1,1
25,3,623,373,51,31,1,1,1
25,4,852,452,41,26,1,1,1
25,5,889,434,48,30,1,1,1
25,6,1036,629,42,25,1,1,1
25,7,1286,637,54,31,1,1,1
25,8,1325,631,46,25,1,1,1
25,9,1489,648,66,30,1,1,1
26,1,415,379,60,30,1,1,1
26,2,580,375,43,26,1,1,1
26,3,626,378,50,30,1,1,1
26,4,854,457,41,26,1,1,1
26,5,888,440,47,29,1,1,1
26,6,1035,621,41,25,1,1,1
26,7,1285,625,53,30,1,1,1
26,8,1324,622,45,25,1,1,1
26,9,1482,636,65,30,1,1,1
27,1,419,382,59,30,1,1,1
27,2,582,377,42,25,1,1,1
27,3,627,381,50,30,1,1,1
27,4,855,460,41,25,1,1,1
27,5,887,443,47,30,1,1,1
27,6,1034,617,41,25,1,1,1
27,7,1284,619,53,30,1,1,1
27,8,1323,618,45,25,1,1,1
27,9,1478,630,64,30,1,1,1
28,1,423,385,59,29,1,1,1
28,2,583,379,42,25,1,1,1
28,3,629,384,49,29,1,1,1
28,4,856,462,40,25,1,1,1
28,5,886,446,47,29,1,1,1
28,6,1033,613,41,24,1,1,1
28,7,1283,613,53,30,1,1,1
28,8,1322,614,45,25,1,1,1
28,9,1474,624,65,31,1,1,1
29,1,428,388,58,29,1,1,1
29,2,584,381,43,25,1,1,1
29,3,630,387,49,29,1,1,1
29,4,857,465,40,24,1,1,1
29,5,886,450,46,29,1,1,1
29,6,1032,608,41,25,1,1,1
29,7,1283,606,52,30,1,1,1
29,8,1321,609,45,25,1,1,1
29,9,1470,618,64,30,1,1,1
30,1,436,394,57,29,1,1,1
30,2,587,385,42,25,1,1,1
30,3,633,392,48,29,1,1,1
30,4,859,469,40,25,1,1,1
30,5,885,456,45,28,1,1,1
30,6,1031,601,40,24,1,1,1
30,7,1282,595,52,29,1,1,1
30,8,1320,601,44,25,1,1,1
30,9,1463,607,63,30,1,1,1
31,1,440,397,57,29,1,1,1
31,2,588,388,42,25,1,1,1
31,3,634,396,48,28,1,1,1
31,4,860,472,40,24,1,1,1
31,5,884,459,45,28,1,1,1
31,6,1030,596,40,25,1,1,1
31,7,1281,588,52,30,1,1,1
31,8,1319,597,43,24,1,1,1
31,9,1459,601,63,30,1,1,1
32,1,444,401,57,29,1,1,1
32,2,590,390,41,25,1,1,1
32,3,635,399,49,29,1,1,1
32,4,861,474,40,24,1,1,1
32,5,883,462,46,28,1,1,1
32,6,1029,593,40,24,1,1,1
32,7,1281,583,51,29,1,1,1
32,8,1318,592,43,25,1,1,1
32,9,1455,596,63,29,1,1,1
33,1,452,409,56,28,1,1,1
33,2,592,396,42,25,1,1,1
33,3,638,406,48,28,1,1,1
33,4,864,479,36,24,1,1,1
33,5,882,468,45,28,1,1,1
33,6,1027,585,40,24,1,1,1
33,7,1279,571,51,29,1,1,1
33,8,1316,584,43,24,1,1,1
33,9,1448,584,62,30,1,1,1
34,1,456,413,56,27,1,1,1
34,2,594,399,41,25,1,1,1
34,3,639,410,48,28,1,1,1
34,4,864,481,39,24,1,1,1
34,5,881,471,45,27,1,1,1
34,6,1027,581,40,23,1,1,1
34,7,1279,565,51,29,1,1,1
34,8,1315,580,43,24,1,1,1
34,9,1444,579,62,29,1,1,1
35,1,460,417,55,27,1,1,1
35,2,595,403,41,24,1,1,1
35,3,641,413,47,28,1,1,1
35,4,865,484,39,23,1,1,1
35,5,881,474,44,27,1,1,1
35,6,1026,577,40,24,1,1,1
35,7,1278,560,51,28,1,1,1
35,8,1315,576,42,24,1,1,1
35,9,1441,574,61,28,1,1,1
36,1,464,421,54,27,1,1,1
36,2,596,406,42,24,1,1,1
36,3,642,417,47,28,1,1,1
36,4,866,487,39,23,1,1,1
36,5,880,477,44,27,1,1,1
36,6,1025,573,40,24,1,1,1
36,7,1278,554,50,29,1,1,1
36,8,1314,572,42,24,1,1,1
36,9,1437,568,61,29,1,1,1
37,1,471,430,54,27,1,1,1
37,2,599,413,41,23,1,1,1
37,3,645,425,47,27,1,1,1
37,4,868,491,34,24,1,1,1
37,5,879,482,44,28,1,1,1
37,6,1024,565,39,24,1,1,1
37,7,1277,543,49,28,1,1,1
37,8,1312,563,43,24,1,1,1
37,9,1430,558,60,28,1,1,1
38,1,475,434,53,27,1,1,1
38,2,600,416,41,24,1,1,1
38,3,646,429,47,27,1,1,1
38,4,869,494,38,23,1,1,1
38,5,878,485,44,27,1,1,1
38,6,1023,561,39,24,1,1,1
38,7,1276,537,50,29,1,1,1
38,8,1311,559,43,24,1,1,1
38,9,1427,552,59,29,1,1,1
39,1,478,439,54,26,1,1,1
39,2,601,420,42,23,1,1,1
39,3,647,433,47,27,1,1,1
39,4,870,497,38,23,1,1,1
39,5,878,488,43,27,1,1,1
39,6,1022,558,39,23,1,1,1
39,7,1276,532,49,28,1,1,1
39,8,1311,555,42,24,1,1,1
39,9,1423,547,59,28,1,1,1
40,1,485,448,53,27,1,1,1
40,2,603,427,42,23,1,1,1
40,3,649,441,48,27,1,1,1
40,4,872,502,35,24,1,1,1
40,5,877,494,42,26,1,1,1
40,6,1021,550,38,24,1,1,1
40,7,1275,521,48,28,1,1,1
40,8,1309,547,42,24,1,1,1
40,9,1417,537,58,28,1,1,1
41,1,488,453,53,27,1,1,1
41,2,605,431,41,23,1,1,1
41,3,651,445,47,27,1,1,1
41,4,873,506,36,23,1,1,1
41,5,876,496,43,26,1,1,1
41,6,1020,547,39,23,1,1,1
41,7,1274,516,49,28,1,1,1
41,8,1308,543,42,24,1,1,1
41,9,1413,532,58,27,1,1,1
42,1,492,458,52,26,1,1,1
42,2,606,435,41,23,1,1,1
42,3,652,449,47,27,1,1,1
42,4,874,509,36,23,1,1,1
42,5,876,499,42,26,1,1,1
42,6,1019,543,39,23,1,1,1
42,7,1274,510,48,28,1,1,1
42,8,1308,540,41,23,1,1,1
42,9,1410,527,58,27,1,1,1
43,1,495,464,52,26,1,1,1
43,2,607,439,42,23,1,1,1
43,3,653,453,47,27,1,1,1
43,4,875,512,35,23,1,1,1
43,5,875,502,42,25,1,1,1
43,6,1019,539,38,23,1,1,1
43,7,1273,505,48,28,1,1,1
43,8,1307,536,41,23,1,1,1
43,9,1407,522,57,27,1,1,1
44,1,501,474,51,26,1,1,1
44,2,610,448,41,22,1,1,1
44,3,656,461,47,26,1,1,1
44,4,876,518,34,23,1,1,1
44,5,874,507,42,26,1,1,1
44,6,1017,532,38,23,1,1,1
44,7,1272,495,48,27,1,1,1
44,8,1305,528,41,23,1,1,1
44,9,1400,512,57,27,1,1,1
45,1,505,479,50,26,1,1,1
45,2,611,452,41,23,1,1,1
45,3,657,465,47,26,1,1,1
45,4,876,522,35,23,1,1,1
45,5,873,510,42,25,1,1,1
45,6,1017,528,37,23,1,1,1
45,7,1272,489,47,28,1,1,1
45,8,1305,524,40,23,1,1,1
45,9,1397,507,56,26,1,1,1
46,1,508,484,50,26,1,1,1
46,2,612,456,41,23,1,1,1
46,3,658,469,47,26,1,1,1
46,4,876,524,35,23,1,1,1
46,5,873,512,41,25,1,1,1
46,6,1016,525,38,23,1,1,1
46,7,1271,484,47,28,1,1,1
46,8,1304,520,40,23,1,1,1
46,9,1394,502,56,27,1,1,1
47,1,513,494,50,26,1,1,1
47,2,615,465,41,22,1,1,1
47,3,661,477,47,25,1,1,1
47,4,877,530,35,24,1,1,1
47,5,872,517,41,25,1,1,1
47,6,1015,518,37,22,1,1,1
47,7,1270,474,47,28,1,1,1
47,8,1303,513,40,23,1,1,1
47,9,1388,492,56,27,1,1,1
48,1,516,499,50,26,1,1,1
48,2,616,469,41,22,1,1,1
48,3,663,480,46,26,1,1,1
48,4,877,533,35,24,1,1,1
48,5,872,519,40,25,1,1,1
48,6,1014,514,37,23,1,1,1
48,7,1270,469,46,28,1,1,1
48,8,1302,509,40,23,1,1,1
48,9,1385,488,55,26,1,1,1
49,1,519,504,49,26,1,1,1
49,2,617,473,41,22,1,1,1
49,3,664,484,46,25,1,1,1
49,4,877,536,36,24,1,1,1
49,5,871,522,41,25,1,1,1
49,6,1013,511,38,22,1,1,1
49,7,1269,465,47,27,1,1,1
49,8,1301,506,40,23,1,1,1
49,9,1382,483,55,27,1,1,1
50,1,522,509,48,26,1,1,1
50,2,618,477,41,22,1,1,1
50,3,665,488,47,25,1,1,1
50,4,877,539,36,24,1,1,1
50,5,871,525,40,24,1,1,1
50,6,1013,508,37,22,1,1,1
50,7,1269,460,46,27,1,1,1
50,8,1301,502,39,23,1,1,1
50,9,1379,478,55,27,1,1,1
51,1,527,520,48,26,1,1,1
51,2,621,486,41,22,1,1,1
51,3,668,495,46,25,1,1,1
51,4,877,545,37,24,1,1,1
51,5,870,530,40,25,1,1,1
51,6,1011,502,37,22,1,1,1
51,7,1268,450,46,27,1,1,1
51,8,1299,494,40,23,1,1,1
51,9,1373,469,54,27,1,1,1
52,1,530,525,48,26,1,1,1
52,2,622,489,41,23,1,1,1
52,3,670,499,46,25,1,1,1
52,4,877,548,37,23,1,1,1
52,5,870,533,39,25,1,1,1
52,6,1011,499,36,23,1,1,1
52,7,1267,445,46,27,1,1,1
52,8,1299,491,39,23,1,1,1
52,9,1371,465,53,26,1,1,1
53,1,532,530,48,26,1,1,1
53,2,624,494,40,22,1,1,1
53,3,671,503,46,24,1,1,1
53,4,877,552,38,23,1,1,1
53,5,870,536,39,24,1,1,1
53,6,1010,497,37,23,1,1,1
53,7,1267,440,46,28,1,1,1
53,8,1298,487,39,23,1,1,1
53,9,1368,460,53,27,1,1,1
54,1,535,535,47,26,1,1,1
54,2,625,498,41,22,1,1,1
54,3,673,506,45,25,1,1,1
54,4,877,554,38,24,1,1,1
54,5,870,539,38,24,1,1,1
54,6,1010,495,36,23,1,1,1
54,7,1267,436,45,27,1,1,1
54,8,1297,484,39,23,1,1,1
54,9,1365,456,53,26,1,1,1
55,1,539,545,47,26,1,1,1
55,2,628,506,40,22,1,1,1
55,3,676,514,45,24,1,1,1
55,4,877,559,38,24,1,1,1
55,5,871,544,37,25,1,1,1
55,6,1008,491,36,23,1,1,1
55,7,1266,426,45,27,1,1,1
55,8,1296,477,39,22,1,1,1
55,9,1360,447,52,26,1,1,1
56,1,542,550,46,26,1,1,1
56,2,629,509,40,22,1,1,1
56,3,677,517,46,24,1,1,1
56,4,877,563,38,23,1,1,1
56,5,871,547,37,25,1,1,1
56,6,1008,490,36,23,1,1,1
56,7,1265,422,45,28,1,1,1
56,8,1295,473,39,23,1,1,1
56,9,1357,443,52,26,1,1,1
57,1,544,555,46,26,1,1,1
57,2,631,513,40,22,1,1,1
57,3,679,521,45,24,1,1,1
57,4,877,565,38,24,1,1,1
57,5,870,550,38,25,1,1,1
57,6,1007,488,36,23,1,1,1
57,7,1265,418,44,27,1,1,1
57,8,1295,470,38,22,1,1,1
57,9,1354,438,52,26,1,1,1
58,1,548,565,46,25,1,1,1
58,2,634,521,40,22,1,1,1
58,3,682,528,45,24,1,1,1
58,4,876,571,38,24,1,1,1
58,5,870,555,39,25,1,1,1
58,6,1006,486,35,23,1,1,1
58,7,1263,410,45,29,1,1,1
58,8,1293,463,39,22,1,1,1
58,9,1349,429,51,26,1,1,1
59,1,550,570,46,25,1,1,1
59,2,636,525,39,22,1,1,1
59,3,684,531,44,25,1,1,1
59,4,876,574,38,23,1,1,1
59,5,869,558,40,25,1,1,1
59,6,1006,485,35,23,1,1,1
59,7,1263,407,44,29,1,1,1
59,8,1293,459,38,23,1,1,1
59,9,1346,425,52,26,1,1,1
60,1,552,575,46,25,1,1,1
60,2,637,529,39,21,1,1,1
60,3,686,535,44,24,1,1,1
60,4,876,577,37,23,1,1,1
60,5,869,560,40,25,1,1,1
60,6,1005,485,35,22,1,1,1
60,7,1262,404,44,29,1,1,1
60,8,1292,456,38,22,1,1,1
60,9,1344,421,51,27,1,1,1
61,1,554,580,46,25,1,1,1
61,2,639,532,39,22,1,1,1
61,3,687,538,45,24,1,1,1
61,4,875,580,38,23,1,1,1
61,5,869,563,40,25,1,1,1
61,6,1004,484,36,23,1,1,1
61,7,1261,401,45,30,1,1,1
61,8,1292,452,37,23,1,1,1
61,9,1341,418,51,27,1,1,1
62,1,558,590,45,25,1,1,1
62,2,642,540,37,21,1,1,1
62,3,691,545,44,24,1,1,1
62,4,874,585,38,24,1,1,1
62,5,869,568,41,25,1,1,1
62,6,1003,484,35,22,1,1,1
62,7,1259,396,45,30,1,1,1
62,8,1290,446,38,22,1,1,1
62,9,1336,412,50,27,1,1,1
63,1,560,594,45,25,1,1,1
63,2,643,543,39,22,1,1,1
63,3,692,549,44,23,1,1,1
63,4,874,588,37,24,1,1,1
63,5,869,570,41,26,1,1,1
63,6,1003,484,35,22,1,1,1
63,7,1258,394,45,31,1,1,1
63,8,1290,443,37,23,1,1,1
63,9,1334,409,49,28,1,1,1
64,1,562,599,45,24,1,1,1
64,2,645,547,38,21,1,1,1
64,3,694,552,43,24,1,1,1
64,4,873,592,38,22,1,1,1
64,5,869,572,42,26,1,1,1
64,6,1002,484,35,22,1,1,1
64,7,1257,393,46,30,1,1,1
64,8,1289,441,37,23,1,1,1
64,9,1331,407,50,27,1,1,1
65,1,565,608,45,25,1,1,1
65,2,648,554,38,21,1,1,1
65,3,697,558,44,24,1,1,1
65,4,872,597,37,23,1,1,1
65,5,870,577,41,26,1,1,1
65,6,1001,485,35,22,1,1,1
65,7,1256,390,45,31,1,1,1
65,8,1287,436,38,23,1,1,1
65,9,1327,402,49,29,1,1,1
66,1,567,613,44,24,1,1,1
66,2,649,557,39,21,1,1,1
66,3,699,562,43,23,1,1,1
66,4,872,601,37,22,1,1,1
66,5,870,580,42,25,1,1,1
66,6,1001,486,34,21,1,1,1
66,7,1255,389,46,31,1,1,1
66,8,1287,434,37,23,1,1,1
66,9,1325,401,48,28,1,1,1
67,1,569,617,44,25,1,1,1
67,2,651,561,38,21,1,1,1
67,3,701,565,43,24,1,1,1
67,4,871,603,37,23,1,1,1
67,5,871,582,41,25,1,1,1
67,6,1000,486,34,22,1,1,1
67,7,1254,389,46,30,1,1,1
67,8,1286,432,37,23,1,1,1
67,9,1322,399,49,29,1,1,1
68,1,572,626,44,25,1,1,1
68,2,654,567,38,21,1,1,1
68,3,704,571,43,24,1,1,1
68,4,870,609,36,22,1,1,1
68,5,872,587,42,25,1,1,1
68,6,999,488,34,22,1,1,1
68,7,1252,388,47,30,1,1,1
68,8,1284,429,38,23,1,1,1
68,9,1319,397,47,28,1,1,1
69,1,574,631,43,25,1,1,1
69,2,656,571,38,21,1,1,1
69,3,706,575,42,23,1,1,1
69,4,869,612,36,22,1,1,1
69,5,873,589,41,25,1,1,1
69,6,999,489,34,22,1,1,1
69,7,1251,388,47,30,1,1,1
69,8,1283,427,38,24,1,1,1
69,9,1317,396,46,28,1,1,1
70,1,575,636,44,24,1,1,1
70,2,657,574,38,21,1,1,1
70,3,708,578,42,23,1,1,1
70,4,868,614,37,23,1,1,1
70,5,874,592,41,25,1,1,1
70,6,998,490,34,22,1,1,1
70,7,1250,388,47,30,1,1,1
70,8,1282,426,38,24,1,1,1
70,9,1315,396,46,28,1,1,1
71,1,577,640,43,25,1,1,1
71,2,659,578,38,20,1,1,1
71,3,710,581,41,23,1,1,1
71,4,867,617,37,23,1,1,1
71,5,875,594,41,25,1,1,1
71,6,998,492,33,22,1,1,1
71,7,1249,389,47,29,1,1,1
71,8,1281,425,38,24,1,1,1
71,9,1313,395,45,28,1,1,1
72,1,580,649,43,24,1,1,1
72,2,662,584,38,21,1,1,1
72,3,713,587,42,23,1,1,1
72,4,865,623,37,23,1,1,1
72,5,877,599,40,25,1,1,1
72,6,997,495,33,22,1,1,1
72,7,1247,390,47,29,1,1,1
72,8,1279,424,39,23,1,1,1
72,9,1310,396,43,27,1,1,1
73,1,581,653,43,24,1,1,1
73,2,664,587,37,21,1,1,1
73,3,715,590,41,23,1,1,1
73,4,865,627,36,21,1,1,1
73,5,878,601,40,25,1,1,1
73,6,997,496,33,22,1,1,1
73,7,1246,391,47,29,1,1,1
73,8,1279,423,38,24,1,1,1
73,9,1308,396,43,27,1,1,1
74,1,583,657,42,24,1,1,1
74,2,665,590,37,21,1,1,1
74,3,717,593,41,23,1,1,1
74,4,864,630,36,21,1,1,1
74,5,879,604,40,24,1,1,1
74,6,996,498,33,22,1,1,1
74,7,1246,392,46,29,1,1,1
74,8,1278,423,38,24,1,1,1
74,9,1306,396,43,27,1,1,1
75,1,584,662,43,24,1,1,1
75,2,667,593,37,21,1,1,1
75,3,718,596,41,23,1,1,1
75,4,863,632,36,22,1,1,1
75,5,880,607,40,23,1,1,1
75,6,996,500,33,22,1,1,1
75,7,1245,394,46,28,1,1,1
75,8,1277,423,38,24,1,1,1
75,9,1305,397,42,27,1,1,1
76,1,587,670,42,24,1,1,1
76,2,670,600,37,20,1,1,1
76,3,722,602,40,23,1,1,1
76,4,861,637,36,23,1,1,1
76,5,882,611,40,24,1,1,1
76,6,995,504,33,22,1,1,1
76,7,1243,397,46,28,1,1,1
76,8,1275,423,39,24,1,1,1
76,9,1302,399,40,26,1,1,1
77,1,588,674,43,24,1,1,1
77,2,672,603,36,20,1,1,1
77,3,723,605,41,23,1,1,1
77,4,860,640,36,23,1,1,1
77,5,883,613,40,24,1,1,1
77,6,994,507,33,22,1,1,1
77,7,1242,399,46,27,1,1,1
77,8,1274,424,39,23,1,1,1
77,9,1301,400,39,26,1,1,1
78,1,590,678,42,24,1,1,1
78,2,673,606,37,20,1,1,1
78,3,725,608,40,23,1,1,1
78,4,859,643,35,22,1,1,1
78,5,885,616,40,24,1,1,1
78,6,994,509,33,22,1,1,1
78,7,1241,401,46,28,1,1,1
78,8,1273,424,39,23,1,1,1
78,9,1299,402,39,25,1,1,1
79,1,591,682,42,24,1,1,1
79,2,675,609,36,20,1,1,1
79,3,727,611,40,22,1,1,1
79,4,858,646,35,22,1,1,1
79,5,886,618,40,24,1,1,1
79,6,994,511,32,22,1,1,1
79,7,1240,403,45,27,1,1,1
79,8,1272,425,39,23,1,1,1
79,9,1298,403,38,25,1,1,1
80,1,594,691,42,23,1,1,1
80,2,678,615,36,20,1,1,1
80,3,730,617,40,22,1,1,1
80,4,855,652,36,22,1,1,1
80,5,889,623,39,24,1,1,1
80,6,993,517,32,21,1,1,1
80,7,1237,408,46,27,1,1,1
80,8,1271,427,38,23,1,1,1
80,9,1296,407,37,25,1,1,1
81,1,595,695,42,23,1,1,1
81,2,680,618,36,20,1,1,1
81,3,732,620,39,22,1,1,1
81,4,854,655,36,22,1,1,1
81,5,890,625,39,24,1,1,1
81,6,992,519,33,22,1,1,1
81,7,1236,411,45,26,1,1,1
81,8,1270,428,38,23,1,1,1
81,9,1294,409,38,24,1,1,1
82,1,596,699,42,23,1,1,1
82,2,681,621,36,20,1,1,1
82,3,734,622,39,23,1,1,1
82,4,853,658,35,22,1,1,1
82,5,892,628,39,24,1,1,1
82,6,992,522,32,22,1,1,1
82,7,1235,414,45,26,1,1,1
82,8,1269,429,38,23,1,1,1
82,9,1293,411,37,24,1,1,1
83,1,599,706,41,24,1,1,1
83,2,684,626,36,21,1,1,1
83,3,737,628,38,22,1,1,1
83,4,851,663,35,22,1,1,1
83,5,894,633,40,23,1,1,1
83,6,991,528,32,21,1,1,1
83,7,1233,420,44,25,1,1,1
83,8,1267,432,38,22,1,1,1
83,9,1290,415,38,25,1,1,1
84,1,600,710,42,23,1,1,1
84,2,686,629,35,20,1,1,1
84,3,738,630,37,23,1,1,1
84,4,850,666,35,22,1,1,1
84,5,896,635,39,24,1,1,1
84,6,991,531,32,21,1,1,1
84,7,1232,423,44,25,1,1,1
84,8,1267,433,37,23,1,1,1
84,9,1288,417,38,25,1,1,1
85,1,601,714,42,23,1,1,1
85,2,687,632,35,20,1,1,1
85,3,740,633,38,22,1,1,1
85,4,849,669,35,21,1,1,1
85,5,897,637,39,24,1,1,1
85,6,991,534,32,21,1,1,1
85,7,1230,426,45,25,1,1,1
85,8,1266,435,37,22,1,1,1
85,9,1287,420,38,24,1,1,1
86,1,603,717,41,24,1,1,1
86,2,689,635,35,20,1,1,1
86,3,741,636,38,22,1,1,1
86,4,848,672,35,21,1,1,1
86,5,899,640,39,23,1,1,1
86,6,990,537,32,21,1,1,1
86,7,1229,429,44,25,1,1,1
86,8,1265,436,37,23,1,1,1
86,9,1285,422,39,25,1,1,1
87,1,605,725,41,23,1,1,1
87,2,692,640,34,20,1,1,1
87,3,745,641,37,22,1,1,1
87,4,846,677,34,22,1,1,1
87,5,902,645,39,23,1,1,1
87,6,990,544,31,21,1,1,1
87,7,1226,436,44,25,1,1,1
87,8,1263,440,37,23,1,1,1
87,9,1283,428,38,25,1,1,1
88,1,607,728,40,24,1,1,1
88,2,693,643,35,20,1,1,1
88,3,746,643,37,22,1,1,1
88,4,845,680,34,21,1,1,1
88,5,904,648,38,23,1,1,1
88,6,989,547,32,21,1,1,1
88,7,1225,440,44,24,1,1,1
88,8,1262,442,37,23,1,1,1
88,9,1282,431,38,24,1,1,1
89,1,608,732,40,23,1,1,1
89,2,695,645,34,20,1,1,1
89,3,748,646,37,22,1,1,1
89,4,844,683,34,21,1,1,1
89,5,906,650,38,23,1,1,1
89,6,989,550,32,21,1,1,1
89,7,1224,443,43,25,1,1,1
89,8,1261,444,37,23,1,1,1
89,9,1281,434,38,24,1,1,1
90,1,610,739,41,23,1,1,1
90,2,697,650,34,21,1,1,1
90,3,751,651,36,22,1,1,1
90,4,841,688,34,21,1,1,1
90,5,909,654,38,24,1,1,1
90,6,989,557,31,21,1,1,1
90,7,1221,451,43,24,1,1,1
90,8,1259,449,36,23,1,1,1
90,9,1279,441,38,24,1,1,1
91,1,611,742,41,23,1,1,1
91,2,699,653,34,20,1,1,1
91,3,752,653,36,22,1,1,1
91,4,840,691,34,21,1,1,1
91,5,910,658,37,22,1,1,1
91,6,988,561,32,20,1,1,1
91,7,1219,455,44,24,1,1,1
91,8,1258,453,36,21,1,1,1
91,9,1278,444,38,24,1,1,1
92,1,613,745,40,24,1,1,1
92,2,700,655,34,21,1,1,1
92,3,753,656,36,21,1,1,1
92,4,839,693,34,21,1,1,1
92,5,912,659,38,23,1,1,1
92,6,988,564,31,20,1,1,1
92,7,1218,459,43,24,1,1,1
92,8,1257,455,36,21,1,1,1
92,9,1277,448,38,24,1,1,1
93,1,615,752,40,23,1,1,1
93,2,703,661,33,20,1,1,1
93,3,756,660,36,22,1,1,1
93,4,837,698,33,21,1,1,1
93,5,916,664,37,23,1,1,1
93,6,987,571,32,21,1,1,1
93,7,1215,467,43,24,1,1,1
93,8,1254,460,37,22,1,1,1
93,9,1275,455,38,23,1,1,1
94,1,616,755,40,24,1,1,1
94,2,704,663,33,20,1,1,1
94,3,758,663,35,21,1,1,1
94,4,836,701,33,21,1,1,1
94,5,917,667,38,22,1,1,1
94,6,987,575,31,20,1,1,1
94,7,1214,471,43,24,1,1,1
94,8,1253,463,36,22,1,1,1
94,9,1274,459,38,23,1,1,1
95,1,618,758,39,24,1,1,1
95,2,706,665,32,21,1,1,1
95,3,759,665,35,22,1,1,1
95,4,835,703,33,21,1,1,1
95,5,919,669,37,22,1,1,1
95,6,987,579,31,20,1,1,1
95,7,1212,476,43,23,1,1,1
95,8,1252,466,35,21,1,1,1
95,9,1274,463,37,23,1,1,1
96,1,619,762,40,23,1,1,1
96,2,707,668,33,20,1,1,1
96,3,760,667,35,22,1,1,1
96,4,834,706,33,20,1,1,1
96,5,921,671,37,23,1,1,1
96,6,987,583,31,20,1,1,1
96,7,1211,480,43,24,1,1,1
96,8,1251,469,35,21,1,1,1
96,9,1273,467,38,23,1,1,1
97,1,621,768,40,23,1,1,1
97,2,709,673,32,20,1,1,1
97,3,763,672,34,22,1,1,1
97,4,833,711,32,20,1,1,1
97,5,924,676,37,22,1,1,1
97,6,986,590,31,20,1,1,1
97,7,1208,489,42,23,1,1,1
97,8,1249,475,35,21,1,1,1
97,9,1272,475,37,23,1,1,1
98,1,623,771,39,23,1,1,1
98,2,711,675,32,20,1,1,1
98,3,764,674,34,22,1,1,1
98,4,832,713,32,21,1,1,1
98,5,926,678,37,22,1,1,1
98,6,986,594,31,20,1,1,1
98,7,1206,494,43,23,1,1,1
98,8,1247,478,36,22,1,1,1
98,9,1271,479,38,23,1,1,1
99,1,624,774,39,23,1,1,1
99,2,712,677,32,21,1,1,1
99,3,765,676,34,22,1,1,1
99,4,831,715,32,21,1,1,1
99,5,928,680,36,22,1,1,1
99,6,986,598,30,20,1,1,1
99,7,1205,498,42,23,1,1,1
99,8,1246,481,35,22,1,1,1
99,9,1271,483,37,23,1,1,1
100,1,625,777,39,23,1,1,1
100,2,713,680,32,20,1,1,1
100,3,766,678,34,22,1,1,1
100,4,830,718,31,20,1,1,1
100,5,929,683,37,21,1,1,1
100,6,985,602,31,20,1,1,1
100,7,1203,503,42,23,1,1,1
100,8,1245,485,36,21,1,1,1
100,9,1271,487,36,23,1,1,1
101,1,627,783,39,23,1,1,1
101,2,715,685,32,19,1,1,1
101,3,769,683,33,22,1,1,1
101,4,828,722,31,21,1,1,1
101,5,933,687,36,22,1,1,1
101,6,985,610,31,20,1,1,1
101,7,1200,512,42,23,1,1,1
101,8,1243,492,35,21,1,1,1
101,9,1270,496,36,23,1,1,1
102,1,629,786,38,23,1,1,1
102,2,716,687,32,20,1,1,1
102,3,770,685,33,22,1,1,1
102,4,827,725,31,20,1,1,1
102,5,935,689,36,22,1,1,1
102,6,985,614,30,20,1,1,1
102,7,1198,517,42,23,1,1,1
102,8,1242,495,35,21,1,1,1
102,9,1269,500,37,23,1,1,1
103,1,630,789,39,24,1,1,1
103,2,718,689,31,20,1,1,1
103,3,771,687,33,22,1,1,1
103,4,827,727,30,20,1,1,1
103,5,936,691,36,22,1,1,1
103,6,984,618,31,20,1,1,1
103,7,1197,522,42,22,1,1,1
103,8,1240,499,36,21,1,1,1
103,9,1269,505,36,23,1,1,1
104,1,632,795,39,23,1,1,1
104,2,720,692,28,20,1,1,1
104,3,773,691,33,21,1,1,1
104,4,825,731,30,20,1,1,1
104,5,940,696,35,21,1,1,1
104,6,984,625,30,20,1,1,1
104,7,1194,530,41,23,1,1,1
104,8,1238,506,36,21,1,1,1
104,9,1268,514,37,22,1,1,1
105,1,633,798,39,23,1,1,1
105,2,721,694,30,20,1,1,1
105,3,774,694,31,21,1,1,1
105,4,825,733,29,21,1,1,1
105,5,941,698,36,21,1,1,1
105,6,984,629,30,20,1,1,1
105,7,1192,535,42,22,1,1,1
105,8,1237,510,35,20,1,1,1
105,9,1268,518,36,22,1,1,1
106,1,635,801,38,23,1,1,1
106,2,722,695,30,20,1,1,1
106,3,775,696,33,21,1,1,1
106,4,824,736,29,20,1,1,1
106,5,943,700,35,21,1,1,1
106,6,984,632,30,20,1,1,1
106,7,1190,539,42,23,1,1,1
106,8,1236,514,35,20,1,1,1
106,9,1268,523,36,22,1,1,1
107,1,637,806,38,23,1,1,1
107,2,724,698,30,19,1,1,1
107,3,777,700,32,21,1,1,1
107,4,823,740,28,19,1,1,1
107,5,946,704,35,21,1,1,1
107,6,983,640,30,20,1,1,1
107,7,1187,548,41,22,1,1,1
107,8,1233,522,35,20,1,1,1
107,9,1267,533,36,22,1,1,1
108,1,639,808,38,23,1,1,1
108,2,725,699,30,19,1,1,1
108,3,778,702,32,21,1,1,1
108,4,822,741,29,21,1,1,1
108,5,948,706,35,21,1,1,1
108,6,983,643,30,20,1,1,1
108,7,1185,552,41,22,1,1,1
108,8,1232,525,35,20,1,1,1
108,9,1267,537,36,22,1,1,1
109,1,640,810,38,23,1,1,1
109,2,726,699,30,20,1,1,1
109,3,779,704,32,21,1,1,1
109,4,822,743,28,20,1,1,1
109,5,950,708,34,21,1,1,1
109,6,983,646,30,20,1,1,1
109,7,1184,556,41,22,1,1,1
109,8,1231,529,35,20,1,1,1
109,9,1267,542,35,22,1,1,1
110,1,642,814,38,22,1,1,1
110,2,727,700,30,19,1,1,1
110,3,780,707,32,21,1,1,1
110,4,821,746,28,20,1,1,1
110,5,953,712,34,21,1,1,1
110,6,982,653,30,19,1,1,1
110,7,1180,563,41,23,1,1,1
110,8,1228,537,36,20,1,1,1
110,9,1267,551,35,22,1,1,1
111,1,644,815,37,22,1,1,1
111,2,728,700,30,19,1,1,1
111,3,781,709,32,20,1,1,1
111,4,821,747,28,20,1,1,1
111,5,954,713,34,22,1,1,1
111,6,982,656,30,20,1,1,1
111,7,1179,567,40,23,1,1,1
111,8,1227,541,35,20,1,1,1
111,9,1267,556,35,22,1,1,1
112,1,645,816,37,23,1,1,1
112,2,729,700,30,19,1,1,1
112,3,782,710,32,21,1,1,1
112,4,821,747,28,20,1,1,1
112,5,956,715,33,21,1,1,1
112,6,982,659,30,20,1,1,1
112,7,1177,571,41,22,1,1,1
112,8,1226,545,35,20,1,1,1
112,9,1267,560,34,22,1,1,1
113,1,647,818,37,23,1,1,1
113,2,731,700,28,19,1,1,1
113,3,784,712,31,20,1,1,1
113,4,820,749,29,20,1,1,1
113,5,959,719,33,21,1,1,1
113,6,981,665,30,19,1,1,1
113,7,1174,578,40,22,1,1,1
113,8,1223,553,35,20,1,1,1
113,9,1266,569,35,22,1,1,1
114,1,649,819,36,22,1,1,1
114,2,731,700,30,19,1,1,1
114,3,784,712,31,21,1,1,1
114,4,820,750,29,20,1,1,1
114,5,960,721,33,21,1,1,1
114,6,981,668,30,20,1,1,1
114,7,1172,582,40,22,1,1,1
114,8,1222,557,35,19,1,1,1
114,9,1266,574,35,21,1,1,1
115,1,650,819,36,23,1,1,1
115,2,732,699,30,19,1,1,1
115,3,785,713,31,21,1,1,1
115,4,819,750,30,21,1,1,1
115,5,961,722,33,22,1,1,1
115,6,981,671,30,19,1,1,1
115,7,1170,585,40,22,1,1,1
115,8,1221,560,35,20,1,1,1
115,9,1266,578,35,21,1,1,1
116,1,651,820,36,22,1,1,1
116,2,733,699,30,19,1,1,1
116,3,786,713,30,21,1,1,1
116,4,819,751,30,20,1,1,1
116,5,963,724,32,21,1,1,1
116,6,981,673,29,20,1,1,1
116,7,1169,588,40,22,1,1,1
116,8,1220,564,35,20,1,1,1
116,9,1266,582,34,21,1,1,1
117,1,654,820,35,22,1,1,1
117,2,735,697,29,19,1,1,1
117,3,787,714,30,21,1,1,1
117,4,819,751,30,21,1,1,1
117,5,965,727,32,22,1,1,1
117,6,980,679,30,19,1,1,1
117,7,1165,595,40,21,1,1,1
117,8,1217,572,35,19,1,1,1
117,9,1266,590,34,21,1,1,1
118,1,655,820,35,22,1,1,1
118,2,735,697,30,18,1,1,1
118,3,788,714,28,20,1,1,1
118,4,818,752,31,20,1,1,1
118,5,967,729,31,21,1,1,1
118,6,980,681,29,20,1,1,1
118,7,1164,598,39,21,1,1,1
118,8,1216,575,35,20,1,1,1
118,9,1266,594,34,21,1,1,1
119,1,656,819,35,23,1,1,1
119,2,736,696,30,18,1,1,1
119,3,788,713,30,21,1,1,1
119,4,818,750,31,21,1,1,1
119,5,968,730,31,21,1,1,1
119,6,980,684,29,19,1,1,1
119,7,1162,601,39,22,1,1,1
119,8,1215,579,34,20,1,1,1
119,9,1265,598,34,21,1,1,1
120,1,659,817,34,23,1,1,1
120,2,738,694,29,19,1,1,1
120,3,789,713,29,21,1,1,1
120,4,819,750,31,21,1,1,1
120,5,970,733,31,21,1,1,1
120,6,979,689,29,19,1,1,1
120,7,1159,607,39,21,1,1,1
120,8,1212,586,35,20,1,1,1
120,9,1265,606,34,21,1,1,1
121,1,660,817,34,22,1,1,1
121,2,738,693,30,19,1,1,1
121,3,789,712,30,20,1,1,1
121,4,819,749,31,21,1,1,1
121,5,971,734,31,21,1,1,1
121,6,979,691,29,19,1,1,1
121,7,1157,610,39,21,1,1,1
121,8,1211,590,35,19,1,1,1
121,9,1265,609,34,21,1,1,1
122,1,662,815,34,22,1,1,1
122,2,740,692,25,18,1,1,1
122,3,790,710,29,20,1,1,1
122,4,819,748,32,21,1,1,1
122,5,974,735,29,21,1,1,1
122,6,978,695,30,20,1,1,1
122,7,1154,615,38,22,1,1,1
122,8,1208,597,35,19,1,1,1
122,9,1265,617,33,21,1,1,1
123,1,663,813,33,23,1,1,1
123,2,741,691,29,19,1,1,1
123,3,790,708,29,22,1,1,1
123,4,820,746,31,22,1,1,1
123,5,975,735,29,21,1,1,1
123,6,978,698,29,19,1,1,1
123,7,1152,618,38,22,1,1,1
123,8,1207,600,35,19,1,1,1
123,9,1264,620,34,21,1,1,1
124,1,664,811,33,23,1,1,1
124,2,742,690,29,19,1,1,1
124,3,790,708,29,21,1,1,1
124,4,820,745,32,22,1,1,1
124,5,975,735,29,22,1,1,1
124,6,978,700,29,20,1,1,1
124,7,1151,621,38,21,1,1,1
124,8,1206,603,34,20,1,1,1
124,9,1264,623,34,21,1,1,1
125,1,666,809,32,24,1,1,1
125,2,742,690,30,18,1,1,1
125,3,791,706,29,20,1,1,1
125,4,821,746,31,20,1,1,1
125,5,975,736,30,20,1,1,1
125,6,978,702,29,19,1,1,1
125,7,1149,623,38,22,1,1,1
125,8,1204,606,35,20,1,1,1
125,9,1264,626,34,22,1,1,1
126,1,668,806,31,23,1,1,1
126,2,744,688,29,19,1,1,1
126,3,791,703,29,21,1,1,1
126,4,822,742,31,21,1,1,1
126,5,976,735,29,22,1,1,1
126,6,977,706,29,20,1,1,1
126,7,1146,628,38,22,1,1,1
126,8,1202,612,34,20,1,1,1
126,9,1264,633,34,21,1,1,1
127,1,669,803,31,24,1,1,1
127,2,745,687,29,19,1,1,1
127,3,791,700,29,22,1,1,1
127,4,823,741,31,21,1,1,1
127,5,977,735,29,22,1,1,1
127,6,977,709,29,19,1,1,1
127,7,1144,631,38,21,1,1,1
127,8,1201,616,34,19,1,1,1
127,9,1264,636,34,21,1,1,1
128,1,669,801,32,23,1,1,1
128,2,746,687,29,18,1,1,1
128,3,791,699,30,20,1,1,1
128,4,824,740,31,21,1,1,1
128,5,977,735,30,21,1,1,1
128,6,977,710,28,19,1,1,1
128,7,1143,634,37,21,1,1,1
128,8,1199,619,35,19,1,1,1
128,9,1263,639,35,21,1,1,1
129,1,671,797,31,23,1,1,1
129,2,747,686,29,18,1,1,1
129,3,791,694,30,22,1,1,1
129,4,825,738,29,20,1,1,1
129,5,978,734,30,21,1,1,1
129,6,976,714,29,20,1,1,1
129,7,1140,638,37,21,1,1,1
129,8,1197,624,34,19,1,1,1
129,9,1263,645,35,21,1,1,1
130,1,672,794,31,23,1,1,1
130,2,748,685,29,18,1,1,1
130,3,792,692,29,22,1,1,1
130,4,826,736,31,20,1,1,1
130,5,978,734,30,21,1,1,1
130,6,976,717,28,18,1,1,1
130,7,1139,641,36,21,1,1,1
130,8,1202,627,27,19,1,1,1
130,9,1263,648,34,21,1,1,1
131,1,673,791,31,23,1,1,1
131,2,749,684,29,18,1,1,1
131,3,792,689,29,22,1,1,1
131,4,827,734,31,20,1,1,1
131,5,978,732,31,21,1,1,1
131,6,975,719,29,19,1,1,1
131,7,1137,644,36,21,1,1,1
131,8,1194,630,34,19,1,1,1
131,9,1262,651,35,21,1,1,1
132,1,674,789,30,22,1,1,1
132,2,749,684,29,18,1,1,1
132,3,792,687,29,21,1,1,1
132,4,828,732,31,21,1,1,1
132,5,978,730,31,23,1,1,1
132,6,975,721,29,19,1,1,1
132,7,1136,645,36,22,1,1,1
132,8,1193,633,34,19,1,1,1
132,9,1262,653,35,22,1,1,1
133,1,675,783,31,22,1,1,1
133,2,751,682,29,18,1,1,1
133,3,792,682,29,21,1,1,1
133,4,830,728,31,21,1,1,1
133,5,978,728,31,22,1,1,1
133,6,975,725,28,19,1,1,1
133,7,1133,650,35,21,1,1,1
133,8,1190,638,34,19,1,1,1
133,9,1261,659,36,21,1,1,1
134,1,676,779,30,23,1,1,1
134,2,752,682,29,18,1,1,1
134,3,792,679,29,21,1,1,1
134,4,831,726,30,21,1,1,1
134,5,978,728,32,21,1,1,1
134,7,1132,652,35,22,1,1,1
134,8,1189,640,34,19,1,1,1
134,9,1261,661,35,21,1,1,1
135,1,677,776,30,23,1,1,1
135,2,753,681,26,18,1,1,1
135,3,792,677,29,20,1,1,1
135,4,832,724,30,21,1,1,1
135,5,978,724,32,23,1,1,1
135,7,1131,655,34,21,1,1,1
135,8,1188,643,33,19,1,1,1
135,9,1261,664,35,21,1,1,1
136,1,677,774,30,22,1,1,1
136,2,753,681,29,18,1,1,1
136,3,792,674,29,20,1,1,1
136,4,833,722,30,21,1,1,1
136,5,978,723,32,23,1,1,1
136,6,974,730,28,19,1,1,1
136,7,1129,657,35,21,1,1,1
136,8,1187,646,33,18,1,1,1
136,9,1260,666,36,22,1,1,1
137,1,678,767,30,21,1,1,1
137,2,755,679,29,18,1,1,1
137,3,792,668,29,20,1,1,1
137,4,835,717,30,21,1,1,1
137,5,977,719,33,23,1,1,1
137,6,973,733,29,20,1,1,1
137,7,1127,661,34,21,1,1,1
137,8,1184,650,33,19,1,1,1
137,9,1260,672,35,21,1,1,1
138,1,679,762,30,22,1,1,1
138,2,756,679,28,18,1,1,1
138,3,792,665,29,20,1,1,1
138,4,836,715,31,20,1,1,1
138,5,977,719,32,21,1,1,1
138,6,973,735,28,19,1,1,1
138,7,1125,663,34,21,1,1,1
138,8,1183,653,33,19,1,1,1
138,9,1259,674,36,21,1,1,1
139,1,680,760,29,21,1,1,1
139,2,757,678,28,18,1,1,1
139,3,792,662,29,20,1,1,1
139,4,837,712,31,20,1,1,1
139,5,977,715,32,23,1,1,1
139,6,973,736,28,19,1,1,1
139,7,1124,666,34,21,1,1,1
139,8,1182,655,33,19,1,1,1
139,9,1259,677,35,21,1,1,1
140,1,681,753,29,21,1,1,1
140,2,758,677,29,18,1,1,1
140,3,792,655,29,20,1,1,1
140,4,840,707,30,20,1,1,1
140,5,977,711,32,23,1,1,1
140,6,973,738,27,19,1,1,1
140,7,1122,670,33,21,1,1,1
140,8,1180,660,32,19,1,1,1
140,9,1258,681,35,21,1,1,1
141,1,681,749,30,21,1,1,1
141,2,759,676,27,18,1,1,1
141,3,792,652,29,20,1,1,1
141,4,841,704,30,20,1,1,1
141,5,976,709,32,23,1,1,1
141,6,972,739,28,19,1,1,1
141,7,1121,672,33,21,1,1,1
141,8,1179,662,32,19,1,1,1
141,9,1258,683,35,21,1,1,1
142,1,682,746,29,21,1,1,1
142,2,760,676,28,18,1,1,1
142,3,792,649,28,18,1,1,1
142,4,842,702,30,19,1,1,1
142,5,976,707,32,22,1,1,1
142,6,972,739,28,19,1,1,1
142,7,1120,674,33,21,1,1,1
142,8,1177,664,32,19,1,1,1
142,9,1257,685,35,21,1,1,1
143,1,682,743,30,20,1,1,1
143,2,761,675,28,17,1,1,1
143,3,792,645,28,20,1,1,1
143,4,843,699,30,20,1,1,1
143,5,976,705,32,22,1,1,1
143,6,972,740,27,19,1,1,1
143,7,1119,676,32,21,1,1,1
143,8,1176,667,32,18,1,1,1
143,9,1256,686,36,21,1,1,1
144,1,683,739,29,22,1,1,1
144,2,762,673,28,18,1,1,1
144,3,792,642,28,18,1,1,1
144,4,844,697,27,19,1,1,1
144,5,975,702,32,22,1,1,1
144,6,972,740,27,19,1,1,1
144,7,1117,678,33,21,1,1,1
144,8,1175,669,32,19,1,1,1
144,9,1256,687,35,22,1,1,1
145,1,683,733,30,21,1,1,1
145,2,763,671,28,17,1,1,1
145,3,792,635,28,19,1,1,1
145,4,847,692,30,18,1,1,1
145,5,974,697,32,22,1,1,1
145,6,972,741,27,19,1,1,1
145,7,1115,683,33,21,1,1,1
145,8,1173,673,31,19,1,1,1
145,9,1254,690,36,21,1,1,1
146,1,684,731,29,19,1,1,1
146,2,764,670,28,18,1,1,1
146,3,792,632,28,19,1,1,1
146,4,848,689,30,19,1,1,1
146,5,974,695,32,21,1,1,1
146,6,972,741,27,19,1,1,1
146,7,1114,685,33,21,1,1,1
146,8,1172,675,31,19,1,1,1
146,9,1254,690,35,21,1,1,1
147,1,684,728,30,20,1,1,1
147,2,765,669,28,17,1,1,1
147,3,791,628,28,20,1,1,1
147,4,849,686,30,19,1,1,1
147,5,973,692,32,22,1,1,1
147,6,972,741,27,19,1,1,1
147,7,1113,687,33,21,1,1,1
147,8,1171,677,31,19,1,1,1
147,9,1253,691,35,21,1,1,1
148,1,685,725,29,19,1,1,1
148,2,766,668,28,17,1,1,1
148,3,791,625,28,18,1,1,1
148,4,851,684,29,19,1,1,1
148,5,973,690,31,21,1,1,1
148,6,972,741,27,19,1,1,1
148,7,1112,689,32,21,1,1,1
148,8,1170,680,31,18,1,1,1
148,9,1252,692,35,20,1,1,1
149,1,686,719,29,21,1,1,1
149,2,768,666,27,17,1,1,1
149,3,791,619,28,18,1,1,1
149,4,853,679,30,18,1,1,1
149,5,972,685,31,20,1,1,1
149,6,972,740,27,19,1,1,1
149,7,1110,693,32,21,1,1,1
149,8,1167,684,31,19,1,1,1
149,9,1250,692,35,21,1,1,1
150,1,686,717,28,19,1,1,1
150,2,769,665,27,18,1,1,1
150,3,791,616,28,18,1,1,1
150,4,854,677,30,18,1,1,1
150,5,971,680,32,22,1,1,1
150,6,972,739,25,20,1,1,1
150,7,1109,695,32,21,1,1,1
150,8,1166,686,31,19,1,1,1
150,9,1249,692,35,21,1,1,1
151,1,687,711,29,20,1,1,1
151,2,770,664,28,18,1,1,1
151,3,791,610,27,18,1,1,1
151,4,857,672,29,18,1,1,1
151,5,970,674,31,22,1,1,1
151,6,972,738,28,18,1,1,1
151,7,1107,699,32,21,1,1,1
151,8,1164,690,31,19,1,1,1
151,9,1247,691,35,21,1,1,1
152,1,687,709,29,19,1,1,1
152,2,771,663,26,18,1,1,1
152,3,791,607,27,19,1,1,1
152,4,858,670,29,18,1,1,1
152,5,969,672,32,20,1,1,1
152,6,972,736,28,19,1,1,1
152,7,1107,700,31,21,1,1,1
152,8,1163,692,31,19,1,1,1
152,9,1246,691,35,20,1,1,1
153,1,688,706,29,20,1,1,1
153,2,772,663,27,17,1,1,1
153,3,791,604,27,19,1,1,1
153,4,859,668,28,18,1,1,1
153,5,969,668,31,21,1,1,1
153,6,972,735,28,19,1,1,1
153,7,1106,702,31,21,1,1,1
153,8,1162,694,31,19,1,1,1
153,9,1245,690,35,20,1,1,1
154,1,688,704,29,20,1,1,1
154,2,773,662,27,17,1,1,1
154,3,791,601,27,18,1,1,1
154,4,861,666,28,17,1,1,1
154,5,968,665,31,21,1,1,1
154,6,972,735,28,19,1,1,1
154,7,1105,703,31,21,1,1,1
154,8,1161,696,30,19,1,1,1
154,9,1244,689,35,21,1,1,1
155,1,689,699,29,20,1,1,1
155,2,774,660,23,18,1,1,1
155,3,791,596,26,18,1,1,1
155,4,863,662,29,17,1,1,1
155,5,967,658,31,21,1,1,1
155,6,972,731,29,20,1,1,1
155,7,1103,706,32,20,1,1,1
155,8,1160,700,29,19,1,1,1
155,9,1242,687,34,21,1,1,1
156,1,689,696,29,19,1,1,1
156,2,775,659,27,17,1,1,1
156,3,792,593,25,18,1,1,1
156,4,865,659,27,18,1,1,1
156,5,966,655,31,19,1,1,1
156,6,972,730,29,19,1,1,1
156,7,1103,707,31,20,1,1,1
156,8,1158,702,30,19,1,1,1
156,9,1240,686,35,21,1,1,1
157,1,690,694,29,19,1,1,1
157,2,776,658,27,17,1,1,1
157,3,791,590,26,18,1,1,1
157,4,866,657,28,18,1,1,1
157,5,965,651,31,20,1,1,1
157,6,972,728,29,19,1,1,1
157,7,1102,707,31,20,1,1,1
157,8,1161,703,26,19,1,1,1
157,9,1239,686,35,20,1,1,1
158,1,690,690,29,18,1,1,1
158,2,778,656,27,17,1,1,1
158,3,790,585,27,18,1,1,1
158,4,868,653,28,18,1,1,1
158,5,964,645,31,19,1,1,1
158,6,973,724,29,20,1,1,1
158,7,1101,708,30,20,1,1,1
158,8,1156,706,29,18,1,1,1
158,9,1236,684,35,20,1,1,1
159,1,691,688,29,19,1,1,1
159,2,779,655,26,17,1,1,1
159,3,790,583,27,17,1,1,1
159,4,870,651,26,18,1,1,1
159,5,963,641,31,19,1,1,1
159,6,973,723,29,19,1,1,1
159,7,1100,708,31,20,1,1,1
159,8,1155,707,29,18,1,1,1
159,9,1235,683,35,20,1,1,1
160,1,691,685,29,19,1,1,1
160,2,780,654,26,17,1,1,1
160,3,790,580,27,17,1,1,1
160,4,871,650,28,17,1,1,1
160,5,963,638,30,19,1,1,1
160,6,974,720,24,20,1,1,1
160,7,1099,708,31,20,1,1,1
160,8,1154,708,29,18,1,1,1
160,9,1234,682,34,20,1,1,1
161,1,692,683,26,19,1,1,1
161,2,780,653,27,17,1,1,1
161,3,790,578,27,17,1,1,1
161,4,872,648,28,17,1,1,1
161,5,962,635,30,19,1,1,1
161,6,974,718,29,20,1,1,1
161,7,1099,708,30,20,1,1,1
161,8,1156,708,26,19,1,1,1
161,9,1233,682,34,20,1,1,1
162,1,692,679,29,19,1,1,1
162,2,782,652,26,17,1,1,1
162,3,790,574,27,18,1,1,1
162,4,874,644,28,17,1,1,1
162,5,961,628,30,19,1,1,1
162,6,975,714,29,19,1,1,1
162,7,1098,707,30,20,1,1,1
162,8,1152,709,29,19,1,1,1
162,9,1230,680,34,20,1,1,1
163,1,693,677,28,18,1,1,1
163,2,783,651,26,17,1,1,1
163,3,790,572,27,18,1,1,1
163,4,875,642,28,17,1,1,1
163,5,960,625,30,19,1,1,1
163,6,975,713,29,18,1,1,1
163,7,1097,707,30,19,1,1,1
163,8,1151,710,29,18,1,1,1
163,9,1229,679,34,20,1,1,1
164,1,693,675,29,18,1,1,1
164,2,784,651,26,17,1,1,1
164,3,790,570,27,19,1,1,1
164,4,877,640,27,18,1,1,1
164,5,959,622,30,18,1,1,1
164,6,976,709,24,20,1,1,1
164,7,1097,706,29,20,1,1,1
164,8,1151,710,28,18,1,1,1
164,9,1227,678,34,20,1,1,1
165,1,693,672,29,19,1,1,1
165,2,784,651,27,16,1,1,1
165,3,790,569,26,18,1,1,1
165,4,878,639,27,17,1,1,1
165,5,959,619,29,18,1,1,1
165,6,976,708,29,18,1,1,1
165,7,1096,705,30,20,1,1,1
165,8,1150,710,28,18,1,1,1
165,9,1226,678,34,20,1,1,1
166,1,694,668,29,19,1,1,1
166,2,786,649,26,17,1,1,1
166,3,790,566,25,18,1,1,1
166,4,880,635,27,17,1,1,1
166,5,957,613,30,18,1,1,1
166,6,977,702,29,19,1,1,1
166,7,1095,703,29,20,1,1,1
166,8,1149,709,27,19,1,1,1
166,9,1223,676,34,20,1,1,1
167,1,695,666,28,19,1,1,1
167,2,787,648,26,17,1,1,1
167,3,790,564,26,17,1,1,1
167,4,881,633,27,18,1,1,1
167,5,962,610,24,18,1,1,1
167,6,978,699,25,20,1,1,1
167,7,1095,702,29,20,1,1,1
167,8,1148,709,28,18,1,1,1
167,9,1222,676,34,20,1,1,1
168,1,695,664,29,19,1,1,1
168,2,788,648,22,16,1,1,1
168,3,790,563,26,18,1,1,1
168,4,882,632,27,17,1,1,1
168,5,956,607,29,18,1,1,1
168,6,979,697,28,19,1,1,1
168,7,1094,702,29,19,1,1,1
168,8,1147,708,28,19,1,1,1
168,9,1221,675,33,20,1,1,1
169,1,695,662,29,19,1,1,1
169,2,789,646,25,17,1,1,1
169,3,790,562,25,17,1,1,1
169,4,883,630,27,17,1,1,1
169,5,955,604,29,17,1,1,1
169,6,979,695,28,18,1,1,1
169,7,1094,700,29,20,1,1,1
169,8,1147,708,27,18,1,1,1
169,9,1219,674,34,20,1,1,1
170,1,696,658,29,19,1,1,1
170,2,790,644,26,17,1,1,1
170,3,790,559,26,18,1,1,1
170,4,885,626,25,17,1,1,1
170,5,954,598,29,18,1,1,1
170,6,981,690,27,18,1,1,1
170,7,1093,698,29,19,1,1,1
170,8,1148,706,25,18,1,1,1
170,9,1216,673,34,20,1,1,1
171,1,697,656,28,19,1,1,1
171,2,791,643,25,17,1,1,1
171,3,790,558,26,18,1,1,1
171,4,886,624,26,18,1,1,1
171,5,953,595,29,18,1,1,1
171,6,981,687,28,18,1,1,1
171,7,1095,696,26,20,1,1,1
171,8,1145,705,27,18,1,1,1
171,9,1215,672,33,20,1,1,1
172,1,697,654,28,19,1,1,1
172,2,792,642,25,17,1,1,1
172,3,790,557,24,18,1,1,1
172,4,887,623,26,17,1,1,1
172,5,953,592,28,18,1,1,1
172,6,982,685,28,18,1,1,1
172,7,1092,695,29,19,1,1,1
172,8,1144,704,27,18,1,1,1
172,9,1214,672,33,19,1,1,1
173,1,698,651,28,18,1,1,1
173,2,793,640,25,17,1,1,1
173,3,790,556,26,17,1,1,1
173,4,889,619,25,17,1,1,1
173,5,951,587,29,18,1,1,1
173,6,983,680,28,18,1,1,1
173,7,1091,691,29,19,1,1,1
173,8,1143,701,27,18,1,1,1
173,9,1211,670,33,20,1,1,1
174,1,698,649,29,18,1,1,1
174,2,794,639,25,16,1,1,1
174,3,790,555,24,18,1,1,1
174,4,890,617,25,16,1,1,1
174,5,951,584,28,18,1,1,1
174,6,984,678,27,18,1,1,1
174,7,1091,689,28,20,1,1,1
174,8,1143,699,26,18,1,1,1
174,9,1209,669,33,19,1,1,1
175,1,699,647,28,18,1,1,1
175,2,797,637,23,17,1,1,1
175,3,790,555,25,17,1,1,1
175,4,891,615,24,18,1,1,1
175,5,950,582,28,18,1,1,1
175,6,984,676,28,18,1,1,1
175,7,1091,688,28,19,1,1,1
175,8,1142,698,27,18,1,1,1
175,9,1208,668,33,20,1,1,1
176,1,699,645,25,18,1,1,1
176,2,795,636,23,16,1,1,1
176,3,790,554,24,18,1,1,1
176,4,892,614,24,17,1,1,1
176,5,950,580,27,17,1,1,1
176,6,985,674,22,18,1,1,1
176,7,1090,686,28,19,1,1,1
176,8,1142,696,26,18,1,1,1
176,9,1207,667,32,19,1,1,1
177,1,700,641,28,18,1,1,1
177,2,797,633,25,16,1,1,1
177,3,790,554,27,17,1,1,1
177,4,893,610,24,16,1,1,1
177,5,948,575,28,18,1,1,1
177,6,986,669,28,18,1,1,1
177,7,1089,682,28,19,1,1,1
177,8,1141,692,26,18,1,1,1
177,9,1204,664,32,19,1,1,1
178,1,700,639,29,18,1,1,1
178,2,797,631,25,17,1,1,1
178,3,790,554,27,17,1,1,1
178,4,893,608,24,17,1,1,1
178,5,948,573,27,18,1,1,1
178,6,987,667,27,18,1,1,1
178,7,1089,681,28,19,1,1,1
178,8,1142,690,25,19,1,1,1
178,9,1202,662,33,20,1,1,1
179,1,701,637,28,18,1,1,1
179,2,798,629,25,17,1,1,1
179,3,790,553,27,18,1,1,1
179,4,894,606,24,18,1,1,1
179,5,947,571,27,18,1,1,1
179,6,988,665,27,18,1,1,1
179,7,1089,679,27,19,1,1,1
179,8,1140,688,26,18,1,1,1
179,9,1201,661,32,19,1,1,1
180,1,702,632,28,18,1,1,1
180,2,800,626,24,17,1,1,1
180,3,790,552,27,18,1,1,1
180,4,897,602,22,18,1,1,1
180,5,946,567,27,17,1,1,1
180,6,989,661,27,18,1,1,1
180,7,1088,675,28,19,1,1,1
180,8,1139,683,26,18,1,1,1
180,9,1198,658,32,19,1,1,1
181,1,702,630,29,18,1,1,1
181,2,800,624,24,16,1,1,1
181,3,790,552,27,17,1,1,1
181,4,895,601,25,16,1,1,1
181,5,946,565,26,18,1,1,1
181,6,990,660,27,17,1,1,1
181,7,1088,674,27,19,1,1,1
181,8,1139,681,26,18,1,1,1
181,9,1197,657,31,19,1,1,1
182,1,703,626,29,18,1,1,1
182,2,801,620,24,16,1,1,1
182,3,791,550,25,18,1,1,1
182,4,897,597,23,18,1,1,1
182,5,945,562,26,17,1,1,1
182,6,991,656,27,17,1,1,1
182,7,1087,671,27,18,1,1,1
182,8,1138,676,26,18,1,1,1
182,9,1194,655,31,19,1,1,1
183,1,704,623,28,19,1,1,1
183,2,802,618,21,16,1,1,1
183,3,791,549,25,18,1,1,1
183,4,896,595,25,18,1,1,1
183,5,944,560,26,18,1,1,1
183,6,992,654,26,17,1,1,1
183,7,1086,669,28,19,1,1,1
183,8,1138,673,25,18,1,1,1
183,9,1193,655,31,18,1,1,1
184,1,704,621,29,18,1,1,1
184,2,803,615,23,17,1,1,1
184,3,791,548,27,18,1,1,1
184,4,896,594,25,17,1,1,1
184,5,944,559,26,17,1,1,1
184,6,992,652,27,17,1,1,1
184,7,1086,668,28,18,1,1,1
184,8,1137,671,26,18,1,1,1
184,9,1191,654,31,19,1,1,1
185,1,709,617,25,18,1,1,1
185,2,804,611,22,17,1,1,1
185,3,792,547,26,17,1,1,1
185,4,899,590,23,18,1,1,1
185,5,943,556,25,18,1,1,1
185,6,994,648,26,18,1,1,1
185,7,1085,664,28,19,1,1,1
185,8,1136,665,26,18,1,1,1
185,9,1188,652,31,19,1,1,1
186,1,706,614,29,18,1,1,1
186,2,804,609,23,15,1,1,1
186,3,792,546,26,17,1,1,1
186,4,897,589,25,17,1,1,1
186,5,943,555,25,17,1,1,1
186,6,995,647,26,17,1,1,1
186,7,1085,663,28,18,1,1,1
186,8,1136,663,26,17,1,1,1
186,9,1187,651,31,19,1,1,1
187,1,707,612,28,18,1,1,1
187,2,804,606,23,17,1,1,1
187,3,792,545,27,17,1,1,1
187,4,897,587,25,17,1,1,1
187,5,942,553,25,19,1,1,1
187,6,995,645,26,17,1,1,1
187,7,1085,661,27,19,1,1,1
187,8,1136,660,26,18,1,1,1
187,9,1186,650,31,19,1,1,1
188,1,707,610,29,18,1,1,1
188,2,804,604,23,15,1,1,1
188,3,792,544,27,17,1,1,1
188,4,897,585,24,16,1,1,1
188,5,943,552,24,18,1,1,1
188,6,996,643,25,17,1,1,1
188,7,1084,659,28,19,1,1,1
188,8,1135,658,26,17,1,1,1
188,9,1190,649,25,19,1,1,1
189,1,708,605,24,18,1,1,1
189,2,805,599,22,17,1,1,1
189,3,793,543,26,17,1,1,1
189,4,897,582,26,16,1,1,1
189,5,941,550,25,18,1,1,1
189,6,997,640,26,17,1,1,1
189,7,1084,655,27,19,1,1,1
189,8,1135,653,25,17,1,1,1
189,9,1182,647,30,18,1,1,1
190,1,709,603,29,18,1,1,1
190,2,805,596,23,15,1,1,1
190,3,793,542,23,18,1,1,1
190,4,897,581,26,15,1,1,1
190,5,941,549,25,18,1,1,1
190,6,998,638,26,17,1,1,1
190,7,1083,653,28,19,1,1,1
190,8,1134,650,26,18,1,1,1
190,9,1181,645,30,18,1,1,1
191,1,710,598,24,18,1,1,1
191,2,805,591,24,17,1,1,1
191,3,794,541,26,17,1,1,1
191,4,898,577,25,16,1,1,1
191,5,940,547,25,17,1,1,1
191,6,999,635,26,17,1,1,1
191,7,1083,649,27,19,1,1,1
191,8,1133,646,26,17,1,1,1
191,9,1178,643,30,18,1,1,1
192,1,711,596,29,18,1,1,1
192,2,806,588,23,16,1,1,1
192,3,794,541,26,17,1,1,1
192,4,901,576,22,17,1,1,1
192,5,939,546,25,18,1,1,1
192,6,1000,633,26,17,1,1,1
192,7,1082,647,28,19,1,1,1
192,8,1133,644,26,17,1,1,1
192,9,1177,642,30,18,1,1,1
193,1,713,591,24,18,1,1,1
193,2,806,583,23,16,1,1,1
193,3,795,539,26,17,1,1,1
193,4,897,573,26,15,1,1,1
193,5,939,544,25,18,1,1,1
193,6,1001,630,26,17,1,1,1
193,7,1082,643,27,18,1,1,1
193,8,1132,639,26,17,1,1,1
193,9,1179,640,25,18,1,1,1
194,1,713,589,29,18,1,1,1
194,2,806,581,24,17,1,1,1
194,3,795,539,26,17,1,1,1
194,4,897,571,26,16,1,1,1
194,5,938,543,25,18,1,1,1
194,6,1002,628,25,17,1,1,1
194,7,1081,641,28,18,1,1,1
194,8,1132,637,26,17,1,1,1
194,9,1173,640,30,18,1,1,1
195,1,714,587,29,18,1,1,1
195,2,806,578,24,17,1,1,1
195,3,796,538,25,17,1,1,1
195,4,897,570,26,16,1,1,1
195,5,938,542,25,17,1,1,1
195,6,1003,627,25,16,1,1,1
195,7,1081,638,27,18,1,1,1
195,8,1132,635,26,17,1,1,1
195,9,1172,639,30,18,1,1,1
196,1,715,585,28,18,1,1,1
196,2,806,576,24,17,1,1,1
196,3,796,537,26,17,1,1,1
196,4,897,568,25,17,1,1,1
196,5,938,541,25,18,1,1,1
196,6,1003,625,24,17,1,1,1
196,7,1081,636,27,19,1,1,1
196,8,1131,633,26,17,1,1,1
196,9,1171,638,29,18,1,1,1
197,1,716,580,29,18,1,1,1
197,2,806,571,24,17,1,1,1
197,3,797,536,25,17,1,1,1
197,4,897,565,25,17,1,1,1
197,5,937,539,25,17,1,1,1
197,6,1005,621,24,17,1,1,1
197,7,1080,632,27,18,1,1,1
197,8,1131,629,25,17,1,1,1
197,9,1169,636,29,18,1,1,1
198,1,717,578,29,18,1,1,1
198,2,806,569,24,17,1,1,1
198,3,797,536,26,16,1,1,1
198,4,898,564,24,15,1,1,1
198,5,937,539,25,17,1,1,1
198,6,1005,620,25,16,1,1,1
198,7,1080,630,27,18,1,1,1
198,8,1130,627,26,17,1,1,1
198,9,1168,635,29,18,1,1,1
199,1,718,576,29,17,1,1,1
199,2,806,566,24,17,1,1,1
199,3,798,535,25,17,1,1,1
199,4,897,563,25,16,1,1,1
199,5,937,538,23,18,1,1,1
199,6,1006,618,24,16,1,1,1
199,7,1079,627,27,19,1,1,1
199,8,1130,625,26,16,1,1,1
199,9,1167,633,28,18,1,1,1
200,1,719,571,24,18,1,1,1
200,2,806,562,24,16,1,1,1
200,3,798,534,26,17,1,1,1
200,4,896,560,25,15,1,1,1
200,5,936,536,25,17,1,1,1
200,6,1007,614,24,17,1,1,1
200,7,1079,623,26,18,1,1,1
200,8,1129,621,26,17,1,1,1
200,9,1165,631,28,17,1,1,1
201,1,720,569,29,18,1,1,1
201,2,806,559,25,17,1,1,1
201,3,799,534,25,16,1,1,1
201,4,898,558,23,17,1,1,1
201,5,936,535,25,18,1,1,1
201,6,1008,612,23,15,1,1,1
201,7,1078,621,27,18,1,1,1
201,8,1129,619,25,17,1,1,1
201,9,1164,629,28,18,1,1,1
202,1,721,567,29,18,1,1,1
202,2,806,557,24,16,1,1,1
202,3,799,533,23,16,1,1,1
202,4,896,557,24,16,1,1,1
202,5,936,535,23,17,1,1,1
202,6,1008,611,23,16,1,1,1
202,7,1078,618,27,18,1,1,1
202,8,1129,617,25,17,1,1,1
202,9,1163,628,28,18,1,1,1
203,1,723,563,28,17,1,1,1
203,2,806,553,24,16,1,1,1
203,3,800,532,25,16,1,1,1
203,4,895,554,25,16,1,1,1
203,5,936,533,24,16,1,1,1
203,6,1009,607,23,16,1,1,1
203,7,1077,614,27,18,1,1,1
203,8,1128,613,26,17,1,1,1
203,9,1161,625,28,18,1,1,1
204,1,724,561,27,17,1,1,1
204,2,806,550,22,15,1,1,1
204,3,800,531,23,16,1,1,1
204,4,899,553,20,16,1,1,1
204,5,935,532,25,17,1,1,1
204,6,1009,605,23,17,1,1,1
204,7,1077,611,27,18,1,1,1
204,8,1131,611,22,17,1,1,1
204,9,1160,624,28,18,1,1,1
205,1,725,559,28,17,1,1,1
205,2,806,548,24,15,1,1,1
205,3,801,530,24,17,1,1,1
205,4,894,551,25,16,1,1,1
205,5,935,532,25,17,1,1,1
205,6,1009,603,23,17,1,1,1
205,7,1080,609,23,18,1,1,1
205,8,1127,609,26,17,1,1,1
205,9,1159,623,28,17,1,1,1
206,1,726,555,29,17,1,1,1
206,2,806,544,24,16,1,1,1
206,3,802,529,24,17,1,1,1
206,4,894,549,24,16,1,1,1
206,5,935,530,23,17,1,1,1
206,6,1009,600,24,16,1,1,1
206,7,1076,605,27,17,1,1,1
206,8,1126,606,26,17,1,1,1
206,9,1157,620,28,17,1,1,1
207,1,727,553,22,17,1,1,1
207,2,806,542,24,16,1,1,1
207,3,802,529,22,17,1,1,1
207,4,893,547,25,16,1,1,1
207,5,935,530,24,17,1,1,1
207,6,1010,598,23,16,1,1,1
207,7,1076,603,26,17,1,1,1
207,8,1126,604,26,17,1,1,1
207,9,1157,618,27,18,1,1,1
208,1,728,551,24,16,1,1,1
208,2,806,540,24,15,1,1,1
208,3,802,529,25,16,1,1,1
208,4,897,546,20,16,1,1,1
208,5,935,529,24,17,1,1,1
208,6,1010,596,24,17,1,1,1
208,7,1075,600,27,18,1,1,1
208,8,1126,602,25,17,1,1,1
208,9,1156,617,27,17,1,1,1
209,1,730,547,28,16,1,1,1
209,2,806,535,24,16,1,1,1
209,3,803,527,23,17,1,1,1
209,4,892,543,24,16,1,1,1
209,5,935,528,24,16,1,1,1
209,6,1010,592,24,17,1,1,1
209,7,1075,596,26,18,1,1,1
209,8,1125,599,26,16,1,1,1
209,9,1154,614,27,18,1,1,1
210,1,731,544,28,17,1,1,1
210,2,809,533,20,16,1,1,1
210,3,803,527,25,16,1,1,1
210,4,895,542,21,16,1,1,1
210,5,935,527,22,16,1,1,1
210,6,1010,590,24,16,1,1,1
210,7,1074,594,27,17,1,1,1
210,8,1128,597,22,17,1,1,1
210,9,1156,613,24,17,1,1,1
211,1,733,540,28,17,1,1,1
211,3,804,525,23,17,1,1,1
211,4,891,539,24,16,1,1,1
211,5,934,525,23,17,1,1,1
211,6,1010,587,25,16,1,1,1
211,7,1077,589,23,18,1,1,1
211,8,1124,594,25,16,1,1,1
211,9,1152,610,26,18,1,1,1
212,1,734,539,27,16,1,1,1
212,3,805,525,22,16,1,1,1
212,4,891,538,24,16,1,1,1
212,5,934,525,23,16,1,1,1
212,6,1010,585,25,17,1,1,1
212,7,1073,587,26,18,1,1,1
212,8,1127,592,22,17,1,1,1
212,9,1151,609,26,17,1,1,1
213,1,735,537,27,16,1,1,1
213,3,805,524,24,17,1,1,1
213,4,890,537,24,16,1,1,1
213,5,934,524,23,16,1,1,1
213,6,1010,583,25,17,1,1,1
213,7,1073,585,26,17,1,1,1
213,8,1123,591,26,16,1,1,1
213,9,1151,608,25,17,1,1,1
214,1,737,533,27,16,1,1,1
214,3,806,523,23,16,1,1,1
214,4,893,534,20,16,1,1,1
214,5,934,523,24,16,1,1,1
214,6,1011,580,24,16,1,1,1
214,7,1072,581,26,17,1,1,1
214,8,1123,588,25,16,1,1,1
214,9,1149,605,26,17,1,1,1
215,1,737,531,28,16,1,1,1
215,2,805,519,23,14,1,1,1
215,3,806,523,23,16,1,1,1
215,4,889,533,24,16,1,1,1
215,5,934,522,24,17,1,1,1
215,6,1011,578,24,17,1,1,1
215,7,1072,579,26,17,1,1,1
215,8,1122,586,25,17,1,1,1
215,9,1149,604,25,17,1,1,1
216,1,739,527,28,16,1,1,1
216,2,808,515,20,15,1,1,1
216,3,807,521,23,17,1,1,1
216,4,889,530,23,16,1,1,1
216,5,934,521,24,16,1,1,1
216,6,1014,574,21,17,1,1,1
216,7,1071,575,26,17,1,1,1
216,8,1122,584,25,16,1,1,1
216,9,1148,601,25,16,1,1,1
217,1,740,525,23,17,1,1,1
217,2,805,513,23,15,1,1,1
217,3,807,521,23,15,1,1,1
217,4,888,529,23,16,1,1,1
217,5,934,520,23,16,1,1,1
217,6,1011,573,24,16,1,1,1
217,7,1071,573,26,17,1,1,1
217,8,1121,583,25,16,1,1,1
217,9,1147,600,25,17,1,1,1
218,1,741,523,27,15,1,1,1
218,2,807,510,20,16,1,1,1
218,3,807,520,23,16,1,1,1
218,4,890,528,21,15,1,1,1
218,5,934,519,23,17,1,1,1
218,6,1010,571,25,16,1,1,1
218,7,1071,570,25,17,1,1,1
218,8,1121,581,24,15,1,1,1
218,9,1146,598,25,17,1,1,1
219,1,743,519,27,17,1,1,1
219,2,804,507,23,15,1,1,1
219,3,808,519,23,16,1,1,1
219,4,887,525,23,16,1,1,1
219,5,934,518,23,16,1,1,1
219,6,1010,568,25,16,1,1,1
219,7,1070,566,26,17,1,1,1
219,8,1120,579,25,16,1,1,1
219,9,1145,596,25,16,1,1,1
220,1,744,518,27,16,1,1,1
220,2,804,505,23,15,1,1,1
220,3,808,519,23,16,1,1,1
220,4,887,524,23,15,1,1,1
220,5,934,517,23,17,1,1,1
220,6,1010,566,25,16,1,1,1
220,7,1070,564,25,17,1,1,1
220,8,1120,578,24,15,1,1,1
220,9,1145,594,24,17,1,1,1
221,1,746,514,27,16,1,1,1
221,2,804,501,22,15,1,1,1
221,3,809,518,22,16,1,1,1
221,4,886,521,23,16,1,1,1
221,5,934,516,23,16,1,1,1
221,6,1010,563,25,16,1,1,1
221,7,1069,560,26,17,1,1,1
221,8,1119,576,25,16,1,1,1
221,9,1145,592,23,16,1,1,1
222,1,751,512,17,16,1,1,1
222,2,804,499,22,15,1,1,1
222,3,809,517,23,16,1,1,1
222,4,886,520,22,16,1,1,1
222,5,935,515,22,16,1,1,1
222,6,1010,561,24,14,1,1,1
222,7,1069,558,25,17,1,1,1
222,8,1119,575,24,16,1,1,1
222,9,1143,591,25,17,1,1,1
223,1,747,510,26,17,1,1,1
223,2,804,497,22,14,1,1,1
223,3,809,517,23,14,1,1,1
223,4,886,519,22,15,1,1,1
223,5,936,514,21,17,1,1,1
223,6,1010,560,24,16,1,1,1
223,7,1069,557,25,16,1,1,1
223,8,1119,574,24,16,1,1,1
223,9,1143,589,24,17,1,1,1
224,1,749,507,27,16,1,1,1
224,2,805,493,20,15,1,1,1
224,3,810,515,21,17,1,1,1
224,4,885,516,22,16,1,1,1
224,5,934,513,23,16,1,1,1
224,6,1009,556,25,16,1,1,1
224,7,1068,553,25,17,1,1,1
224,8,1118,572,24,16,1,1,1
224,9,1142,587,24,16,1,1,1
225,1,750,505,27,16,1,1,1
225,2,803,491,22,16,1,1,1
225,3,810,515,22,16,1,1,1
225,4,885,515,18,15,1,1,1
225,5,933,512,24,17,1,1,1
225,6,1009,555,25,16,1,1,1
225,7,1068,551,25,16,1,1,1
225,8,1118,571,24,16,1,1,1
225,9,1141,586,25,17,1,1,1
226,1,752,502,26,16,1,1,1
226,2,803,488,22,15,1,1,1
226,3,810,514,23,15,1,1,1
226,4,884,513,22,15,1,1,1
226,5,933,511,23,16,1,1,1
226,6,1010,552,23,16,1,1,1
226,7,1067,547,25,17,1,1,1
226,8,1119,569,22,16,1,1,1
226,9,1141,583,24,17,1,1,1
227,1,753,500,26,16,1,1,1
227,2,803,486,22,14,1,1,1
227,3,810,513,23,16,1,1,1
227,4,884,511,22,15,1,1,1
227,5,933,510,23,17,1,1,1
227,6,1012,550,21,16,1,1,1
227,7,1067,545,25,17,1,1,1
227,8,1119,569,22,16,1,1,1
227,9,1140,582,24,17,1,1,1
228,1,754,497,25,16,1,1,1
228,2,803,483,21,14,1,1,1
228,3,811,512,21,16,1,1,1
228,4,884,509,17,14,1,1,1
228,5,933,509,23,16,1,1,1
228,6,1008,547,24,16,1,1,1
228,7,1066,542,25,16,1,1,1
228,8,1117,567,23,16,1,1,1
228,9,1139,580,24,17,1,1,1
229,1,755,495,26,16,1,1,1
229,2,803,481,21,15,1,1,1
229,3,811,512,22,16,1,1,1
229,4,883,508,22,15,1,1,1
229,5,933,508,23,16,1,1,1
229,6,1008,545,24,16,1,1,1
229,7,1066,540,25,16,1,1,1
229,8,1117,566,23,16,1,1,1
229,9,1139,579,24,16,1,1,1
230,1,757,491,26,17,1,1,1
230,2,803,477,18,16,1,1,1
230,3,811,511,23,15,1,1,1
230,4,883,505,21,16,1,1,1
230,5,933,506,23,16,1,1,1
230,6,1007,542,24,16,1,1,1
230,7,1066,536,24,16,1,1,1
230,8,1116,565,23,14,1,1,1
230,9,1138,577,24,16,1,1,1
231,1,758,490,25,16,1,1,1
231,2,803,476,20,14,1,1,1
231,3,811,510,23,16,1,1,1
231,4,883,504,21,16,1,1,1
231,5,933,505,23,16,1,1,1
231,6,1007,541,24,16,1,1,1
231,7,1065,534,25,17,1,1,1
231,8,1116,564,23,16,1,1,1
231,9,1138,575,24,17,1,1,1
232,1,759,486,26,17,1,1,1
232,2,803,472,21,15,1,1,1
232,3,813,509,20,16,1,1,1
232,4,882,502,22,15,1,1,1
232,5,933,503,23,16,1,1,1
232,6,1007,538,23,16,1,1,1
232,7,1065,531,24,16,1,1,1
232,8,1116,562,23,16,1,1,1
232,9,1137,573,24,17,1,1,1
233,1,760,485,25,16,1,1,1
233,2,803,471,21,15,1,1,1
233,3,812,509,22,15,1,1,1
233,4,882,501,22,15,1,1,1
233,5,933,502,23,16,1,1,1
233,6,1006,537,24,15,1,1,1
233,7,1064,529,25,17,1,1,1
233,8,1116,562,22,14,1,1,1
233,9,1137,572,24,16,1,1,1
234,1,763,482,24,16,1,1,1
234,2,802,468,22,15,1,1,1
234,3,812,507,23,15,1,1,1
234,4,882,498,21,16,1,1,1
234,5,933,500,23,16,1,1,1
234,6,1006,534,21,15,1,1,1
234,7,1064,526,24,16,1,1,1
234,8,1116,560,22,16,1,1,1
234,9,1136,570,24,16,1,1,1
235,1,762,480,22,16,1,1,1
235,2,802,466,20,15,1,1,1
235,3,813,506,22,15,1,1,1
235,4,882,497,21,15,1,1,1
235,5,933,499,23,16,1,1,1
235,6,1005,532,24,16,1,1,1
235,7,1066,524,22,16,1,1,1
235,8,1115,559,23,16,1,1,1
235,9,1136,569,24,16,1,1,1
236,1,763,479,25,16,1,1,1
236,2,802,465,23,15,1,1,1
236,3,813,506,21,15,1,1,1
236,4,882,496,19,15,1,1,1
236,5,933,498,23,15,1,1,1
236,6,1005,531,24,15,1,1,1
236,7,1063,522,25,17,1,1,1
236,8,1115,559,23,16,1,1,1
236,9,1135,568,24,16,1,1,1
237,1,764,476,25,16,1,1,1
237,2,802,462,23,15,1,1,1
237,3,813,504,22,15,1,1,1
237,4,881,494,22,15,1,1,1
237,5,933,495,22,15,1,1,1
237,6,1004,528,24,15,1,1,1
237,7,1063,519,24,16,1,1,1
237,8,1115,557,22,16,1,1,1
237,9,1135,566,24,16,1,1,1
238,1,765,474,25,17,1,1,1
238,2,802,460,23,15,1,1,1
238,3,814,503,22,15,1,1,1
238,4,881,492,22,16,1,1,1
238,5,933,494,22,16,1,1,1
238,6,1004,527,22,15,1,1,1
238,7,1063,517,24,17,1,1,1
238,8,1118,557,18,15,1,1,1
238,9,1135,565,23,16,1,1,1
239,1,767,471,24,17,1,1,1
239,2,802,457,20,16,1,1,1
239,3,814,501,22,15,1,1,1
239,4,881,490,22,16,1,1,1
239,5,933,492,22,15,1,1,1
239,6,1004,524,23,15,1,1,1
239,7,1062,514,24,15,1,1,1
239,8,1114,555,23,16,1,1,1
239,9,1134,563,24,16,1,1,1
240,1,768,468,23,17,1,1,1
240,2,802,454,19,16,1,1,1
240,3,814,498,23,16,1,1,1
240,4,881,488,22,14,1,1,1
240,5,933,489,22,16,1,1,1
240,6,1003,521,23,15,1,1,1
240,7,1062,511,24,16,1,1,1
240,8,1114,554,23,15,1,1,1
240,9,1133,561,24,16,1,1,1
241,1,769,467,23,17,1,1,1
241,2,802,453,22,16,1,1,1
241,3,814,497,21,16,1,1,1
241,4,881,487,22,15,1,1,1
241,5,933,488,22,16,1,1,1
241,6,1003,520,23,15,1,1,1
241,7,1061,509,24,17,1,1,1
241,8,1114,553,22,15,1,1,1
241,9,1133,560,24,16,1,1,1
242,1,770,464,23,16,1,1,1
242,2,802,450,24,15,1,1,1
242,3,815,495,23,16,1,1,1
242,4,882,484,21,16,1,1,1
242,5,933,485,22,16,1,1,1
242,6,1002,517,23,15,1,1,1
242,7,1061,506,24,16,1,1,1
242,8,1114,552,21,16,1,1,1
242,9,1132,558,24,16,1,1,1
243,1,770,463,23,15,1,1,1
243,2,806,449,20,15,1,1,1
243,3,815,494,21,15,1,1,1
243,4,883,483,20,16,1,1,1
243,5,933,484,22,16,1,1,1
243,6,1004,515,17,16,1,1,1
243,7,1061,505,23,16,1,1,1
243,8,1114,552,22,15,1,1,1
243,9,1132,557,24,14,1,1,1
244,1,771,460,22,17,1,1,1
244,2,803,446,22,16,1,1,1
244,3,815,491,24,14,1,1,1
244,4,880,481,23,15,1,1,1
244,5,933,481,23,16,1,1,1
244,6,1001,513,23,15,1,1,1
244,7,1060,501,24,17,1,1,1
244,8,1115,550,21,16,1,1,1
244,9,1132,555,23,16,1,1,1
245,1,771,459,23,16,1,1,1
245,2,803,445,23,15,1,1,1
245,3,815,490,20,16,1,1,1
245,4,880,480,23,15,1,1,1
245,5,933,480,23,16,1,1,1
245,6,1001,511,19,16,1,1,1
245,7,1060,500,24,16,1,1,1
245,8,1114,550,22,15,1,1,1
245,9,1131,554,24,16,1,1,1
246,1,772,457,23,17,1,1,1
246,2,803,442,24,15,1,1,1
246,3,816,487,24,15,1,1,1
246,4,880,478,23,15,1,1,1
246,5,933,477,23,16,1,1,1
246,6,1000,509,23,15,1,1,1
246,7,1060,497,23,16,1,1,1
246,8,1113,548,23,16,1,1,1
246,9,1131,552,24,16,1,1,1
247,1,772,456,23,16,1,1,1
247,2,804,441,23,15,1,1,1
247,3,816,486,24,16,1,1,1
247,4,882,476,21,16,1,1,1
247,5,933,476,23,16,1,1,1
247,6,1000,507,22,16,1,1,1
247,7,1059,495,24,17,1,1,1
247,8,1116,548,20,15,1,1,1
247,9,1130,551,24,16,1,1,1
248,1,773,453,23,16,1,1,1
248,2,804,438,21,15,1,1,1
248,3,819,483,22,16,1,1,1
248,4,883,474,20,15,1,1,1
248,5,933,473,23,16,1,1,1
248,6,1001,505,21,15,1,1,1
248,7,1059,492,23,16,1,1,1
248,8,1113,547,23,15,1,1,1
248,9,1130,549,24,16,1,1,1
249,1,773,452,23,16,1,1,1
249,2,804,437,24,15,1,1,1
249,3,817,482,19,16,1,1,1
249,4,883,473,20,15,1,1,1
249,5,933,472,23,16,1,1,1
249,6,999,504,22,15,1,1,1
249,7,1061,491,21,16,1,1,1
249,8,1113,546,21,16,1,1,1
249,9,1130,548,23,16,1,1,1
250,1,773,451,24,16,1,1,1
250,2,807,436,16,15,1,1,1
250,3,817,480,25,16,1,1,1
250,4,881,472,22,15,1,1,1
250,5,933,471,23,15,1,1,1
250,6,999,502,22,14,1,1,1
250,7,1059,490,23,16,1,1,1
250,8,1113,545,22,16,1,1,1
250,9,1129,547,24,16,1,1,1
251,1,774,449,23,16,1,1,1
251,2,805,433,22,15,1,1,1
251,3,818,477,25,16,1,1,1
251,4,881,470,18,15,1,1,1
251,5,933,468,21,16,1,1,1
251,6,1000,499,20,16,1,1,1
251,7,1058,487,23,16,1,1,1
251,8,1113,544,22,15,1,1,1
251,9,1129,545,23,16,1,1,1
252,1,777,446,21,17,1,1,1
252,2,806,431,18,15,1,1,1
252,3,819,473,20,16,1,1,1
252,4,881,468,23,15,1,1,1
252,5,933,466,23,15,1,1,1
252,6,998,497,22,15,1,1,1
252,7,1059,484,22,16,1,1,1
252,8,1113,542,21,14,1,1,1
252,9,1128,543,24,16,1,1,1
253,1,774,445,24,16,1,1,1
253,2,806,429,23,16,1,1,1
253,3,820,472,24,16,1,1,1
253,4,882,467,22,15,1,1,1
253,5,933,464,23,16,1,1,1
253,6,998,495,21,15,1,1,1
253,7,1059,482,21,17,1,1,1
253,8,1113,541,21,14,1,1,1
253,9,1128,542,22,16,1,1,1
254,1,774,443,24,17,1,1,1
254,2,807,427,23,15,1,1,1
254,3,821,468,24,16,1,1,1
254,4,882,465,20,15,1,1,1
254,5,934,462,23,15,1,1,1
254,6,998,492,21,16,1,1,1
254,7,1057,480,23,15,1,1,1
254,8,1113,539,22,16,1,1,1
254,9,1127,541,24,15,1,1,1
255,1,774,442,25,17,1,1,1
255,2,807,426,23,15,1,1,1
255,3,821,466,21,15,1,1,1
255,4,882,464,22,13,1,1,1
255,5,934,460,23,16,1,1,1
255,6,998,491,21,15,1,1,1
255,7,1057,478,23,16,1,1,1
255,8,1113,538,22,14,1,1,1
255,9,1127,540,23,15,1,1,1
256,1,775,440,24,16,1,1,1
256,2,808,423,21,16,1,1,1
256,3,823,463,23,16,1,1,1
256,4,882,461,23,16,1,1,1
256,5,934,458,23,15,1,1,1
256,6,997,488,21,15,1,1,1
256,7,1057,476,22,16,1,1,1
256,8,1113,536,22,15,1,1,1
256,9,1126,538,24,16,1,1,1
257,1,775,439,24,16,1,1,1
257,2,809,422,23,15,1,1,1
257,3,823,461,22,16,1,1,1
257,4,883,460,22,15,1,1,1
257,5,934,456,23,16,1,1,1
257,6,997,487,21,15,1,1,1
257,7,1056,474,23,16,1,1,1
257,8,1113,535,22,15,1,1,1
257,9,1129,537,21,16,1,1,1
258,1,775,437,24,16,1,1,1
258,2,809,420,23,15,1,1,1
258,3,826,458,21,15,1,1,1
258,4,883,459,22,13,1,1,1
258,5,934,454,20,14,1,1,1
258,6,997,484,21,15,1,1,1
258,7,1056,472,23,16,1,1,1
258,8,1113,532,21,14,1,1,1
258,9,1125,535,24,16,1,1,1
259,1,775,436,24,16,1,1,1
259,2,810,419,23,15,1,1,1
259,3,825,456,23,15,1,1,1
259,4,883,457,22,15,1,1,1
259,5,935,453,18,15,1,1,1
259,6,997,482,21,15,1,1,1
259,7,1056,471,23,15,1,1,1
259,8,1113,531,21,15,1,1,1
259,9,1128,534,21,16,1,1,1
260,1,775,434,24,16,1,1,1
260,2,811,416,23,16,1,1,1
260,3,826,452,23,16,1,1,1
260,4,884,455,22,15,1,1,1
260,5,935,450,23,16,1,1,1
260,6,996,479,21,16,1,1,1
260,7,1055,469,23,16,1,1,1
260,8,1113,528,21,16,1,1,1
260,9,1124,533,24,15,1,1,1
261,1,775,434,24,15,1,1,1
261,2,811,415,23,15,1,1,1
261,3,827,450,23,16,1,1,1
261,4,884,454,22,15,1,1,1
261,5,935,449,23,16,1,1,1
261,6,996,478,20,14,1,1,1
261,7,1057,468,21,15,1,1,1
261,8,1112,527,22,15,1,1,1
261,9,1124,532,23,15,1,1,1
262,1,776,432,23,15,1,1,1
262,2,812,413,18,15,1,1,1
262,3,828,447,23,15,1,1,1
262,4,885,452,21,15,1,1,1
262,5,935,447,23,15,1,1,1
262,6,996,475,21,15,1,1,1
262,7,1057,465,20,17,1,1,1
262,8,1112,524,22,15,1,1,1
262,9,1123,530,24,15,1,1,1
263,1,777,431,22,16,1,1,1
263,2,813,412,18,15,1,1,1
263,3,829,445,22,16,1,1,1
263,4,885,451,21,15,1,1,1
263,5,935,445,23,16,1,1,1
263,6,996,473,21,15,1,1,1
263,7,1054,464,23,16,1,1,1
263,8,1112,523,22,14,1,1,1
263,9,1123,529,24,15,1,1,1
264,1,775,429,23,16,1,1,1
264,2,815,410,18,15,1,1,1
264,3,830,441,23,16,1,1,1
264,4,885,449,21,15,1,1,1
264,5,936,443,22,15,1,1,1
264,6,996,470,21,15,1,1,1
264,7,1056,462,21,16,1,1,1
264,8,1112,520,20,15,1,1,1
264,9,1122,527,24,15,1,1,1
265,1,778,428,20,16,1,1,1
265,2,814,409,23,15,1,1,1
265,3,831,440,22,15,1,1,1
265,4,886,448,20,15,1,1,1
265,5,936,442,23,15,1,1,1
265,6,996,469,19,15,1,1,1
265,7,1056,461,21,16,1,1,1
265,8,1111,518,23,15,1,1,1
265,9,1122,526,23,15,1,1,1
266,1,774,426,24,16,1,1,1
266,2,815,406,23,15,1,1,1
266,3,835,436,16,15,1,1,1
266,4,886,447,22,14,1,1,1
266,5,936,439,23,16,1,1,1
266,6,995,466,20,14,1,1,1
266,7,1053,459,23,16,1,1,1
266,8,1113,515,21,15,1,1,1
266,9,1121,523,24,16,1,1,1
267,1,774,425,21,16,1,1,1
267,2,816,405,22,15,1,1,1
267,3,833,434,23,15,1,1,1
267,4,887,445,21,15,1,1,1
267,5,938,438,21,15,1,1,1
267,6,995,464,19,15,1,1,1
267,7,1053,458,23,16,1,1,1
267,8,1111,512,23,15,1,1,1
267,9,1121,522,23,14,1,1,1
268,1,774,424,23,16,1,1,1
268,2,817,403,19,15,1,1,1
268,3,835,430,22,16,1,1,1
268,4,887,444,21,14,1,1,1
268,5,937,436,23,15,1,1,1
268,6,995,461,17,14,1,1,1
268,7,1052,456,24,17,1,1,1
268,8,1110,509,24,16,1,1,1
268,9,1120,520,24,15,1,1,1
269,1,774,423,23,16,1,1,1
269,2,817,402,23,15,1,1,1
269,3,835,429,23,15,1,1,1
269,4,887,443,21,14,1,1,1
269,5,937,435,23,15,1,1,1
269,6,995,460,21,15,1,1,1
269,7,1052,455,23,16,1,1,1
269,8,1110,508,24,15,1,1,1
269,9,1123,518,20,16,1,1,1
270,1,773,421,21,16,1,1,1
270,2,818,399,23,16,1,1,1
270,3,837,425,23,15,1,1,1
270,4,888,441,20,14,1,1,1
270,5,938,432,21,15,1,1,1
270,6,995,457,21,15,1,1,1
270,7,1052,454,23,15,1,1,1
270,8,1109,504,24,15,1,1,1
270,9,1119,516,23,15,1,1,1
271,1,773,420,23,16,1,1,1
271,2,819,398,22,15,1,1,1
271,3,838,423,23,16,1,1,1
271,4,888,440,21,13,1,1,1
271,5,938,431,22,15,1,1,1
271,6,995,455,21,15,1,1,1
271,7,1051,453,23,16,1,1,1
271,8,1109,502,24,14,1,1,1
271,9,1122,515,20,15,1,1,1
272,1,776,419,20,15,1,1,1
272,2,820,396,19,15,1,1,1
272,3,839,420,22,15,1,1,1
272,4,889,438,21,15,1,1,1
272,5,939,429,22,15,1,1,1
272,6,995,452,21,15,1,1,1
272,7,1051,451,23,16,1,1,1
272,8,1108,498,24,14,1,1,1
272,9,1118,512,23,15,1,1,1
273,1,772,418,23,15,1,1,1
273,2,821,395,22,15,1,1,1
273,3,840,418,19,15,1,1,1
273,4,889,437,20,14,1,1,1
273,5,939,428,22,15,1,1,1
273,6,995,451,21,15,1,1,1
273,7,1051,450,23,16,1,1,1
273,8,1108,496,24,15,1,1,1
273,9,1118,510,21,16,1,1,1
274,1,772,416,23,16,1,1,1
274,2,822,393,22,15,1,1,1
274,3,845,415,20,15,1,1,1
274,4,890,435,20,14,1,1,1
274,5,939,425,22,16,1,1,1
274,6,995,448,19,15,1,1,1
274,7,1053,448,20,16,1,1,1
274,8,1110,492,21,16,1,1,1
274,9,1117,508,23,15,1,1,1
275,1,771,414,23,16,1,1,1
275,2,823,390,22,15,1,1,1
275,3,843,411,18,16,1,1,1
275,4,890,433,21,15,1,1,1
275,5,940,423,22,15,1,1,1
275,6,995,445,19,15,1,1,1
275,7,1052,447,21,16,1,1,1
275,8,1110,489,21,14,1,1,1
275,9,1116,505,23,14,1,1,1
276,1,771,414,23,15,1,1,1
276,2,823,389,22,15,1,1,1
276,3,847,410,20,15,1,1,1
276,4,890,432,21,15,1,1,1
276,5,940,422,22,15,1,1,1
276,6,995,444,20,15,1,1,1
276,7,1049,446,23,16,1,1,1
276,8,1106,487,24,14,1,1,1
276,9,1116,504,23,15,1,1,1
277,1,771,413,22,15,1,1,1
277,2,824,388,22,15,1,1,1
277,3,845,408,19,15,1,1,1
277,4,891,431,20,14,1,1,1
277,5,943,421,17,15,1,1,1
277,6,995,442,20,15,1,1,1
277,7,1049,445,23,16,1,1,1
277,8,1106,485,24,15,1,1,1
277,9,1115,502,21,16,1,1,1
278,1,770,411,23,16,1,1,1
278,2,825,386,22,15,1,1,1
278,3,846,405,24,15,1,1,1
278,4,891,429,21,15,1,1,1
278,5,941,419,22,15,1,1,1
278,6,995,439,20,15,1,1,1
278,7,1048,443,24,16,1,1,1
278,8,1105,481,24,16,1,1,1
278,9,1115,500,23,15,1,1,1
279,1,770,410,23,16,1,1,1
279,2,828,385,19,15,1,1,1
279,3,847,403,24,15,1,1,1
279,4,892,428,20,15,1,1,1
279,5,941,418,22,15,1,1,1
279,6,996,438,18,15,1,1,1
279,7,1048,442,23,16,1,1,1
279,8,1108,480,21,15,1,1,1
279,9,1114,498,23,14,1,1,1
280,1,769,409,23,15,1,1,1
280,2,827,383,20,14,1,1,1
280,3,852,400,20,15,1,1,1
280,4,892,426,19,14,1,1,1
280,5,943,415,20,16,1,1,1
280,6,995,435,19,15,1,1,1
280,7,1048,441,23,16,1,1,1
280,8,1104,476,24,15,1,1,1
280,9,1114,495,21,15,1,1,1
281,1,771,407,20,15,1,1,1
281,2,828,380,18,15,1,1,1
281,3,850,397,24,15,1,1,1
281,4,893,424,20,15,1,1,1
281,5,942,413,22,15,1,1,1
281,6,997,432,18,15,1,1,1
281,7,1047,439,23,16,1,1,1
281,8,1103,473,24,15,1,1,1
281,9,1113,492,23,16,1,1,1
282,1,771,406,20,16,1,1,1
282,2,828,379,17,15,1,1,1
282,3,851,395,24,15,1,1,1
282,4,893,424,20,14,1,1,1
282,5,942,412,20,15,1,1,1
282,6,995,431,19,14,1,1,1
282,7,1047,438,23,16,1,1,1
282,8,1103,471,23,14,1,1,1
282,9,1113,491,22,14,1,1,1
283,1,768,404,22,16,1,1,1
283,2,829,377,19,14,1,1,1
283,3,853,392,23,15,1,1,1
283,4,893,422,19,15,1,1,1
283,5,943,410,21,15,1,1,1
283,6,995,428,19,15,1,1,1
283,7,1049,437,20,15,1,1,1
283,8,1104,468,21,15,1,1,1
283,9,1112,488,21,15,1,1,1
284,1,768,404,22,15,1,1,1
284,2,831,376,20,15,1,1,1
284,3,854,390,23,16,1,1,1
284,4,896,421,17,15,1,1,1
284,5,943,409,22,15,1,1,1
284,6,995,427,20,14,1,1,1
284,7,1046,436,20,15,1,1,1
284,8,1101,466,24,15,1,1,1
284,9,1112,487,22,15,1,1,1
285,1,767,402,22,15,1,1,1
285,2,834,374,18,15,1,1,1
285,3,855,387,24,16,1,1,1
285,4,894,419,20,14,1,1,1
285,5,947,407,18,15,1,1,1
285,6,995,424,20,14,1,1,1
285,7,1045,434,23,16,1,1,1
285,8,1100,463,24,15,1,1,1
285,9,1111,484,22,15,1,1,1
286,1,767,401,22,14,1,1,1
286,2,831,373,20,14,1,1,1
286,3,856,386,24,15,1,1,1
286,4,894,418,20,14,1,1,1
286,5,944,406,19,15,1,1,1
286,6,995,423,20,14,1,1,1
286,7,1045,434,23,15,1,1,1
286,8,1104,461,19,15,1,1,1
286,9,1111,483,22,15,1,1,1
287,1,766,400,22,15,1,1,1
287,2,832,370,21,15,1,1,1
287,3,858,383,23,15,1,1,1
287,4,894,416,16,15,1,1,1
287,5,945,404,21,14,1,1,1
287,6,995,420,20,14,1,1,1
287,7,1044,432,23,16,1,1,1
287,8,1099,458,23,15,1,1,1
287,9,1110,480,22,15,1,1,1
288,1,766,398,21,15,1,1,1
288,2,833,368,21,15,1,1,1
288,3,860,380,22,15,1,1,1
288,4,895,415,19,14,1,1,1
288,5,945,402,21,15,1,1,1
288,6,995,417,17,14,1,1,1
288,7,1043,430,23,16,1,1,1
288,8,1098,455,23,15,1,1,1
288,9,1109,477,22,15,1,1,1
289,1,767,397,20,16,1,1,1
289,2,833,367,19,14,1,1,1
289,3,861,378,23,16,1,1,1
289,4,896,414,18,14,1,1,1
289,5,945,401,21,15,1,1,1
289,6,995,416,20,14,1,1,1
289,7,1043,430,23,15,1,1,1
289,8,1102,453,14,15,1,1,1
289,9,1109,476,22,15,1,1,1
290,1,765,395,21,16,1,1,1
290,2,834,365,21,14,1,1,1
290,3,862,375,19,16,1,1,1
290,4,895,412,20,14,1,1,1
290,5,946,399,21,15,1,1,1
290,6,998,413,15,14,1,1,1
290,7,1042,428,23,16,1,1,1
290,8,1099,450,20,15,1,1,1
290,9,1108,473,22,15,1,1,1
291,1,765,395,21,15,1,1,1
291,2,836,364,19,15,1,1,1
291,3,863,374,22,16,1,1,1
291,4,896,411,19,15,1,1,1
291,5,946,398,21,15,1,1,1
291,6,995,412,20,14,1,1,1
291,7,1042,427,23,16,1,1,1
291,8,1095,448,24,15,1,1,1
291,9,1108,472,22,15,1,1,1
292,1,764,393,21,15,1,1,1
292,2,836,362,20,14,1,1,1
292,3,864,371,24,15,1,1,1
292,4,896,409,19,14,1,1,1
292,5,947,395,19,15,1,1,1
292,6,995,409,20,14,1,1,1
292,7,1046,426,18,15,1,1,1
292,8,1099,445,18,15,1,1,1
292,9,1107,469,22,15,1,1,1
293,1,764,392,21,16,1,1,1
293,2,836,361,17,15,1,1,1
293,3,865,369,24,16,1,1,1
293,4,896,408,19,15,1,1,1
293,5,947,395,20,14,1,1,1
293,6,995,408,20,14,1,1,1
293,7,1041,425,23,15,1,1,1
293,8,1093,444,24,15,1,1,1
293,9,1107,468,22,15,1,1,1
294,1,764,390,21,15,1,1,1
294,2,837,358,20,14,1,1,1
294,3,867,366,21,15,1,1,1
294,4,899,406,16,14,1,1,1
294,5,947,392,21,16,1,1,1
294,6,995,405,20,14,1,1,1
294,7,1040,424,23,14,1,1,1
294,8,1092,441,23,15,1,1,1
294,9,1107,465,21,15,1,1,1
295,1,764,390,20,15,1,1,1
295,2,837,357,20,15,1,1,1
295,3,872,364,19,16,1,1,1
295,4,897,405,18,14,1,1,1
295,5,948,392,19,15,1,1,1
295,6,995,404,20,14,1,1,1
295,7,1040,423,20,15,1,1,1
295,8,1096,439,19,15,1,1,1
295,9,1106,464,22,14,1,1,1
296,1,763,388,21,15,1,1,1
296,2,838,355,20,14,1,1,1
296,3,869,361,18,14,1,1,1
296,4,896,403,20,14,1,1,1
296,5,948,390,20,14,1,1,1
296,6,996,401,19,15,1,1,1
296,7,1039,421,23,16,1,1,1
296,8,1095,436,19,15,1,1,1
296,9,1106,461,21,15,1,1,1
297,1,763,387,21,16,1,1,1
297,2,839,354,19,15,1,1,1
297,3,870,359,23,14,1,1,1
297,4,896,402,20,14,1,1,1
297,5,948,388,20,15,1,1,1
297,6,995,400,20,15,1,1,1
297,7,1039,421,22,15,1,1,1
297,8,1095,435,18,14,1,1,1
297,9,1105,460,22,14,1,1,1
298,1,763,385,21,15,1,1,1
298,2,839,352,16,13,1,1,1
298,3,871,356,23,15,1,1,1
298,4,897,399,19,13,1,1,1
298,5,948,387,21,15,1,1,1
298,6,995,397,20,15,1,1,1
298,7,1038,419,23,15,1,1,1
298,8,1089,432,23,13,1,1,1
298,9,1106,457,19,15,1,1,1
299,1,763,384,20,15,1,1,1
299,2,839,349,20,15,1,1,1
299,3,873,352,22,16,1,1,1
299,4,897,397,19,13,1,1,1
299,5,949,385,20,14,1,1,1
299,6,995,394,20,15,1,1,1
299,7,1040,418,20,14,1,1,1
299,8,1087,429,23,14,1,1,1
299,9,1104,454,22,14,1,1,1
300,1,763,383,19,14,1,1,1
300,2,839,348,20,14,1,1,1
300,3,874,351,21,15,1,1,1
300,4,898,396,18,14,1,1,1
300,5,949,384,20,14,1,1,1
300,6,995,393,20,15,1,1,1
300,7,1037,417,21,15,1,1,1
300,8,1091,427,19,15,1,1,1
300,9,1104,453,21,15,1,1,1
301,1,762,381,21,15,1,1,1
301,2,843,346,16,15,1,1,1
301,3,875,347,21,15,1,1,1
301,4,897,393,20,15,1,1,1
301,5,949,382,20,15,1,1,1
301,6,995,391,20,15,1,1,1
301,7,1037,416,22,15,1,1,1
301,8,1091,424,18,15,1,1,1
301,9,1105,451,20,14,1,1,1
302,1,762,381,21,14,1,1,1
302,2,841,344,18,14,1,1,1
302,3,875,346,22,14,1,1,1
302,4,898,392,19,15,1,1,1
302,5,949,381,20,15,1,1,1
302,6,995,389,20,15,1,1,1
302,7,1036,415,21,15,1,1,1
302,8,1085,423,23,15,1,1,1
302,9,1103,449,21,15,1,1,1
303,1,762,379,20,15,1,1,1
303,2,840,342,20,14,1,1,1
303,3,877,342,20,15,1,1,1
303,4,897,390,20,15,1,1,1
303,5,950,379,20,14,1,1,1
303,6,995,387,20,15,1,1,1
303,7,1036,413,22,16,1,1,1
303,8,1084,420,23,15,1,1,1
303,9,1105,447,19,14,1,1,1
304,1,762,378,19,15,1,1,1
304,2,840,341,20,15,1,1,1
304,3,877,340,20,16,1,1,1
304,4,897,388,20,14,1,1,1
304,5,950,378,20,14,1,1,1
304,6,995,386,20,15,1,1,1
304,7,1035,413,22,15,1,1,1
304,8,1083,418,23,15,1,1,1
304,9,1104,445,20,15,1,1,1
305,1,761,377,19,14,1,1,1
305,2,840,338,21,16,1,1,1
305,3,878,336,20,17,1,1,1
305,4,897,386,21,15,1,1,1
305,5,950,376,20,14,1,1,1
305,6,998,383,17,15,1,1,1
305,7,1035,411,21,15,1,1,1
305,8,1087,415,17,15,1,1,1
305,9,1102,443,21,15,1,1,1
306,1,761,376,21,14,1,1,1
306,2,841,336,20,17,1,1,1
306,3,879,334,19,15,1,1,1
306,4,897,385,21,15,1,1,1
306,5,950,375,19,15,1,1,1
306,6,995,382,20,15,1,1,1
306,7,1034,411,22,14,1,1,1
306,8,1081,414,23,15,1,1,1
306,9,1104,442,19,14,1,1,1
307,1,761,374,18,15,1,1,1
307,2,840,334,21,16,1,1,1
307,3,878,330,21,16,1,1,1
307,4,897,382,17,14,1,1,1
307,5,950,373,20,15,1,1,1
307,6,995,379,20,15,1,1,1
307,7,1036,409,19,15,1,1,1
307,8,1080,411,23,15,1,1,1
307,9,1103,439,19,15,1,1,1
308,1,761,373,21,15,1,1,1
308,2,843,333,18,15,1,1,1
308,3,878,328,22,17,1,1,1
308,4,897,381,21,15,1,1,1
308,5,951,372,19,15,1,1,1
308,6,995,378,20,15,1,1,1
308,7,1033,408,22,15,1,1,1
308,8,1080,410,22,15,1,1,1
308,9,1101,438,21,15,1,1,1
309,1,761,373,21,14,1,1,1
309,2,841,330,20,15,1,1,1
309,3,878,327,22,16,1,1,1
309,4,897,378,21,15,1,1,1
309,5,951,371,20,15,1,1,1
309,6,997,377,18,15,1,1,1
309,7,1033,408,22,15,1,1,1
309,8,1083,408,18,15,1,1,1
309,9,1101,437,21,13,1,1,1
310,1,761,371,21,15,1,1,1
310,2,840,328,18,17,1,1,1
310,3,878,323,20,16,1,1,1
310,4,897,376,22,15,1,1,1
310,5,951,369,20,14,1,1,1
310,6,996,375,19,14,1,1,1
310,7,1032,406,22,15,1,1,1
310,8,1078,406,22,15,1,1,1
310,9,1101,434,20,15,1,1,1
311,1,761,369,21,15,1,1,1
311,2,840,326,21,15,1,1,1
311,3,878,319,23,16,1,1,1
311,4,897,373,22,15,1,1,1
311,5,951,367,20,14,1,1,1
311,6,999,372,16,14,1,1,1
311,7,1034,405,19,15,1,1,1
311,8,1081,403,18,15,1,1,1
311,9,1100,432,21,14,1,1,1
312,1,761,369,21,15,1,1,1
312,2,842,323,19,17,1,1,1
312,3,878,317,23,16,1,1,1
312,4,897,371,22,16,1,1,1
312,5,951,366,19,14,1,1,1
312,6,995,371,20,14,1,1,1
312,7,1031,404,22,15,1,1,1
312,8,1076,401,21,15,1,1,1
312,9,1100,431,21,14,1,1,1
313,1,761,367,19,15,1,1,1
313,2,842,320,19,17,1,1,1
313,3,878,313,23,16,1,1,1
313,4,897,368,22,16,1,1,1
313,5,951,363,20,15,1,1,1
313,6,995,368,20,15,1,1,1
313,7,1031,403,21,15,1,1,1
313,8,1079,399,18,14,1,1,1
313,9,1101,428,19,14,1,1,1
314,1,761,366,20,15,1,1,1
314,2,842,317,18,15,1,1,1
314,3,878,308,23,17,1,1,1
314,4,897,365,22,16,1,1,1
314,5,950,361,20,15,1,1,1
314,6,996,366,19,15,1,1,1
314,7,1030,401,20,16,1,1,1
314,8,1075,396,21,15,1,1,1
314,9,1099,426,17,14,1,1,1
315,1,761,365,20,15,1,1,1
315,2,840,316,20,16,1,1,1
315,3,878,306,23,15,1,1,1
315,4,898,364,21,15,1,1,1
315,5,950,359,21,16,1,1,1
315,6,995,365,20,14,1,1,1
315,7,1030,401,21,14,1,1,1
315,8,1077,394,17,15,1,1,1
315,9,1099,425,20,14,1,1,1
316,1,761,364,19,15,1,1,1
316,2,843,314,16,16,1,1,1
316,3,878,304,21,16,1,1,1
316,4,898,362,21,16,1,1,1
316,5,950,358,21,15,1,1,1
316,6,994,363,20,14,1,1,1
316,7,1032,400,15,14,1,1,1
316,8,1074,393,21,14,1,1,1
316,9,1100,423,19,14,1,1,1
317,1,761,363,20,14,1,1,1
317,2,841,311,18,16,1,1,1
317,3,878,300,22,16,1,1,1
317,4,898,359,20,15,1,1,1
317,5,950,356,22,16,1,1,1
317,6,994,360,20,15,1,1,1
317,7,1029,399,21,14,1,1,1
317,8,1072,390,21,15,1,1,1
317,9,1098,421,21,15,1,1,1
318,1,761,362,20,15,1,1,1
318,2,840,309,17,15,1,1,1
318,3,878,298,22,16,1,1,1
318,4,901,358,16,13,1,1,1
318,5,950,354,22,17,1,1,1
318,6,994,359,20,14,1,1,1
318,7,1031,398,18,14,1,1,1
318,8,1075,389,18,15,1,1,1
318,9,1098,420,20,14,1,1,1
319,1,761,361,19,14,1,1,1
319,2,840,307,17,16,1,1,1
319,3,878,294,21,17,1,1,1
319,4,899,354,19,15,1,1,1
319,5,955,352,17,14,1,1,1
319,6,994,356,20,13,1,1,1
319,7,1028,396,21,15,1,1,1
319,8,1070,386,22,15,1,1,1
319,9,1098,418,20,14,1,1,1
320,1,761,360,19,14,1,1,1
320,2,840,306,17,16,1,1,1
320,3,878,293,18,16,1,1,1
320,4,900,352,18,13,1,1,1
320,5,950,350,22,17,1,1,1
320,6,994,355,20,14,1,1,1
320,7,1030,396,18,14,1,1,1
320,8,1074,385,17,13,1,1,1
320,9,1097,416,21,15,1,1,1
321,1,761,358,21,15,1,1,1
321,2,839,303,17,16,1,1,1
321,3,878,289,19,16,1,1,1
321,4,900,349,16,13,1,1,1
321,5,950,348,22,17,1,1,1
321,6,994,352,21,13,1,1,1
321,7,1027,394,21,15,1,1,1
321,8,1069,382,21,14,1,1,1
321,9,1097,414,21,15,1,1,1
322,1,761,357,21,15,1,1,1
322,2,838,302,18,16,1,1,1
322,3,879,287,18,16,1,1,1
322,4,900,347,18,15,1,1,1
322,5,950,346,22,17,1,1,1
322,6,994,350,20,15,1,1,1
322,7,1029,394,18,14,1,1,1
322,8,1069,381,20,15,1,1,1
322,9,1101,413,16,14,1,1,1
323,1,761,355,21,15,1,1,1
323,2,837,300,20,16,1,1,1
323,3,878,284,17,15,1,1,1
323,4,900,344,18,14,1,1,1
323,5,950,343,22,17,1,1,1
323,6,993,348,22,14,1,1,1
323,7,1026,393,21,14,1,1,1
323,8,1068,378,21,14,1,1,1
323,9,1098,411,19,15,1,1,1
324,1,762,353,20,15,1,1,1
324,2,836,299,21,15,1,1,1
324,3,876,280,21,16,1,1,1
324,4,899,340,20,15,1,1,1
324,5,950,340,22,17,1,1,1
324,6,993,344,22,15,1,1,1
324,7,1026,391,19,15,1,1,1
324,8,1069,375,19,14,1,1,1
324,9,1096,409,20,14,1,1,1
325,1,762,352,18,15,1,1,1
325,2,836,297,21,16,1,1,1
325,3,876,279,20,15,1,1,1
325,4,899,339,17,14,1,1,1
325,5,950,340,21,16,1,1,1
325,6,993,343,22,16,1,1,1
325,7,1026,391,20,14,1,1,1
325,8,1069,374,18,15,1,1,1
325,9,1096,407,19,15,1,1,1
326,1,762,351,19,15,1,1,1
326,2,835,297,22,15,1,1,1
326,3,875,277,19,16,1,1,1
326,4,899,337,21,15,1,1,1
326,5,952,337,19,17,1,1,1
326,6,993,342,22,15,1,1,1
326,7,1025,390,21,15,1,1,1
326,8,1066,373,20,14,1,1,1
326,9,1097,406,19,14,1,1,1
327,1,761,349,20,15,1,1,1
327,2,834,295,22,15,1,1,1
327,3,874,274,22,15,1,1,1
327,4,899,334,21,14,1,1,1
327,5,952,334,19,17,1,1,1
327,6,997,338,18,16,1,1,1
327,7,1025,389,20,14,1,1,1
327,8,1065,370,21,14,1,1,1
327,9,1095,404,21,14,1,1,1
328,1,761,347,20,14,1,1,1
328,2,834,293,22,15,1,1,1
328,3,872,271,23,15,1,1,1
328,4,899,331,22,14,1,1,1
328,5,950,332,20,15,1,1,1
328,6,998,335,17,15,1,1,1
328,7,1024,387,21,15,1,1,1
328,8,1065,367,20,15,1,1,1
328,9,1095,401,20,13,1,1,1
329,1,761,346,20,14,1,1,1
329,2,833,293,22,14,1,1,1
329,3,872,269,23,15,1,1,1
329,4,899,329,22,15,1,1,1
329,5,950,329,18,16,1,1,1
329,6,993,333,22,15,1,1,1
329,7,1024,386,20,15,1,1,1
329,8,1064,366,20,14,1,1,1
329,9,1095,400,20,14,1,1,1
330,1,761,344,21,14,1,1,1
330,2,837,291,18,15,1,1,1
330,3,875,266,19,15,1,1,1
330,4,899,326,19,15,1,1,1
330,5,950,326,19,16,1,1,1
330,6,993,330,22,17,1,1,1
330,7,1024,385,20,14,1,1,1
330,8,1065,363,19,13,1,1,1
330,9,1096,397,19,14,1,1,1
331,1,761,343,21,14,1,1,1
331,2,833,291,21,14,1,1,1
331,3,870,264,24,16,1,1,1
331,4,900,325,21,14,1,1,1
331,5,950,325,18,15,1,1,1
331,6,993,328,22,17,1,1,1
331,7,1024,384,18,13,1,1,1
331,8,1063,361,20,14,1,1,1
331,9,1095,396,20,14,1,1,1
332,1,761,341,21,15,1,1,1
332,2,832,290,22,13,1,1,1
332,3,870,263,23,14,1,1,1
332,4,900,323,18,15,1,1,1
332,5,950,323,18,16,1,1,1
332,6,993,328,22,15,1,1,1
332,7,1023,383,20,13,1,1,1
332,8,1067,360,16,14,1,1,1
332,9,1097,395,18,15,1,1,1
333,1,760,339,22,16,1,1,1
333,2,835,289,18,14,1,1,1
333,3,869,260,23,15,1,1,1
333,4,900,320,19,15,1,1,1
333,5,949,319,19,16,1,1,1
333,6,994,324,21,16,1,1,1
333,7,1024,381,19,14,1,1,1
333,8,1062,357,20,15,1,1,1
333,9,1095,392,20,15,1,1,1
334,1,760,336,22,15,1,1,1
334,2,831,287,21,15,1,1,1
334,3,869,257,22,15,1,1,1
334,4,901,317,17,15,1,1,1
334,5,948,316,20,16,1,1,1
334,6,994,320,21,16,1,1,1
334,7,1023,379,19,15,1,1,1
334,8,1062,354,20,15,1,1,1
334,9,1095,389,20,15,1,1,1
335,1,765,335,17,16,1,1,1
335,2,832,287,19,14,1,1,1
335,3,867,255,23,16,1,1,1
335,4,901,316,20,14,1,1,1
335,5,951,315,17,15,1,1,1
335,6,994,319,17,16,1,1,1
335,7,1023,378,19,15,1,1,1
335,8,1061,353,21,15,1,1,1
335,9,1095,388,20,16,1,1,1
336,1,760,333,18,14,1,1,1
336,2,830,286,20,14,1,1,1
336,3,866,252,23,15,1,1,1
336,4,902,313,19,14,1,1,1
336,5,948,312,20,15,1,1,1
336,6,995,315,19,16,1,1,1
336,7,1023,376,19,15,1,1,1
336,8,1062,350,19,15,1,1,1
336,9,1094,386,21,15,1,1,1
337,1,760,330,22,18,1,1,1
337,2,830,285,20,15,1,1,1
337,3,866,250,22,16,1,1,1
337,4,903,312,15,14,1,1,1
337,5,951,311,17,15,1,1,1
337,6,995,313,19,14,1,1,1
337,7,1023,375,18,16,1,1,1
337,8,1060,348,21,15,1,1,1
337,9,1094,384,19,15,1,1,1
338,1,763,328,19,17,1,1,1
338,2,829,284,20,13,1,1,1
338,3,868,247,19,16,1,1,1
338,4,903,309,18,13,1,1,1
338,5,947,308,21,15,1,1,1
338,6,996,311,18,15,1,1,1
338,7,1022,373,18,15,1,1,1
338,8,1062,346,19,15,1,1,1
338,9,1096,380,19,16,1,1,1
339,1,760,328,22,15,1,1,1
339,2,829,284,20,14,1,1,1
339,3,865,246,21,15,1,1,1
339,4,903,307,18,15,1,1,1
339,5,946,306,22,16,1,1,1
339,6,996,308,18,14,1,1,1
339,7,1022,372,18,16,1,1,1
339,8,1059,344,22,14,1,1,1
339,9,1094,379,21,17,1,1,1
340,1,761,324,20,16,1,1,1
340,2,828,283,20,14,1,1,1
340,3,863,243,19,15,1,1,1
340,4,903,304,19,15,1,1,1
340,5,945,304,22,15,1,1,1
340,6,998,306,17,15,1,1,1
340,7,1021,370,17,15,1,1,1
340,8,1059,341,21,15,1,1,1
340,9,1093,376,22,17,1,1,1
341,1,760,321,21,17,1,1,1
341,2,828,282,19,14,1,1,1
341,3,863,241,21,16,1,1,1
341,4,902,303,20,14,1,1,1
341,5,950,302,17,15,1,1,1
341,6,996,304,19,14,1,1,1
341,7,1021,368,18,16,1,1,1
341,8,1058,340,22,15,1,1,1
341,9,1093,374,19,16,1,1,1
342,1,760,318,21,17,1,1,1
342,2,828,281,18,14,1,1,1
342,3,862,238,21,15,1,1,1
342,4,902,300,20,15,1,1,1
342,5,944,300,23,15,1,1,1
342,6,995,302,21,15,1,1,1
342,7,1024,367,18,16,1,1,1
342,8,1058,336,22,15,1,1,1
342,9,1093,371,22,18,1,1,1
343,1,761,317,19,17,1,1,1
343,2,826,280,20,15,1,1,1
343,3,863,237,19,15,1,1,1
343,4,903,299,19,14,1,1,1
343,5,944,299,22,14,1,1,1
343,6,995,300,21,14,1,1,1
343,7,1020,365,18,15,1,1,1
343,8,1058,335,22,15,1,1,1
343,9,1093,370,18,16,1,1,1
344,1,760,316,20,16,1,1,1
344,2,827,280,19,14,1,1,1
344,3,859,235,22,16,1,1,1
344,4,905,298,18,14,1,1,1
344,5,944,298,22,13,1,1,1
344,6,995,299,21,15,1,1,1
344,7,1020,363,17,16,1,1,1
344,8,1058,332,22,16,1,1,1
344,9,1093,369,21,15,1,1,1
345,1,760,313,19,16,1,1,1
345,2,828,279,17,15,1,1,1
345,3,858,232,22,16,1,1,1
345,4,904,295,19,15,1,1,1
345,5,947,295,18,15,1,1,1
345,6,995,296,22,15,1,1,1
345,7,1020,362,18,15,1,1,1
345,8,1058,329,22,17,1,1,1
345,9,1093,367,21,15,1,1,1
346,1,760,311,18,14,1,1,1
346,2,825,278,19,15,1,1,1
346,3,858,230,21,16,1,1,1
346,4,903,293,20,13,1,1,1
346,5,944,294,21,15,1,1,1
346,6,995,295,22,15,1,1,1
346,7,1020,360,22,17,1,1,1
346,8,1060,328,19,16,1,1,1
346,9,1094,363,18,17,1,1,1
347,1,760,309,18,13,1,1,1
347,2,824,277,20,15,1,1,1
347,3,855,227,23,16,1,1,1
347,4,905,290,18,15,1,1,1
347,5,945,292,19,14,1,1,1
347,6,995,293,18,14,1,1,1
347,7,1020,358,22,16,1,1,1
347,8,1058,325,21,16,1,1,1
347,9,1096,360,17,17,1,1,1
348,1,759,306,19,14,1,1,1
348,2,824,276,19,15,1,1,1
348,3,855,223,22,17,1,1,1
348,4,904,287,20,15,1,1,1
348,5,943,289,20,15,1,1,1
348,6,996,290,22,15,1,1,1
348,7,1020,356,22,15,1,1,1
348,8,1058,322,21,15,1,1,1
348,9,1094,357,21,16,1,1,1
349,1,758,304,20,16,1,1,1
349,2,821,276,21,14,1,1,1
349,3,853,222,23,16,1,1,1
349,4,904,286,20,15,1,1,1
349,5,943,288,20,15,1,1,1
349,6,996,289,22,15,1,1,1
349,7,1020,354,22,16,1,1,1
349,8,1058,319,21,16,1,1,1
349,9,1095,356,20,16,1,1,1
350,1,760,302,18,14,1,1,1
350,2,820,274,21,15,1,1,1
350,3,851,218,24,16,1,1,1
350,4,906,283,19,14,1,1,1
350,5,943,286,20,14,1,1,1
350,6,996,287,22,14,1,1,1
350,7,1021,351,21,16,1,1,1
350,8,1058,316,20,16,1,1,1
350,9,1095,353,20,13,1,1,1
351,1,757,301,21,14,1,1,1
351,2,820,273,21,15,1,1,1
351,3,850,216,24,16,1,1,1
351,4,905,281,20,14,1,1,1
351,5,943,285,20,15,1,1,1
351,6,1000,286,18,14,1,1,1
351,7,1021,348,20,17,1,1,1
351,8,1059,314,19,17,1,1,1
351,9,1096,352,19,13,1,1,1
352,1,756,299,22,15,1,1,1
352,2,819,272,20,15,1,1,1
352,3,850,212,22,17,1,1,1
352,4,906,278,20,15,1,1,1
352,5,942,283,20,14,1,1,1
352,6,997,284,21,14,1,1,1
352,7,1021,345,20,17,1,1,1
352,8,1059,311,18,16,1,1,1
352,9,1097,348,17,16,1,1,1
353,1,760,297,18,15,1,1,1
353,2,821,270,18,15,1,1,1
353,3,847,208,24,17,1,1,1
353,4,906,274,19,16,1,1,1
353,5,942,280,20,15,1,1,1
353,6,998,281,20,15,1,1,1
353,7,1022,342,19,17,1,1,1
353,8,1059,309,18,14,1,1,1
353,9,1096,345,19,16,1,1,1
354,1,755,296,18,15,1,1,1
354,2,821,269,18,15,1,1,1
354,3,846,206,24,17,1,1,1
354,4,906,273,21,14,1,1,1
354,5,941,279,20,14,1,1,1
354,6,998,280,20,14,1,1,1
354,7,1022,341,19,16,1,1,1
354,8,1059,307,18,14,1,1,1
354,9,1096,344,20,15,1,1,1
355,1,759,295,18,14,1,1,1
355,2,820,268,18,15,1,1,1
355,3,845,204,25,17,1,1,1
355,4,906,270,21,15,1,1,1
355,5,944,278,16,15,1,1,1
355,6,999,279,19,13,1,1,1
355,7,1023,339,17,16,1,1,1
355,8,1059,306,19,16,1,1,1
355,9,1096,343,20,15,1,1,1
356,1,754,293,23,14,1,1,1
356,2,815,266,22,16,1,1,1
356,3,844,201,24,16,1,1,1
356,4,907,267,20,15,1,1,1
356,5,940,276,20,14,1,1,1
356,6,999,277,18,13,1,1,1
356,7,1023,337,18,15,1,1,1
356,8,1058,304,17,13,1,1,1
356,9,1096,340,21,15,1,1,1
357,1,759,292,13,14,1,1,1
357,2,816,265,21,15,1,1,1
357,3,844,198,23,17,1,1,1
357,4,907,265,21,16,1,1,1
357,5,940,274,19,15,1,1,1
357,6,999,276,21,14,1,1,1
357,7,1023,335,17,16,1,1,1
357,8,1058,303,21,15,1,1,1
357,9,1096,338,21,16,1,1,1
358,1,754,290,22,15,1,1,1
358,2,815,264,21,15,1,1,1
358,3,842,196,24,16,1,1,1
358,4,907,262,21,14,1,1,1
358,5,940,272,19,14,1,1,1
358,6,999,274,21,15,1,1,1
358,7,1022,333,20,15,1,1,1
358,8,1058,300,21,16,1,1,1
358,9,1096,336,22,15,1,1,1
359,1,753,288,22,15,1,1,1
359,2,814,262,21,15,1,1,1
359,3,840,192,24,17,1,1,1
359,4,908,257,21,16,1,1,1
359,5,938,270,20,15,1,1,1
359,6,999,272,22,15,1,1,1
359,7,1022,330,21,15,1,1,1
359,8,1057,298,19,14,1,1,1
359,9,1096,334,23,15,1,1,1
360,1,753,287,22,15,1,1,1
360,2,812,261,22,13,1,1,1
360,3,839,190,24,17,1,1,1
360,4,908,256,18,14,1,1,1
360,5,939,268,19,15,1,1,1
360,6,999,271,22,14,1,1,1
360,7,1022,329,17,15,1,1,1
360,8,1057,297,22,15,1,1,1
360,9,1097,333,22,14,1,1,1
361,1,753,286,21,15,1,1,1
361,2,813,260,21,15,1,1,1
361,3,838,189,20,17,1,1,1
361,4,908,254,18,16,1,1,1
361,5,937,267,21,14,1,1,1
361,6,999,270,18,14,1,1,1
361,7,1022,327,21,15,1,1,1
361,8,1057,296,22,15,1,1,1
361,9,1097,331,22,15,1,1,1
362,1,753,285,20,13,1,1,1
362,2,812,258,21,15,1,1,1
362,3,837,186,24,17,1,1,1
362,4,909,249,21,16,1,1,1
362,5,936,264,21,16,1,1,1
362,6,1000,268,22,15,1,1,1
362,7,1022,325,22,15,1,1,1
362,8,1057,294,23,15,1,1,1
362,9,1097,329,23,15,1,1,1
363,1,753,284,20,15,1,1,1
363,2,810,257,22,13,1,1,1
363,3,837,185,23,17,1,1,1
363,4,909,248,19,16,1,1,1
363,5,936,263,21,15,1,1,1
363,6,1000,267,22,15,1,1,1
363,7,1022,324,22,15,1,1,1
363,8,1057,293,23,15,1,1,1
363,9,1097,328,23,15,1,1,1
364,1,752,282,20,15,1,1,1
364,2,809,254,22,15,1,1,1
364,3,834,183,24,16,1,1,1
364,4,909,244,22,15,1,1,1
364,5,935,260,21,16,1,1,1
364,6,1000,265,22,14,1,1,1
364,7,1023,322,22,14,1,1,1
364,8,1057,291,22,15,1,1,1
364,9,1098,326,22,15,1,1,1
365,1,752,282,20,14,1,1,1
365,2,812,253,18,16,1,1,1
365,3,834,182,24,16,1,1,1
365,4,909,241,22,17,1,1,1
365,5,937,259,19,16,1,1,1
365,6,1001,264,17,15,1,1,1
365,7,1023,321,17,14,1,1,1
365,8,1062,290,17,15,1,1,1
365,9,1098,325,22,15,1,1,1
366,1,752,280,20,15,1,1,1
366,2,808,251,21,14,1,1,1
366,3,832,179,24,16,1,1,1
366,4,910,238,18,15,1,1,1
366,5,937,256,19,16,1,1,1
366,6,1005,261,18,16,1,1,1
366,7,1023,318,19,15,1,1,1
366,8,1058,289,21,14,1,1,1
366,9,1099,323,21,15,1,1,1
367,1,751,279,20,15,1,1,1
367,2,808,250,21,15,1,1,1
367,3,831,178,24,17,1,1,1
367,4,910,236,22,15,1,1,1
367,5,934,255,21,15,1,1,1
367,6,1001,260,21,15,1,1,1
367,7,1023,317,19,15,1,1,1
367,8,1058,288,21,14,1,1,1
367,9,1100,322,21,15,1,1,1
368,1,751,278,20,14,1,1,1
368,2,809,247,19,15,1,1,1
368,3,830,176,23,16,1,1,1
368,4,911,231,21,17,1,1,1
368,5,933,252,22,15,1,1,1
368,6,1004,258,16,15,1,1,1
368,7,1024,315,22,15,1,1,1
368,8,1060,286,19,14,1,1,1
368,9,1103,320,18,14,1,1,1
369,1,750,277,19,14,1,1,1
369,2,805,246,22,15,1,1,1
369,3,830,176,23,16,1,1,1
369,4,911,229,21,17,1,1,1
369,5,932,250,21,16,1,1,1
369,6,1002,257,22,14,1,1,1
369,7,1026,314,20,13,1,1,1
369,8,1059,285,20,14,1,1,1
369,9,1101,319,19,13,1,1,1
370,1,749,275,21,15,1,1,1
370,2,804,243,22,15,1,1,1
370,3,828,174,23,16,1,1,1
370,4,911,224,22,17,1,1,1
370,5,933,247,21,16,1,1,1
370,6,1002,254,22,15,1,1,1
370,7,1025,312,21,14,1,1,1
370,8,1060,284,20,14,1,1,1
370,9,1101,317,20,14,1,1,1
371,1,748,273,21,15,1,1,1
371,2,806,240,19,16,1,1,1
371,3,826,172,23,18,1,1,1
371,4,912,221,22,15,1,1,1
371,5,933,244,20,16,1,1,1
371,6,1003,252,21,14,1,1,1
371,7,1026,310,20,13,1,1,1
371,8,1060,282,18,13,1,1,1
371,9,1102,315,20,14,1,1,1
372,1,749,272,19,15,1,1,1
372,2,802,239,23,16,1,1,1
372,3,825,172,23,16,1,1,1
372,4,912,218,22,16,1,1,1
372,5,931,242,22,15,1,1,1
372,6,1003,250,21,15,1,1,1
372,7,1026,309,19,14,1,1,1
372,8,1063,281,15,13,1,1,1
372,9,1103,314,19,14,1,1,1
373,1,748,272,20,13,1,1,1
373,2,803,238,21,15,1,1,1
373,3,827,172,21,17,1,1,1
373,4,912,215,20,17,1,1,1
373,5,930,241,21,16,1,1,1
373,6,1004,249,21,15,1,1,1
373,7,1026,308,20,14,1,1,1
373,8,1060,280,21,15,1,1,1
373,9,1102,313,20,15,1,1,1
374,1,747,270,20,15,1,1,1
374,2,801,235,22,16,1,1,1
374,3,825,171,21,17,1,1,1
374,4,913,212,22,15,1,1,1
374,5,930,238,22,16,1,1,1
374,6,1004,246,21,15,1,1,1
374,7,1026,306,20,15,1,1,1
374,8,1059,279,22,14,1,1,1
374,9,1104,311,19,14,1,1,1
375,1,746,269,21,14,1,1,1
375,2,803,233,19,16,1,1,1
375,3,823,171,22,16,1,1,1
375,4,913,209,22,16,1,1,1
375,5,929,236,22,16,1,1,1
375,6,1005,245,18,15,1,1,1
375,7,1030,305,16,13,1,1,1
375,8,1060,278,21,14,1,1,1
375,9,1104,310,17,15,1,1,1
376,1,745,267,21,14,1,1,1
376,2,802,230,19,16,1,1,1
376,3,821,169,22,19,1,1,1
376,4,914,205,21,15,1,1,1
376,5,931,233,20,16,1,1,1
376,6,1005,242,21,15,1,1,1
376,7,1028,303,19,15,1,1,1
376,8,1062,276,16,15,1,1,1
376,9,1104,308,20,14,1,1,1
377,1,747,266,19,15,1,1,1
377,2,798,229,23,16,1,1,1
377,3,821,170,22,17,1,1,1
377,4,914,203,22,15,1,1,1
377,5,928,231,22,16,1,1,1
377,6,1005,241,21,15,1,1,1
377,7,1027,302,19,15,1,1,1
377,8,1060,275,21,15,1,1,1
377,9,1104,307,20,13,1,1,1
378,1,746,264,19,15,1,1,1
378,2,798,226,22,16,1,1,1
378,3,819,169,22,17,1,1,1
378,4,914,197,19,18,1,1,1
378,5,927,228,22,16,1,1,1
378,6,1006,238,19,16,1,1,1
378,7,1029,300,19,14,1,1,1
378,8,1060,274,22,15,1,1,1
378,9,1108,305,17,14,1,1,1
379,1,746,262,19,15,1,1,1
379,2,797,223,21,16,1,1,1
379,3,818,169,21,19,1,1,1
379,4,915,193,22,16,1,1,1
379,5,927,224,22,17,1,1,1
379,6,1006,235,21,15,1,1,1
379,7,1028,298,18,15,1,1,1
379,8,1060,272,22,15,1,1,1
379,9,1106,303,20,15,1,1,1
380,1,742,261,22,16,1,1,1
380,2,795,221,23,16,1,1,1
380,3,817,169,22,17,1,1,1
380,4,915,190,19,17,1,1,1
380,5,926,223,22,16,1,1,1
380,6,1007,234,19,15,1,1,1
380,7,1032,297,17,14,1,1,1
380,8,1062,271,20,15,1,1,1
380,9,1106,302,20,13,1,1,1
381,1,741,259,23,16,1,1,1
381,2,795,218,22,16,1,1,1
381,3,816,169,21,20,1,1,1
381,4,916,187,22,14,1,1,1
381,5,926,219,22,16,1,1,1
381,6,1007,231,21,14,1,1,1
381,7,1029,295,20,15,1,1,1
381,8,1061,269,18,15,1,1,1
381,9,1107,299,19,15,1,1,1
382,1,741,258,22,15,1,1,1
382,2,793,215,23,17,1,1,1
382,3,815,170,23,19,1,1,1
382,4,916,184,22,17,1,1,1
382,5,925,217,22,16,1,1,1
382,6,1007,229,21,15,1,1,1
382,7,1030,294,20,15,1,1,1
382,8,1061,268,18,15,1,1,1
382,9,1107,298,21,15,1,1,1
383,1,740,256,22,15,1,1,1
383,2,793,212,22,17,1,1,1
383,3,814,170,22,20,1,1,1
383,4,917,181,22,14,1,1,1
383,5,924,213,23,16,1,1,1
383,6,1008,226,20,16,1,1,1
383,7,1030,291,20,15,1,1,1
383,8,1062,266,18,15,1,1,1
383,9,1107,296,22,15,1,1,1
384,1,740,255,22,14,1,1,1
384,2,791,210,24,17,1,1,1
384,3,814,172,22,17,1,1,1
384,4,917,179,19,15,1,1,1
384,5,924,211,22,16,1,1,1
384,6,1008,224,21,15,1,1,1
384,7,1031,290,20,15,1,1,1
384,8,1062,265,18,15,1,1,1
384,9,1108,294,19,16,1,1,1
385,1,740,253,21,15,1,1,1
385,2,790,208,23,16,1,1,1
385,3,812,172,23,19,1,1,1
385,4,919,175,20,17,1,1,1
385,5,925,207,21,17,1,1,1
385,6,1008,221,20,16,1,1,1
385,7,1031,288,21,14,1,1,1
385,8,1062,263,18,15,1,1,1
385,9,1109,292,18,15,1,1,1
386,1,738,251,23,16,1,1,1
386,2,791,207,22,16,1,1,1
386,3,812,174,22,16,1,1,1
386,4,918,174,22,15,1,1,1
386,5,926,205,19,17,1,1,1
386,6,1009,220,21,16,1,1,1
386,7,1031,287,21,15,1,1,1
386,8,1062,262,19,16,1,1,1
386,9,1109,291,22,15,1,1,1
387,1,737,249,23,16,1,1,1
387,2,789,204,23,16,1,1,1
387,3,810,174,23,19,1,1,1
387,4,918,171,22,16,1,1,1
387,5,922,201,22,17,1,1,1
387,6,1009,216,19,16,1,1,1
387,7,1032,285,21,15,1,1,1
387,8,1062,260,20,14,1,1,1
387,9,1110,288,21,16,1,1,1
388,1,736,246,23,15,1,1,1
388,2,787,201,24,15,1,1,1
388,3,809,175,23,20,1,1,1
388,4,919,168,22,15,1,1,1
388,5,921,197,23,17,1,1,1
388,6,1010,212,21,17,1,1,1
388,7,1033,282,21,15,1,1,1
388,8,1062,258,20,14,1,1,1
388,9,1110,286,22,15,1,1,1
389,1,738,245,21,16,1,1,1
389,2,788,200,22,17,1,1,1
389,3,809,177,22,17,1,1,1
389,4,919,166,22,15,1,1,1
389,5,921,195,22,16,1,1,1
389,6,1010,211,21,15,1,1,1
389,7,1033,281,21,14,1,1,1
389,8,1062,257,20,13,1,1,1
389,9,1111,284,22,16,1,1,1
390,1,736,243,21,16,1,1,1
390,2,786,198,23,16,1,1,1
390,3,807,179,21,16,1,1,1
390,4,920,164,20,15,1,1,1
390,5,920,191,23,16,1,1,1
390,6,1010,207,22,17,1,1,1
390,7,1033,278,22,15,1,1,1
390,8,1062,254,21,16,1,1,1
390,9,1111,281,23,16,1,1,1
391,1,735,241,22,16,1,1,1
391,2,786,197,22,17,1,1,1
391,3,807,178,23,20,1,1,1
391,4,920,163,21,16,1,1,1
391,5,920,188,22,18,1,1,1
391,6,1010,206,22,16,1,1,1
391,7,1033,277,19,16,1,1,1
391,8,1062,253,21,16,1,1,1
391,9,1112,280,22,16,1,1,1
392,1,734,239,20,15,1,1,1
392,2,786,195,21,16,1,1,1
392,3,806,179,23,20,1,1,1
392,4,921,160,21,16,1,1,1
392,5,919,185,23,17,1,1,1
392,6,1011,202,22,17,1,1,1
392,7,1034,275,22,15,1,1,1
392,8,1062,251,21,15,1,1,1
392,9,1112,277,23,16,1,1,1
393,1,733,237,23,17,1,1,1
393,2,785,194,22,15,1,1,1
393,3,805,182,22,17,1,1,1
393,4,921,159,21,16,1,1,1
393,5,921,184,19,16,1,1,1
393,6,1011,201,22,17,1,1,1
393,7,1034,273,19,16,1,1,1
393,8,1062,250,21,14,1,1,1
393,9,1113,276,22,15,1,1,1
394,1,732,234,23,17,1,1,1
394,2,784,190,21,18,1,1,1
394,3,805,183,22,18,1,1,1
394,4,921,157,20,15,1,1,1
394,5,918,180,23,17,1,1,1
394,6,1012,198,22,16,1,1,1
394,7,1035,270,22,16,1,1,1
394,8,1063,247,20,15,1,1,1
394,9,1114,273,22,15,1,1,1
395,1,732,233,22,16,1,1,1
395,2,784,189,21,20,1,1,1
395,3,804,182,23,18,1,1,1
395,4,921,157,21,16,1,1,1
395,5,918,179,22,17,1,1,1
395,6,1012,196,22,17,1,1,1
395,7,1035,269,19,16,1,1,1
395,8,1063,246,20,16,1,1,1
395,9,1114,272,22,15,1,1,1
396,1,734,230,19,16,1,1,1
396,2,783,189,22,18,1,1,1
396,3,804,185,21,18,1,1,1
396,4,922,155,20,16,1,1,1
396,5,917,176,23,16,1,1,1
396,6,1013,194,22,16,1,1,1
396,7,1036,266,22,16,1,1,1
396,8,1064,243,20,16,1,1,1
396,9,1115,268,20,16,1,1,1
397,1,730,229,23,16,1,1,1
397,2,783,188,22,20,1,1,1
397,3,803,184,23,18,1,1,1
397,4,922,153,21,16,1,1,1
397,5,917,174,22,18,1,1,1
397,6,1013,192,22,17,1,1,1
397,7,1036,265,22,15,1,1,1
397,8,1063,242,21,16,1,1,1
397,9,1115,267,23,16,1,1,1
398,1,729,226,23,16,1,1,1
398,2,783,187,20,20,1,1,1
398,3,803,187,22,18,1,1,1
398,4,922,152,21,18,1,1,1
398,5,917,171,22,18,1,1,1
398,6,1014,191,22,16,1,1,1
398,7,1037,262,22,15,1,1,1
398,8,1063,239,21,16,1,1,1
398,9,1116,264,22,16,1,1,1
399,1,729,224,22,16,1,1,1
399,2,781,187,23,20,1,1,1
399,3,802,186,23,19,1,1,1
399,4,922,152,21,17,1,1,1
399,5,917,169,22,18,1,1,1
399,6,1014,189,22,17,1,1,1
399,7,1037,260,19,16,1,1,1
399,8,1063,238,21,15,1,1,1
399,9,1116,262,23,16,1,1,1
400,1,728,221,23,16,1,1,1
400,2,780,186,24,20,1,1,1
400,3,802,189,23,18,1,1,1
400,4,923,151,21,17,1,1,1
400,5,917,167,22,19,1,1,1
400,6,1016,188,21,16,1,1,1
400,7,1038,257,22,16,1,1,1
400,8,1064,236,20,14,1,1,1
400,9,1117,259,23,16,1,1,1
401,1,727,219,23,17,1,1,1
401,2,781,184,22,22,1,1,1
401,3,801,188,23,20,1,1,1
401,4,924,151,20,18,1,1,1
401,5,917,166,22,18,1,1,1
401,6,1015,187,22,16,1,1,1
401,7,1038,256,22,16,1,1,1
401,8,1064,234,21,15,1,1,1
401,9,1118,257,22,16,1,1,1
402,1,726,215,23,17,1,1,1
402,2,778,184,25,22,1,1,1
402,3,801,191,23,17,1,1,1
402,4,923,149,21,18,1,1,1
402,5,916,164,23,19,1,1,1
402,6,1015,185,23,16,1,1,1
402,7,1039,252,22,16,1,1,1
402,8,1064,232,21,16,1,1,1
402,9,1119,253,22,16,1,1,1
403,1,725,212,23,17,1,1,1
403,2,778,185,24,21,1,1,1
403,3,800,191,23,18,1,1,1
403,4,923,151,22,16,1,1,1
403,5,915,161,24,21,1,1,1
403,6,1016,183,21,16,1,1,1
403,7,1040,249,19,15,1,1,1
403,8,1064,230,21,16,1,1,1
403,9,1119,250,23,15,1,1,1
404,1,724,211,23,16,1,1,1
404,2,779,185,23,21,1,1,1
404,3,800,192,22,19,1,1,1
404,4,923,150,21,18,1,1,1
404,5,916,162,20,19,1,1,1
404,6,1016,183,23,16,1,1,1
404,7,1040,248,22,15,1,1,1
404,8,1064,229,20,16,1,1,1
404,9,1120,248,22,16,1,1,1
405,1,723,207,23,17,1,1,1
405,2,777,187,23,20,1,1,1
405,3,799,193,24,19,1,1,1
405,4,925,149,20,18,1,1,1
405,5,917,160,21,20,1,1,1
405,6,1017,181,22,18,1,1,1
405,7,1041,244,21,15,1,1,1
405,8,1065,227,21,14,1,1,1
405,9,1121,244,19,17,1,1,1
406,1,723,205,23,17,1,1,1
406,2,777,188,24,19,1,1,1
406,3,799,193,24,18,1,1,1
406,4,925,150,21,17,1,1,1
406,5,914,158,23,22,1,1,1
406,6,1017,181,23,18,1,1,1
406,7,1041,242,22,16,1,1,1
406,8,1065,226,21,15,1,1,1
406,9,1121,243,23,16,1,1,1
407,1,721,202,24,16,1,1,1
407,2,777,188,23,20,1,1,1
407,3,799,195,22,18,1,1,1
407,4,924,149,22,18,1,1,1
407,5,914,160,24,19,1,1,1
407,6,1018,181,21,17,1,1,1
407,7,1042,239,21,15,1,1,1
407,8,1065,225,20,15,1,1,1
407,9,1122,239,23,16,1,1,1
408,1,722,199,22,18,1,1,1
408,2,777,187,22,21,1,1,1
408,3,799,196,23,17,1,1,1
408,4,924,150,22,19,1,1,1
408,5,914,158,24,21,1,1,1
408,6,1018,179,23,19,1,1,1
408,7,1042,237,22,15,1,1,1
408,8,1065,224,20,16,1,1,1
408,9,1122,237,22,16,1,1,1
409,1,720,195,23,18,1,1,1
409,2,777,189,23,21,1,1,1
409,3,798,197,24,19,1,1,1
409,4,927,151,19,19,1,1,1
409,5,914,158,23,20,1,1,1
409,6,1019,180,21,18,1,1,1
409,7,1043,233,22,16,1,1,1
409,8,1065,223,22,15,1,1,1
409,9,1123,233,21,16,1,1,1
410,1,720,194,23,15,1,1,1
410,2,777,190,23,19,1,1,1
410,3,798,198,24,18,1,1,1
410,4,925,151,21,19,1,1,1
410,5,914,159,24,19,1,1,1
410,6,1019,179,23,17,1,1,1
410,7,1043,231,22,17,1,1,1
410,8,1065,222,22,17,1,1,1
410,9,1125,230,19,17,1,1,1
411,1,718,189,23,18,1,1,1
411,2,776,192,23,20,1,1,1
411,3,797,199,24,18,1,1,1
411,4,926,152,21,18,1,1,1
411,5,915,156,23,22,1,1,1
411,6,1019,180,22,17,1,1,1
411,7,1044,228,22,16,1,1,1
411,8,1066,221,19,17,1,1,1
411,9,1124,226,23,17,1,1,1
412,1,718,188,23,17,1,1,1
412,2,777,194,22,19,1,1,1
412,3,797,199,24,18,1,1,1
412,4,927,152,20,19,1,1,1
412,5,915,156,23,22,1,1,1
412,6,1020,179,22,17,1,1,1
412,7,1044,226,20,15,1,1,1
412,8,1066,220,21,17,1,1,1
412,9,1125,224,23,17,1,1,1
413,1,717,184,23,17,1,1,1
413,2,776,194,24,21,1,1,1
413,3,798,201,23,17,1,1,1
413,4,925,156,22,16,1,1,1
413,5,914,160,24,18,1,1,1
413,6,1020,180,22,18,1,1,1
413,7,1045,222,22,16,1,1,1
413,8,1066,220,22,17,1,1,1
413,9,1129,220,20,16,1,1,1
414,1,715,182,24,17,1,1,1
414,2,776,195,24,21,1,1,1
414,3,797,201,24,17,1,1,1
414,4,928,156,19,17,1,1,1
414,5,914,157,24,21,1,1,1
414,6,1021,180,23,17,1,1,1
414,7,1045,219,21,16,1,1,1
414,8,1067,220,21,17,1,1,1
414,9,1126,218,23,17,1,1,1
415,1,716,177,22,17,1,1,1
415,2,777,198,23,20,1,1,1
415,3,796,202,24,19,1,1,1
415,4,925,158,22,16,1,1,1
415,5,914,159,24,20,1,1,1
415,6,1021,181,22,18,1,1,1
415,7,1046,215,22,17,1,1,1
415,8,1066,219,22,18,1,1,1
415,9,1127,214,22,16,1,1,1
416,1,713,175,25,18,1,1,1
416,2,777,201,23,18,1,1,1
416,3,796,203,24,18,1,1,1
416,4,925,159,22,16,1,1,1
416,5,914,160,23,19,1,1,1
416,6,1022,181,23,17,1,1,1
416,7,1046,213,20,16,1,1,1
416,8,1066,220,23,17,1,1,1
416,9,1128,211,23,18,1,1,1
417,1,712,171,24,18,1,1,1
417,2,777,202,24,20,1,1,1
417,3,797,204,23,18,1,1,1
417,4,925,160,23,17,1,1,1
417,5,914,159,25,21,1,1,1
417,6,1022,183,23,17,1,1,1
417,7,1047,209,22,17,1,1,1
417,8,1066,219,22,17,1,1,1
417,9,1128,207,24,17,1,1,1
418,1,711,168,25,16,1,1,1
418,2,777,203,24,20,1,1,1
418,3,795,205,25,18,1,1,1
418,4,925,161,23,17,1,1,1
418,5,915,162,24,19,1,1,1
418,6,1023,183,21,16,1,1,1
418,7,1047,207,22,16,1,1,1
418,8,1066,218,23,18,1,1,1
418,9,1129,205,23,16,1,1,1
419,1,711,165,24,16,1,1,1
419,2,778,207,24,19,1,1,1
419,3,795,206,25,17,1,1,1
419,4,928,163,20,19,1,1,1
419,5,915,163,24,19,1,1,1
419,6,1023,185,20,17,1,1,1
419,7,1048,203,20,17,1,1,1
419,8,1067,220,23,17,1,1,1
419,9,1130,200,20,17,1,1,1
420,1,709,162,25,18,1,1,1
420,2,778,208,24,17,1,1,1
420,3,796,206,23,18,1,1,1
420,4,926,164,22,19,1,1,1
420,5,915,162,25,21,1,1,1
420,6,1024,185,22,16,1,1,1
420,7,1048,201,23,17,1,1,1
420,8,1067,219,23,19,1,1,1
420,9,1130,198,24,17,1,1,1
421,1,712,158,21,18,1,1,1
421,2,780,210,23,21,1,1,1
421,3,794,208,25,17,1,1,1
421,4,926,166,22,17,1,1,1
421,5,916,165,21,20,1,1,1
421,6,1024,186,23,19,1,1,1
421,7,1049,198,22,17,1,1,1
421,8,1067,221,24,18,1,1,1
421,9,1131,193,24,16,1,1,1
422,1,707,155,25,18,1,1,1
422,2,779,213,24,19,1,1,1
422,3,795,208,24,18,1,1,1
422,4,928,168,20,19,1,1,1
422,5,916,164,25,22,1,1,1
422,6,1024,188,23,16,1,1,1
422,7,1049,196,23,17,1,1,1
422,8,1067,219,24,21,1,1,1
422,9,1131,191,24,18,1,1,1
423,1,707,152,24,16,1,1,1
423,2,780,215,24,18,1,1,1
423,3,793,209,26,19,1,1,1
423,4,928,171,20,17,1,1,1
423,5,917,169,25,19,1,1,1
423,6,1025,188,20,19,1,1,1
423,7,1050,194,20,16,1,1,1
423,8,1068,222,23,18,1,1,1
423,9,1133,187,22,17,1,1,1
424,1,705,149,25,18,1,1,1
424,2,780,218,24,19,1,1,1
424,3,793,210,26,17,1,1,1
424,4,927,172,21,19,1,1,1
424,5,919,168,22,21,1,1,1
424,6,1026,191,22,15,1,1,1
424,7,1050,192,23,17,1,1,1
424,8,1067,221,25,20,1,1,1
424,9,1133,184,23,17,1,1,1
425,1,704,146,25,16,1,1,1
425,2,781,221,24,20,1,1,1
425,3,792,211,26,18,1,1,1
425,4,928,175,20,19,1,1,1
425,5,918,172,23,19,1,1,1
425,6,1026,192,23,18,1,1,1
425,7,1051,189,22,17,1,1,1
425,8,1068,225,24,18,1,1,1
425,9,1134,179,24,17,1,1,1
426,1,703,143,25,17,1,1,1
426,2,781,224,25,16,1,1,1
426,3,792,212,26,18,1,1,1
426,4,928,177,20,17,1,1,1
426,5,918,171,25,22,1,1,1
426,6,1027,194,20,18,1,1,1
426,7,1051,188,23,17,1,1,1
426,8,1068,223,23,19,1,1,1
426,9,1134,177,24,16,1,1,1
427,1,702,141,25,16,1,1,1
427,2,782,227,25,19,1,1,1
427,3,793,212,25,19,1,1,1
427,4,925,180,23,17,1,1,1
427,5,919,174,24,22,1,1,1
427,6,1027,195,22,18,1,1,1
427,7,1052,186,20,17,1,1,1
427,8,1068,224,24,22,1,1,1
427,9,1135,172,24,18,1,1,1
428,1,701,138,25,17,1,1,1
428,2,783,229,24,19,1,1,1
428,3,791,213,27,18,1,1,1
428,5,920,178,25,19,1,1,1
428,6,1027,197,23,18,1,1,1
428,7,1052,185,22,17,1,1,1
428,8,1068,226,24,20,1,1,1
428,9,1135,170,25,17,1,1,1
429,1,700,135,25,19,1,1,1
429,2,784,232,25,17,1,1,1
429,3,790,214,27,19,1,1,1
429,5,921,181,23,19,1,1,1
429,6,1028,200,22,17,1,1,1
429,7,1053,182,22,18,1,1,1
429,8,1069,227,25,20,1,1,1
429,9,1136,165,24,18,1,1,1
430,1,699,134,25,18,1,1,1
430,2,784,235,24,18,1,1,1
430,3,790,215,27,19,1,1,1
430,4,925,188,23,17,1,1,1
430,5,921,180,26,21,1,1,1
430,6,1028,201,23,18,1,1,1
430,7,1053,182,22,15,1,1,1
430,8,1069,230,25,18,1,1,1
430,9,1139,162,22,18,1,1,1
431,1,699,131,24,19,1,1,1
431,2,786,239,25,18,1,1,1
431,3,789,216,27,19,1,1,1
431,4,925,192,23,16,1,1,1
431,5,922,184,26,21,1,1,1
431,6,1028,204,24,17,1,1,1
431,7,1054,179,22,18,1,1,1
431,8,1069,234,26,18,1,1,1
431,9,1138,157,24,18,1,1,1
432,1,697,130,25,19,1,1,1
432,2,786,239,25,20,1,1,1
432,3,789,216,27,20,1,1,1
432,5,923,187,26,19,1,1,1
432,6,1029,205,22,18,1,1,1
432,7,1054,178,22,18,1,1,1
432,8,1070,235,25,17,1,1,1
432,9,1138,156,24,16,1,1,1
433,1,696,128,25,18,1,1,1
433,2,787,244,26,18,1,1,1
433,3,788,217,27,20,1,1,1
433,4,925,196,22,18,1,1,1
433,5,924,189,26,20,1,1,1
433,6,1029,209,24,16,1,1,1
433,7,1054,178,22,18,1,1,1
433,8,1070,236,25,19,1,1,1
433,9,1139,151,23,18,1,1,1
434,1,695,126,26,20,1,1,1
434,2,791,245,22,19,1,1,1
434,3,789,217,26,21,1,1,1
434,4,925,198,22,18,1,1,1
434,5,925,193,26,18,1,1,1
434,6,1030,211,22,17,1,1,1
434,7,1055,177,22,16,1,1,1
434,8,1070,236,26,21,1,1,1
434,9,1140,148,24,17,1,1,1
435,1,694,125,25,18,1,1,1
435,2,789,250,26,18,1,1,1
435,3,787,218,27,21,1,1,1
435,4,925,202,22,18,1,1,1
435,5,926,196,24,18,1,1,1
435,6,1030,213,24,19,1,1,1
435,7,1055,175,22,19,1,1,1
435,8,1071,241,22,17,1,1,1
435,9,1140,143,25,18,1,1,1
436,1,694,124,25,18,1,1,1
436,2,790,250,26,20,1,1,1
436,3,786,220,28,19,1,1,1
436,4,925,204,22,18,1,1,1
436,5,927,198,26,18,1,1,1
436,6,1030,216,24,16,1,1,1
436,7,1055,176,22,16,1,1,1
436,8,1071,240,26,21,1,1,1
436,9,1141,140,24,19,1,1,1
437,1,692,122,25,19,1,1,1
437,2,792,256,25,15,1,1,1
437,3,785,222,28,19,1,1,1
437,4,926,209,21,17,1,1,1
437,5,929,199,25,20,1,1,1
437,6,1031,219,23,18,1,1,1
437,7,1057,174,21,19,1,1,1
437,8,1072,245,25,19,1,1,1
437,9,1142,135,24,19,1,1,1
438,1,691,121,25,20,1,1,1
438,2,793,260,26,17,1,1,1
438,3,784,223,28,18,1,1,1
438,4,927,212,20,16,1,1,1
438,5,930,204,26,18,1,1,1
438,6,1031,223,23,16,1,1,1
438,7,1056,175,22,16,1,1,1
438,8,1072,248,25,19,1,1,1
438,9,1143,131,23,18,1,1,1
439,1,691,121,24,19,1,1,1
439,2,794,261,26,19,1,1,1
439,3,789,223,23,20,1,1,1
439,4,926,215,21,15,1,1,1
439,5,931,206,26,18,1,1,1
439,6,1032,225,23,17,1,1,1
439,7,1056,175,23,18,1,1,1
439,8,1073,248,25,21,1,1,1
439,9,1143,129,25,17,1,1,1
440,1,690,121,24,19,1,1,1
440,2,795,264,26,19,1,1,1
440,3,784,224,27,20,1,1,1
440,4,925,218,22,16,1,1,1
440,5,932,207,26,20,1,1,1
440,6,1032,228,24,18,1,1,1
440,7,1057,173,22,19,1,1,1
440,8,1073,253,26,19,1,1,1
440,9,1144,125,25,17,1,1,1
441,1,689,120,23,19,1,1,1
441,2,796,267,22,18,1,1,1
441,3,782,226,29,20,1,1,1
441,4,925,220,22,16,1,1,1
441,5,933,211,26,18,1,1,1
441,6,1032,230,22,17,1,1,1
441,7,1059,173,21,19,1,1,1
441,8,1078,253,21,21,1,1,1
441,9,1145,122,24,18,1,1,1
442,1,689,120,22,20,1,1,1
442,2,797,271,27,17,1,1,1
442,3,781,227,29,20,1,1,1
442,4,926,224,20,16,1,1,1
442,5,935,214,24,19,1,1,1
442,6,1033,234,24,18,1,1,1
442,7,1057,175,23,19,1,1,1
442,8,1074,257,26,20,1,1,1
442,9,1146,118,25,18,1,1,1
443,1,688,120,22,19,1,1,1
443,2,798,272,27,18,1,1,1
443,3,782,230,27,19,1,1,1
443,4,926,225,20,17,1,1,1
443,5,936,215,26,19,1,1,1
443,6,1033,236,24,16,1,1,1
443,7,1057,174,23,19,1,1,1
443,8,1075,259,25,20,1,1,1
443,9,1146,117,25,17,1,1,1
444,1,686,118,24,22,1,1,1
444,2,800,276,26,18,1,1,1
444,3,780,232,28,20,1,1,1
444,4,924,229,22,16,1,1,1
444,5,938,218,26,19,1,1,1
444,6,1034,239,23,18,1,1,1
444,7,1058,177,23,16,1,1,1
444,8,1075,263,26,20,1,1,1
444,9,1148,113,24,17,1,1,1
445,1,686,120,24,20,1,1,1
445,2,801,278,22,17,1,1,1
445,3,779,234,29,19,1,1,1
445,4,925,230,21,17,1,1,1
445,5,939,219,26,20,1,1,1
445,6,1034,241,24,18,1,1,1
445,7,1058,176,23,18,1,1,1
445,8,1076,265,25,20,1,1,1
445,9,1148,111,25,18,1,1,1
446,1,684,120,24,19,1,1,1
446,2,802,282,27,17,1,1,1
446,3,779,236,28,20,1,1,1
446,4,924,234,22,15,1,1,1
446,5,940,224,27,18,1,1,1
446,6,1034,245,24,17,1,1,1
446,7,1058,176,23,20,1,1,1
446,8,1079,269,23,20,1,1,1
446,9,1149,108,25,18,1,1,1
447,1,684,119,24,22,1,1,1
447,2,803,283,26,17,1,1,1
447,3,778,238,28,20,1,1,1
447,4,924,236,22,15,1,1,1
447,5,941,226,27,18,1,1,1
447,6,1035,247,24,17,1,1,1
447,7,1058,177,24,19,1,1,1
447,8,1077,271,26,20,1,1,1
447,9,1149,106,21,18,1,1,1
448,1,684,121,23,20,1,1,1
448,2,805,287,26,16,1,1,1
448,3,777,240,28,21,1,1,1
448,4,924,239,22,15,1,1,1
448,5,943,229,27,18,1,1,1
448,6,1035,250,21,16,1,1,1
448,7,1060,180,22,17,1,1,1
448,8,1078,275,25,20,1,1,1
448,9,1150,103,23,18,1,1,1
449,1,683,120,24,23,1,1,1
449,2,806,288,25,17,1,1,1
449,3,777,242,28,20,1,1,1
449,4,924,240,21,16,1,1,1
449,5,944,231,27,18,1,1,1
449,6,1035,252,24,17,1,1,1
449,7,1060,180,22,18,1,1,1
449,8,1078,278,26,19,1,1,1
449,9,1151,103,25,18,1,1,1
450,1,682,122,23,22,1,1,1
450,2,807,291,25,17,1,1,1
450,3,776,245,27,21,1,1,1
450,4,924,243,22,17,1,1,1
450,5,946,232,27,20,1,1,1
450,6,1036,255,24,17,1,1,1
450,7,1059,181,23,20,1,1,1
450,8,1079,282,26,19,1,1,1
450,9,1152,100,23,19,1,1,1
451,1,682,122,24,21,1,1,1
451,2,809,294,25,17,1,1,1
451,3,776,250,26,20,1,1,1
451,4,924,246,21,17,1,1,1
451,5,949,236,26,19,1,1,1
451,6,1037,258,24,17,1,1,1
451,7,1059,183,24,20,1,1,1
451,8,1080,288,26,17,1,1,1
451,9,1152,98,26,19,1,1,1
452,1,681,124,24,22,1,1,1
452,2,810,295,24,17,1,1,1
452,3,775,251,27,20,1,1,1
452,4,924,247,22,17,1,1,1
452,5,949,237,23,19,1,1,1
452,6,1037,260,24,17,1,1,1
452,7,1059,184,24,19,1,1,1
452,8,1080,289,26,18,1,1,1
452,9,1153,96,26,18,1,1,1
453,1,680,125,25,23,1,1,1
453,2,811,297,24,16,1,1,1
453,3,775,252,27,21,1,1,1
453,4,924,249,21,16,1,1,1
453,5,951,239,26,19,1,1,1
453,6,1037,261,24,18,1,1,1
453,7,1059,186,24,18,1,1,1
453,8,1080,291,26,19,1,1,1
453,9,1154,96,25,19,1,1,1
454,1,679,129,24,20,1,1,1
454,2,812,299,22,17,1,1,1
454,3,775,255,25,22,1,1,1
454,4,924,251,22,17,1,1,1
454,5,958,242,22,19,1,1,1
454,6,1037,264,25,17,1,1,1
454,7,1062,188,21,18,1,1,1
454,8,1081,295,26,19,1,1,1
454,9,1155,95,24,18,1,1,1
455,1,678,130,26,21,1,1,1
455,2,812,300,24,18,1,1,1
455,3,774,257,27,23,1,1,1
455,4,924,253,21,15,1,1,1
455,5,954,243,27,19,1,1,1
455,6,1038,266,24,17,1,1,1
455,7,1060,190,23,17,1,1,1
455,8,1082,297,26,19,1,1,1
455,9,1155,93,26,18,1,1,1
456,1,677,134,26,20,1,1,1
456,2,813,303,24,17,1,1,1
456,3,773,260,28,24,1,1,1
456,4,924,255,22,16,1,1,1
456,5,956,247,27,18,1,1,1
456,6,1038,269,22,17,1,1,1
456,7,1061,191,22,18,1,1,1
456,8,1082,302,22,18,1,1,1
456,9,1156,92,26,20,1,1,1
457,1,678,132,24,22,1,1,1
457,2,814,304,23,17,1,1,1
457,3,773,262,28,23,1,1,1
457,4,924,257,21,15,1,1,1
457,5,957,249,22,18,1,1,1
457,6,1038,270,25,18,1,1,1
457,7,1060,192,23,18,1,1,1
457,8,1083,305,26,17,1,1,1
457,9,1159,90,23,19,1,1,1
458,1,676,137,27,19,1,1,1
458,2,814,306,24,17,1,1,1
458,3,772,267,29,22,1,1,1
458,4,924,259,22,16,1,1,1
458,5,959,252,23,18,1,1,1
458,6,1039,273,24,17,1,1,1
458,7,1062,194,21,18,1,1,1
458,8,1084,308,26,19,1,1,1
458,9,1161,89,23,21,1,1,1
459,1,676,137,21,23,1,1,1
459,2,818,307,21,17,1,1,1
459,3,771,270,30,22,1,1,1
459,4,924,260,22,16,1,1,1
459,5,960,253,27,18,1,1,1
459,6,1039,275,25,16,1,1,1
459,7,1062,195,21,19,1,1,1
459,8,1084,311,26,17,1,1,1
459,9,1158,90,25,19,1,1,1
460,1,675,140,27,21,1,1,1
460,2,815,309,25,17,1,1,1
460,3,770,272,31,24,1,1,1
460,4,924,263,22,15,1,1,1
460,5,962,256,28,18,1,1,1
460,6,1040,277,24,17,1,1,1
460,7,1060,197,23,19,1,1,1
460,8,1085,315,25,18,1,1,1
460,9,1160,89,25,21,1,1,1
461,1,678,142,23,23,1,1,1
461,2,817,310,23,16,1,1,1
461,3,770,275,27,24,1,1,1
461,4,924,264,22,16,1,1,1
461,5,964,257,27,18,1,1,1
461,6,1040,279,25,17,1,1,1
461,7,1061,198,22,19,1,1,1
461,8,1086,318,26,17,1,1,1
461,9,1160,88,26,22,1,1,1
462,1,674,147,26,22,1,1,1
462,2,817,312,24,17,1,1,1
462,3,769,278,31,25,1,1,1
462,4,924,266,22,16,1,1,1
462,5,966,260,23,18,1,1,1
462,6,1041,282,21,17,1,1,1
462,7,1059,201,24,18,1,1,1
462,8,1087,322,26,17,1,1,1
462,9,1161,90,26,20,1,1,1
463,1,673,148,28,21,1,1,1
463,2,816,313,23,16,1,1,1
463,3,769,283,30,22,1,1,1
463,4,924,267,21,16,1,1,1
463,5,967,261,25,18,1,1,1
463,6,1041,283,25,17,1,1,1
463,7,1059,202,24,18,1,1,1
463,8,1087,324,20,17,1,1,1
463,9,1161,88,27,21,1,1,1
464,1,673,150,27,21,1,1,1
464,2,816,314,26,17,1,1,1
464,3,769,283,31,24,1,1,1
464,4,924,269,22,16,1,1,1
464,5,968,263,28,18,1,1,1
464,6,1041,284,25,18,1,1,1
464,7,1059,203,24,19,1,1,1
464,8,1088,327,25,16,1,1,1
464,9,1162,89,25,20,1,1,1
465,1,673,155,23,21,1,1,1
465,2,817,315,25,18,1,1,1
465,3,769,288,31,23,1,1,1
465,4,924,271,22,16,1,1,1
465,5,971,266,27,17,1,1,1
465,6,1042,287,25,17,1,1,1
465,7,1059,206,24,18,1,1,1
465,8,1089,330,26,17,1,1,1
465,9,1165,92,24,19,1,1,1
466,1,673,159,27,18,1,1,1
466,2,818,316,25,18,1,1,1
466,3,769,290,31,23,1,1,1
466,4,924,272,21,16,1,1,1
466,5,972,267,27,17,1,1,1
466,6,1042,288,25,17,1,1,1
466,7,1059,206,24,17,1,1,1
466,8,1089,332,21,17,1,1,1
466,9,1163,89,27,22,1,1,1
467,1,672,160,27,22,1,1,1
467,2,817,318,26,16,1,1,1
467,3,769,295,31,23,1,1,1
467,4,924,275,23,16,1,1,1
467,5,974,270,27,17,1,1,1
467,6,1043,291,23,17,1,1,1
467,7,1059,208,24,18,1,1,1
467,8,1091,336,19,17,1,1,1
467,9,1164,91,27,21,1,1,1
468,1,672,165,27,21,1,1,1
468,2,821,319,22,18,1,1,1
468,3,769,302,31,21,1,1,1
468,4,924,277,23,16,1,1,1
468,5,976,272,27,17,1,1,1
468,6,1043,294,25,17,1,1,1
468,7,1060,210,23,18,1,1,1
468,8,1092,340,26,16,1,1,1
468,9,1165,93,26,20,1,1,1
469,1,671,167,28,22,1,1,1
469,2,820,320,23,18,1,1,1
469,3,770,302,30,23,1,1,1
469,4,924,278,23,17,1,1,1
469,5,979,273,25,18,1,1,1
469,6,1044,295,21,17,1,1,1
469,7,1058,211,25,18,1,1,1
469,8,1092,341,21,17,1,1,1
469,9,1166,93,27,20,1,1,1
470,1,671,172,28,20,1,1,1
470,2,819,321,24,18,1,1,1
470,3,770,306,30,22,1,1,1
470,4,924,280,23,16,1,1,1
470,5,979,275,23,17,1,1,1
470,6,1044,296,25,17,1,1,1
470,7,1058,211,24,19,1,1,1
470,8,1093,343,26,16,1,1,1
470,9,1166,96,26,19,1,1,1
471,1,671,174,24,21,1,1,1
471,2,816,323,27,18,1,1,1
471,3,770,310,31,22,1,1,1
471,4,924,282,23,17,1,1,1
471,5,981,277,25,18,1,1,1
471,6,1045,299,24,17,1,1,1
471,7,1058,212,24,18,1,1,1
471,8,1094,346,26,16,1,1,1
471,9,1168,97,26,20,1,1,1
472,1,671,179,27,20,1,1,1
472,2,816,323,27,19,1,1,1
472,3,770,314,31,21,1,1,1
472,4,924,283,23,17,1,1,1
472,5,982,278,27,18,1,1,1
472,6,1046,300,23,17,1,1,1
472,7,1058,213,24,18,1,1,1
472,8,1095,347,25,17,1,1,1
472,9,1168,96,27,21,1,1,1
473,1,671,180,27,21,1,1,1
473,2,816,324,27,17,1,1,1
473,3,771,315,30,22,1,1,1
473,4,924,285,21,17,1,1,1
473,5,984,280,26,17,1,1,1
473,6,1046,301,24,17,1,1,1
473,7,1060,214,22,18,1,1,1
473,8,1095,349,26,16,1,1,1
473,9,1169,100,25,19,1,1,1
474,1,671,187,26,18,1,1,1
474,2,820,327,22,17,1,1,1
474,3,771,322,31,21,1,1,1
474,4,924,287,23,17,1,1,1
474,5,985,282,27,18,1,1,1
474,6,1046,304,24,17,1,1,1
474,7,1059,216,23,18,1,1,1
474,8,1097,351,25,16,1,1,1
474,9,1169,102,27,18,1,1,1
475,1,671,192,26,18,1,1,1
475,2,815,328,27,18,1,1,1
475,3,772,326,30,22,1,1,1
475,4,925,290,23,17,1,1,1
475,5,987,285,25,17,1,1,1
475,6,1046,306,23,18,1,1,1
475,7,1057,217,24,17,1,1,1
475,8,1098,354,25,16,1,1,1
475,9,1170,105,27,19,1,1,1
476,1,671,195,26,19,1,1,1
476,2,815,329,27,18,1,1,1
476,3,772,330,31,21,1,1,1
476,4,925,291,23,17,1,1,1
476,5,989,286,24,18,1,1,1
476,6,1047,308,24,17,1,1,1
476,7,1057,218,24,18,1,1,1
476,8,1099,355,25,16,1,1,1
476,9,1171,104,27,22,1,1,1
477,1,671,196,22,21,1,1,1
477,2,814,331,27,17,1,1,1
477,3,773,332,29,21,1,1,1
477,4,925,292,23,17,1,1,1
477,5,991,286,24,19,1,1,1
477,6,1047,308,24,18,1,1,1
477,7,1057,219,24,18,1,1,1
477,8,1099,356,26,16,1,1,1
477,9,1171,108,27,19,1,1,1
478,1,671,201,25,18,1,1,1
478,2,814,331,27,18,1,1,1
478,3,773,334,31,22,1,1,1
478,4,925,293,23,17,1,1,1
478,5,991,287,25,19,1,1,1
478,6,1047,310,24,18,1,1,1
478,7,1057,219,24,18,1,1,1
478,8,1100,357,25,16,1,1,1
478,9,1172,107,27,22,1,1,1
479,1,671,205,25,20,1,1,1
479,2,813,334,24,17,1,1,1
479,3,774,340,31,18,1,1,1
479,4,925,296,23,17,1,1,1
479,5,993,290,25,18,1,1,1
479,6,1047,312,24,17,1,1,1
479,7,1057,220,24,17,1,1,1
479,8,1101,358,26,17,1,1,1
479,9,1173,111,27,21,1,1,1
480,1,671,208,24,20,1,1,1
480,2,813,334,27,18,1,1,1
480,3,775,343,31,21,1,1,1
480,4,925,298,21,17,1,1,1
480,5,994,291,24,19,1,1,1
480,6,1047,314,24,16,1,1,1
480,7,1058,221,23,17,1,1,1
480,8,1102,360,23,16,1,1,1
480,9,1173,113,25,20,1,1,1
481,1,671,211,23,19,1,1,1
481,2,812,336,28,17,1,1,1
481,3,775,347,31,20,1,1,1
481,4,925,299,22,17,1,1,1
481,5,995,292,24,19,1,1,1
481,6,1047,315,24,18,1,1,1
481,7,1056,222,25,18,1,1,1
481,8,1103,360,25,17,1,1,1
481,9,1173,115,28,21,1,1,1
482,1,670,216,25,20,1,1,1
482,2,811,338,28,17,1,1,1
482,3,776,353,31,20,1,1,1
482,4,925,302,24,16,1,1,1
482,5,996,294,24,18,1,1,1
482,6,1047,317,25,18,1,1,1
482,7,1056,223,25,18,1,1,1
482,8,1104,362,25,16,1,1,1
482,9,1174,119,28,20,1,1,1
483,1,670,219,25,19,1,1,1
483,2,811,338,27,18,1,1,1
483,3,777,354,31,22,1,1,1
483,4,925,303,24,17,1,1,1
483,5,996,295,25,17,1,1,1
483,6,1047,319,25,17,1,1,1
483,7,1056,223,25,17,1,1,1
483,8,1105,363,25,16,1,1,1
483,9,1175,120,26,20,1,1,1
484,1,671,225,23,19,1,1,1
484,2,809,340,28,19,1,1,1
484,3,778,361,31,21,1,1,1
484,4,926,306,23,17,1,1,1
484,5,997,297,25,19,1,1,1
484,6,1047,321,25,17,1,1,1
484,7,1056,225,25,17,1,1,1
484,8,1106,365,25,16,1,1,1
484,9,1176,124,27,20,1,1,1
485,1,671,228,23,18,1,1,1
485,2,809,341,27,19,1,1,1
485,3,778,364,32,21,1,1,1
485,4,926,307,23,17,1,1,1
485,5,998,299,25,18,1,1,1
485,6,1047,322,26,18,1,1,1
485,7,1056,225,24,19,1,1,1
485,8,1107,366,25,16,1,1,1
485,9,1176,128,28,19,1,1,1
486,1,669,233,25,19,1,1,1
486,2,807,343,28,19,1,1,1
486,3,780,370,31,20,1,1,1
486,4,926,310,22,16,1,1,1
486,5,999,301,25,18,1,1,1
486,6,1047,325,26,18,1,1,1
486,7,1056,226,24,19,1,1,1
486,8,1108,367,25,17,1,1,1
486,9,1177,131,25,20,1,1,1
487,1,669,236,25,18,1,1,1
487,2,810,345,24,18,1,1,1
487,3,780,373,32,20,1,1,1
487,4,926,311,24,17,1,1,1
487,5,999,301,26,20,1,1,1
487,6,1047,326,25,18,1,1,1
487,7,1056,227,23,19,1,1,1
487,8,1109,368,25,16,1,1,1
487,9,1177,134,28,20,1,1,1
488,1,669,239,25,17,1,1,1
488,2,806,346,28,18,1,1,1
488,3,781,377,32,19,1,1,1
488,4,926,313,24,17,1,1,1
488,5,1000,302,26,19,1,1,1
488,6,1047,328,26,18,1,1,1
488,7,1056,228,24,18,1,1,1
488,8,1109,369,26,16,1,1,1
488,9,1178,135,27,20,1,1,1
489,1,669,244,25,17,1,1,1
489,2,804,349,28,18,1,1,1
489,3,782,383,33,20,1,1,1
489,4,926,316,23,17,1,1,1
489,5,1002,304,25,20,1,1,1
489,6,1047,330,26,18,1,1,1
489,7,1056,229,24,17,1,1,1
489,8,1111,371,25,16,1,1,1
489,9,1179,140,27,21,1,1,1
490,1,671,247,23,17,1,1,1
490,2,804,350,28,18,1,1,1
490,3,783,385,32,21,1,1,1
490,4,927,317,23,18,1,1,1
490,5,1001,307,27,18,1,1,1
490,6,1047,331,26,19,1,1,1
490,7,1055,229,25,19,1,1,1
490,8,1112,371,25,17,1,1,1
490,9,1179,143,28,20,1,1,1
491,1,668,250,26,18,1,1,1
491,2,803,351,28,18,1,1,1
491,3,784,389,29,20,1,1,1
491,4,927,319,23,16,1,1,1
491,5,1001,307,27,20,1,1,1
491,6,1047,332,26,19,1,1,1
491,7,1055,230,25,17,1,1,1
491,8,1112,372,26,17,1,1,1
491,9,1179,146,28,20,1,1,1
492,1,668,252,26,17,1,1,1
492,2,802,352,28,18,1,1,1
492,3,785,392,32,20,1,1,1
492,4,927,320,24,17,1,1,1
492,5,1002,308,27,20,1,1,1
492,6,1048,334,25,19,1,1,1
492,7,1055,231,23,18,1,1,1
492,8,1113,373,25,17,1,1,1
492,9,1183,148,25,20,1,1,1
493,1,668,258,26,17,1,1,1
493,2,800,355,29,18,1,1,1
493,3,786,399,33,19,1,1,1
493,4,927,324,24,17,1,1,1
493,5,1004,311,26,19,1,1,1
493,6,1051,337,23,18,1,1,1
493,7,1055,232,24,19,1,1,1
493,8,1114,375,26,16,1,1,1
493,9,1181,153,26,21,1,1,1
494,1,668,260,26,17,1,1,1
494,2,799,356,29,18,1,1,1
494,3,787,402,33,19,1,1,1
494,4,927,325,23,18,1,1,1
494,5,1003,312,27,19,1,1,1
494,6,1047,339,26,18,1,1,1
494,7,1055,232,23,19,1,1,1
494,8,1115,376,22,16,1,1,1
494,9,1181,157,28,19,1,1,1
495,1,668,265,25,18,1,1,1
495,2,797,359,29,17,1,1,1
495,3,789,408,32,20,1,1,1
495,4,928,328,24,17,1,1,1
495,5,1003,316,27,18,1,1,1
495,6,1046,342,27,18,1,1,1
495,7,1055,234,24,19,1,1,1
495,8,1116,377,26,17,1,1,1
495,9,1183,161,27,20,1,1,1
496,1,668,268,25,17,1,1,1
496,2,798,360,27,18,1,1,1
496,3,790,412,32,19,1,1,1
496,4,928,330,24,17,1,1,1
496,5,1003,316,28,19,1,1,1
496,6,1046,342,27,19,1,1,1
496,7,1055,234,26,19,1,1,1
496,8,1117,378,26,17,1,1,1
496,9,1182,165,26,19,1,1,1
497,1,667,270,26,18,1,1,1
497,2,795,361,29,18,1,1,1
497,3,791,415,32,19,1,1,1
497,4,928,331,24,17,1,1,1
497,5,1004,317,27,20,1,1,1
497,6,1047,344,26,19,1,1,1
497,7,1055,235,26,19,1,1,1
497,8,1118,379,25,17,1,1,1
497,9,1183,167,28,19,1,1,1
498,1,667,275,26,18,1,1,1
498,2,794,364,28,18,1,1,1
498,3,792,421,33,19,1,1,1
498,4,928,334,24,18,1,1,1
498,5,1005,321,27,18,1,1,1
498,6,1045,348,28,18,1,1,1
498,7,1055,236,26,19,1,1,1
498,8,1119,381,26,17,1,1,1
498,9,1184,172,28,20,1,1,1
499,1,667,278,26,17,1,1,1
499,2,794,365,27,18,1,1,1
499,3,793,425,33,19,1,1,1
499,4,931,336,20,16,1,1,1
499,5,1004,322,28,19,1,1,1
499,6,1045,349,27,18,1,1,1
499,7,1055,237,26,18,1,1,1
499,8,1120,382,26,17,1,1,1
499,9,1184,175,28,19,1,1,1
500,1,668,280,25,17,1,1,1
500,2,792,367,28,17,1,1,1
500,3,794,428,33,19,1,1,1
500,4,929,337,22,17,1,1,1
500,5,1004,324,27,18,1,1,1
500,6,1046,350,26,19,1,1,1
500,7,1055,238,26,18,1,1,1
500,8,1120,383,24,17,1,1,1
500,9,1185,178,24,19,1,1,1
501,1,666,285,27,17,1,1,1
501,2,791,369,27,18,1,1,1
501,3,796,434,27,19,1,1,1
501,4,929,340,24,17,1,1,1
501,5,1004,326,28,19,1,1,1
501,6,1044,354,27,18,1,1,1
501,7,1055,239,26,19,1,1,1
501,8,1122,385,26,16,1,1,1
501,9,1186,183,27,19,1,1,1
502,1,666,287,27,17,1,1,1
502,2,788,371,29,18,1,1,1
502,3,797,437,30,19,1,1,1
502,4,929,341,24,18,1,1,1
502,5,1004,327,28,20,1,1,1
502,6,1045,356,26,18,1,1,1
502,7,1055,239,26,20,1,1,1
502,8,1123,386,26,17,1,1,1
502,9,1186,185,28,19,1,1,1
503,1,666,289,26,17,1,1,1
503,2,787,372,29,18,1,1,1
503,3,798,441,32,19,1,1,1
503,4,929,343,24,16,1,1,1
503,5,1004,329,28,19,1,1,1
503,6,1043,357,28,18,1,1,1
503,7,1055,240,25,20,1,1,1
503,8,1123,387,23,17,1,1,1
503,9,1187,188,27,19,1,1,1
504,1,670,293,22,17,1,1,1
504,2,785,375,29,18,1,1,1
504,3,800,447,32,19,1,1,1
504,4,929,346,24,17,1,1,1
504,5,1004,332,28,19,1,1,1
504,6,1047,361,23,18,1,1,1
504,7,1055,242,27,20,1,1,1
504,8,1125,389,26,16,1,1,1
504,9,1188,193,26,19,1,1,1
505,1,665,295,27,17,1,1,1
505,2,784,376,29,18,1,1,1
505,3,801,451,32,18,1,1,1
505,4,929,347,23,17,1,1,1
505,5,1005,333,26,20,1,1,1
505,6,1042,362,28,18,1,1,1
505,7,1055,243,27,19,1,1,1
505,8,1125,390,27,17,1,1,1
505,9,1188,195,28,18,1,1,1
506,1,665,297,27,17,1,1,1
506,2,783,378,29,18,1,1,1
506,3,802,454,31,19,1,1,1
506,4,929,348,24,17,1,1,1
506,5,1004,335,28,20,1,1,1
506,6,1042,364,28,18,1,1,1
506,7,1055,245,27,20,1,1,1
506,8,1126,391,23,17,1,1,1
506,9,1188,198,28,18,1,1,1
507,1,669,300,22,17,1,1,1
507,2,781,381,29,18,1,1,1
507,3,804,460,31,19,1,1,1
507,4,929,351,25,16,1,1,1
507,5,1003,338,28,20,1,1,1
507,6,1041,367,28,19,1,1,1
507,7,1056,248,27,19,1,1,1
507,8,1128,393,26,17,1,1,1
507,9,1190,202,26,19,1,1,1
508,1,664,302,27,17,1,1,1
508,2,780,382,29,18,1,1,1
508,3,804,463,32,19,1,1,1
508,4,929,352,25,16,1,1,1
508,5,1003,341,28,18,1,1,1
508,6,1041,369,27,18,1,1,1
508,7,1056,248,27,21,1,1,1
508,8,1128,394,27,17,1,1,1
508,9,1190,204,28,18,1,1,1
509,1,664,303,27,17,1,1,1
509,2,779,384,29,18,1,1,1
509,3,805,467,32,18,1,1,1
509,4,929,353,25,18,1,1,1
509,5,1003,342,28,19,1,1,1
509,6,1040,370,28,19,1,1,1
509,7,1056,250,27,21,1,1,1
509,8,1129,395,27,17,1,1,1
509,9,1190,206,28,19,1,1,1
510,1,664,304,25,17,1,1,1
510,2,778,385,29,18,1,1,1
510,3,806,470,31,18,1,1,1
510,4,931,355,23,17,1,1,1
510,5,1003,344,28,19,1,1,1
510,6,1040,372,28,19,1,1,1
510,7,1056,251,27,21,1,1,1
510,8,1130,396,25,17,1,1,1
510,9,1191,208,28,19,1,1,1
511,1,664,307,26,17,1,1,1
511,2,776,388,29,18,1,1,1
511,3,808,476,31,19,1,1,1
511,4,931,357,23,18,1,1,1
511,5,1002,347,28,19,1,1,1
511,6,1040,376,27,18,1,1,1
511,7,1056,256,28,19,1,1,1
511,8,1131,398,27,17,1,1,1
511,9,1192,213,27,18,1,1,1
512,1,663,308,27,17,1,1,1
512,2,775,389,28,19,1,1,1
512,3,809,479,31,19,1,1,1
512,4,931,359,23,17,1,1,1
512,5,1002,349,28,19,1,1,1
512,6,1038,378,28,18,1,1,1
512,7,1056,256,28,21,1,1,1
512,8,1132,399,27,17,1,1,1
512,9,1193,215,28,18,1,1,1
513,1,663,309,26,17,1,1,1
513,2,774,391,28,19,1,1,1
513,3,810,482,30,20,1,1,1
513,4,930,360,24,17,1,1,1
513,5,1003,351,27,19,1,1,1
513,6,1042,380,24,18,1,1,1
513,7,1056,259,27,21,1,1,1
513,8,1133,400,27,17,1,1,1
513,9,1194,217,27,18,1,1,1
514,1,662,311,27,17,1,1,1
514,2,772,394,28,19,1,1,1
514,3,812,489,30,19,1,1,1
514,4,931,363,23,17,1,1,1
514,5,1001,354,28,19,1,1,1
514,6,1037,383,28,19,1,1,1
514,7,1057,263,28,20,1,1,1
514,8,1134,402,27,18,1,1,1
514,9,1194,221,29,18,1,1,1
515,1,662,312,26,18,1,1,1
515,2,771,396,28,18,1,1,1
515,3,813,492,29,19,1,1,1
515,4,930,364,24,17,1,1,1
515,5,1001,356,28,19,1,1,1
515,6,1036,385,27,19,1,1,1
515,7,1057,264,27,21,1,1,1
515,8,1135,403,27,18,1,1,1
515,9,1195,223,27,18,1,1,1
516,1,662,313,26,17,1,1,1
516,2,770,397,28,19,1,1,1
516,3,814,495,29,20,1,1,1
516,4,932,365,22,17,1,1,1
516,5,1002,358,26,19,1,1,1
516,6,1037,387,27,19,1,1,1
516,7,1057,268,29,20,1,1,1
516,8,1136,404,27,18,1,1,1
516,9,1196,224,28,18,1,1,1
517,1,664,315,23,17,1,1,1
517,2,768,400,28,18,1,1,1
517,3,815,501,29,20,1,1,1
517,4,930,368,25,17,1,1,1
517,5,1000,362,28,18,1,1,1
517,6,1037,391,25,18,1,1,1
517,7,1057,271,29,22,1,1,1
517,8,1137,407,28,17,1,1,1
517,9,1197,228,28,18,1,1,1
518,1,661,315,26,18,1,1,1
518,2,767,402,28,18,1,1,1
518,3,816,504,29,20,1,1,1
518,4,930,369,25,17,1,1,1
518,5,1000,363,27,19,1,1,1
518,6,1034,393,28,18,1,1,1
518,7,1059,274,28,22,1,1,1
518,8,1138,408,28,17,1,1,1
518,9,1198,230,28,18,1,1,1
519,1,661,316,25,18,1,1,1
519,2,766,403,28,19,1,1,1
519,3,816,507,29,19,1,1,1
519,4,929,370,25,18,1,1,1
519,5,999,365,28,19,1,1,1
519,6,1033,395,28,18,1,1,1
519,7,1058,276,29,21,1,1,1
519,8,1139,409,27,17,1,1,1
519,9,1199,232,26,18,1,1,1
520,1,662,317,24,18,1,1,1
520,2,765,405,28,18,1,1,1
520,3,817,509,29,20,1,1,1
520,4,929,372,26,17,1,1,1
520,5,999,367,27,19,1,1,1
520,6,1033,397,28,18,1,1,1
520,7,1061,278,26,22,1,1,1
520,8,1139,410,28,17,1,1,1
520,9,1199,233,28,18,1,1,1
521,1,660,319,26,17,1,1,1
521,2,763,408,28,19,1,1,1
521,3,817,514,29,20,1,1,1
521,4,929,374,25,18,1,1,1
521,5,998,371,27,19,1,1,1
521,6,1032,401,28,18,1,1,1
521,7,1058,283,30,20,1,1,1
521,8,1141,412,28,18,1,1,1
521,9,1200,237,28,18,1,1,1
522,1,660,319,26,17,1,1,1
522,2,762,410,28,19,1,1,1
522,3,818,516,29,19,1,1,1
522,4,929,376,26,17,1,1,1
522,5,998,373,27,18,1,1,1
522,6,1031,403,28,18,1,1,1
522,7,1059,285,29,21,1,1,1
522,8,1142,414,28,17,1,1,1
522,9,1201,239,28,18,1,1,1
523,1,660,320,26,17,1,1,1
523,2,761,411,28,19,1,1,1
523,3,818,518,29,21,1,1,1
523,4,929,377,26,18,1,1,1
523,5,997,375,27,18,1,1,1
523,6,1031,405,28,18,1,1,1
523,7,1059,289,30,22,1,1,1
523,8,1143,415,28,18,1,1,1
523,9,1202,240,28,18,1,1,1
524,1,660,321,25,18,1,1,1
524,2,760,413,28,19,1,1,1
524,3,818,520,29,21,1,1,1
524,4,929,378,25,18,1,1,1
524,5,997,377,27,18,1,1,1
524,6,1030,407,28,18,1,1,1
524,7,1059,290,30,22,1,1,1
524,8,1143,416,29,18,1,1,1
524,9,1202,242,29,18,1,1,1
525,1,659,322,26,17,1,1,1
525,2,760,416,27,19,1,1,1
525,3,818,523,30,20,1,1,1
525,4,929,381,25,18,1,1,1
525,5,996,380,27,18,1,1,1
525,6,1029,411,28,18,1,1,1
525,7,1060,296,30,22,1,1,1
525,8,1145,419,29,17,1,1,1
525,9,1204,246,28,18,1,1,1
526,1,659,323,26,18,1,1,1
526,2,759,418,27,19,1,1,1
526,3,818,525,30,20,1,1,1
526,4,929,383,25,17,1,1,1
526,5,996,382,27,19,1,1,1
526,6,1028,413,27,18,1,1,1
526,7,1060,298,29,22,1,1,1
526,8,1146,420,29,18,1,1,1
526,9,1204,247,29,19,1,1,1
527,1,659,323,26,19,1,1,1
527,2,757,420,28,18,1,1,1
527,3,818,526,31,21,1,1,1
527,4,929,384,25,18,1,1,1
527,5,996,384,27,19,1,1,1
527,6,1028,415,28,18,1,1,1
527,7,1060,302,31,21,1,1,1
527,8,1147,421,29,18,1,1,1
527,9,1205,249,27,18,1,1,1
528,1,658,325,26,17,1,1,1
528,2,755,423,28,19,1,1,1
528,3,818,529,31,20,1,1,1
528,4,928,387,26,18,1,1,1
528,5,995,388,27,19,1,1,1
528,6,1027,419,28,18,1,1,1
528,7,1061,307,29,23,1,1,1
528,8,1148,424,30,18,1,1,1
528,9,1206,252,29,19,1,1,1
529,1,658,325,26,17,1,1,1
529,2,755,423,28,19,1,1,1
529,3,818,529,31,20,1,1,1
529,4,928,387,26,18,1,1,1
529,5,995,388,27,19,1,1,1
529,6,1027,419,28,18,1,1,1
529,7,1061,307,29,23,1,1,1
529,8,1148,424,30,18,1,1,1
529,9,1206,252,29,19,1,1,1
530,1,658,326,26,18,1,1,1
530,2,753,426,29,20,1,1,1
530,3,818,530,32,20,1,1,1
530,4,928,390,26,17,1,1,1
530,5,996,392,26,19,1,1,1
530,6,1026,423,27,18,1,1,1
530,7,1061,312,31,23,1,1,1
530,8,1150,426,28,18,1,1,1
530,9,1208,256,28,18,1,1,1
531,1,658,327,26,18,1,1,1
531,2,752,428,29,19,1,1,1
531,3,818,531,32,20,1,1,1
531,4,928,391,26,18,1,1,1
531,5,994,394,28,19,1,1,1
531,6,1025,425,28,19,1,1,1
531,7,1062,317,31,21,1,1,1
531,8,1151,427,29,18,1,1,1
531,9,1209,257,28,19,1,1,1
532,1,657,328,27,17,1,1,1
532,2,753,430,27,19,1,1,1
532,3,817,532,33,20,1,1,1
532,4,928,393,25,17,1,1,1
532,5,994,396,28,19,1,1,1
532,6,1025,427,27,19,1,1,1
532,7,1062,318,31,22,1,1,1
532,8,1152,429,29,18,1,1,1
532,9,1209,259,28,19,1,1,1
533,1,657,329,26,18,1,1,1
533,2,750,434,28,19,1,1,1
533,3,817,533,33,20,1,1,1
533,4,929,396,24,17,1,1,1
533,5,994,400,27,19,1,1,1
533,6,1024,431,27,19,1,1,1
533,7,1063,326,31,19,1,1,1
533,8,1154,431,30,19,1,1,1
533,9,1211,263,28,18,1,1,1
534,1,657,329,26,19,1,1,1
534,2,749,436,29,19,1,1,1
534,3,820,533,30,20,1,1,1
534,4,928,397,25,18,1,1,1
534,5,994,402,27,19,1,1,1
534,6,1023,434,28,18,1,1,1
534,7,1063,328,31,22,1,1,1
534,8,1155,433,30,18,1,1,1
534,9,1211,264,29,19,1,1,1
535,1,657,330,26,19,1,1,1
535,2,748,437,29,19,1,1,1
535,3,816,533,34,20,1,1,1
535,4,927,399,26,18,1,1,1
535,5,993,404,28,20,1,1,1
535,6,1023,436,27,19,1,1,1
535,7,1064,331,30,21,1,1,1
535,8,1156,434,30,18,1,1,1
535,9,1212,266,27,19,1,1,1
536,1,656,332,27,18,1,1,1
536,2,747,441,29,19,1,1,1
536,3,815,533,35,20,1,1,1
536,4,927,401,26,18,1,1,1
536,5,993,408,28,19,1,1,1
536,6,1022,440,27,19,1,1,1
536,7,1064,338,30,21,1,1,1
536,8,1158,437,30,18,1,1,1
536,9,1214,270,28,18,1,1,1
537,1,656,332,27,19,1,1,1
537,2,746,442,29,19,1,1,1
537,3,815,532,34,20,1,1,1
537,4,927,403,26,18,1,1,1
537,5,993,410,28,19,1,1,1
537,6,1021,442,28,18,1,1,1
537,7,1065,340,31,22,1,1,1
537,8,1159,438,30,18,1,1,1
537,9,1214,271,28,19,1,1,1
538,1,656,333,27,17,1,1,1
538,2,745,443,29,20,1,1,1
538,3,815,532,34,20,1,1,1
538,4,928,404,25,18,1,1,1
538,5,992,412,29,20,1,1,1
538,6,1021,443,28,19,1,1,1
538,7,1065,344,31,20,1,1,1
538,8,1160,440,30,18,1,1,1
538,9,1215,273,28,19,1,1,1
539,1,656,334,27,19,1,1,1
539,2,744,445,29,19,1,1,1
539,3,814,531,35,20,1,1,1
539,4,926,406,26,18,1,1,1
539,5,992,414,29,20,1,1,1
539,6,1021,445,27,18,1,1,1
539,7,1065,348,28,20,1,1,1
539,8,1161,441,30,18,1,1,1
539,9,1216,275,28,19,1,1,1
540,1,656,336,27,17,1,1,1
540,2,743,447,29,19,1,1,1
540,3,813,530,35,20,1,1,1
540,4,926,409,26,18,1,1,1
540,5,991,418,30,20,1,1,1
540,6,1020,448,28,19,1,1,1
540,7,1066,354,31,20,1,1,1
540,8,1163,444,30,19,1,1,1
540,9,1217,279,28,19,1,1,1
541,1,656,336,24,19,1,1,1
541,2,742,447,30,19,1,1,1
541,3,812,529,35,20,1,1,1
541,4,926,411,26,18,1,1,1
541,5,991,420,30,20,1,1,1
541,6,1020,450,28,18,1,1,1
541,7,1067,358,31,18,1,1,1
541,8,1164,446,31,18,1,1,1
541,9,1218,280,28,20,1,1,1
542,1,656,337,26,19,1,1,1
542,2,741,448,30,19,1,1,1
542,3,812,528,35,20,1,1,1
542,4,927,413,25,17,1,1,1
542,5,991,423,30,19,1,1,1
542,6,1020,451,28,19,1,1,1
542,7,1067,362,31,20,1,1,1
542,8,1165,447,31,19,1,1,1
542,9,1218,282,29,19,1,1,1
543,1,656,339,26,19,1,1,1
543,2,741,449,29,19,1,1,1
543,3,810,525,36,20,1,1,1
543,4,925,416,27,18,1,1,1
543,5,991,427,30,20,1,1,1
543,6,1019,453,28,19,1,1,1
543,7,1068,368,30,21,1,1,1
543,8,1167,450,31,18,1,1,1
543,9,1220,286,28,19,1,1,1
544,1,655,339,25,19,1,1,1
544,2,739,449,30,19,1,1,1
544,3,810,524,35,20,1,1,1
544,4,925,417,27,19,1,1,1
544,5,991,429,30,20,1,1,1
544,6,1019,454,28,19,1,1,1
544,7,1068,372,31,20,1,1,1
544,8,1169,451,30,19,1,1,1
544,9,1221,288,28,19,1,1,1
545,1,655,340,27,19,1,1,1
545,2,738,449,30,19,1,1,1
545,3,809,522,36,20,1,1,1
545,4,925,419,26,18,1,1,1
545,5,991,431,30,20,1,1,1
545,6,1019,454,28,19,1,1,1
545,7,1069,375,30,20,1,1,1
545,8,1170,453,31,18,1,1,1
545,9,1221,290,29,18,1,1,1
546,1,655,341,27,19,1,1,1
546,2,737,449,31,19,1,1,1
546,3,808,520,36,21,1,1,1
546,4,926,421,25,17,1,1,1
546,5,990,433,31,20,1,1,1
546,6,1019,455,28,19,1,1,1
546,7,1069,378,30,21,1,1,1
546,8,1171,454,31,19,1,1,1
546,9,1222,292,28,19,1,1,1
547,1,655,342,28,20,1,1,1
547,2,736,448,31,19,1,1,1
547,3,807,516,35,21,1,1,1
547,4,924,424,27,18,1,1,1
547,5,990,437,31,20,1,1,1
547,6,1019,455,29,19,1,1,1
547,7,1070,385,30,19,1,1,1
547,8,1173,457,31,19,1,1,1
547,9,1223,296,29,18,1,1,1
548,1,655,343,28,20,1,1,1
548,2,735,448,31,19,1,1,1
548,3,806,514,36,21,1,1,1
548,4,924,425,27,19,1,1,1
548,5,991,440,30,20,1,1,1
548,6,1018,455,30,20,1,1,1
548,7,1070,389,30,19,1,1,1
548,8,1174,459,32,18,1,1,1
548,9,1224,298,28,19,1,1,1
549,1,655,344,28,18,1,1,1
549,2,734,447,31,19,1,1,1
549,3,805,512,36,20,1,1,1
549,4,924,427,27,19,1,1,1
549,5,990,442,31,20,1,1,1
549,6,1018,455,30,20,1,1,1
549,7,1071,392,30,20,1,1,1
549,8,1175,460,32,19,1,1,1
549,9,1224,300,29,19,1,1,1
550,1,655,346,28,18,1,1,1
550,2,732,445,32,19,1,1,1
550,3,804,506,36,21,1,1,1
550,4,925,431,25,18,1,1,1
550,5,991,446,31,20,1,1,1
550,6,1018,455,30,19,1,1,1
550,7,1071,400,30,19,1,1,1
550,8,1178,464,26,18,1,1,1
550,9,1226,304,29,19,1,1,1
551,1,655,347,28,18,1,1,1
551,2,731,443,32,20,1,1,1
551,3,803,503,36,21,1,1,1
551,4,923,432,27,19,1,1,1
551,5,991,449,31,20,1,1,1
551,6,1018,454,31,19,1,1,1
551,7,1072,403,30,20,1,1,1
551,8,1179,465,32,19,1,1,1
551,9,1227,306,28,19,1,1,1
552,1,655,347,28,19,1,1,1
552,2,730,442,33,20,1,1,1
552,3,802,500,36,21,1,1,1
552,4,923,434,27,19,1,1,1
552,5,991,451,31,20,1,1,1
552,6,1018,453,31,20,1,1,1
552,7,1072,407,30,19,1,1,1
552,8,1180,467,32,19,1,1,1
552,9,1227,308,29,19,1,1,1
553,1,655,348,28,19,1,1,1
553,2,730,440,32,20,1,1,1
553,3,801,497,36,21,1,1,1
553,4,923,436,27,18,1,1,1
553,5,991,453,31,20,1,1,1
553,6,1018,453,31,19,1,1,1
553,7,1072,410,30,20,1,1,1
553,8,1182,468,31,19,1,1,1
553,9,1228,310,29,18,1,1,1
554,1,655,350,28,19,1,1,1
554,2,728,436,32,20,1,1,1
554,3,799,490,36,21,1,1,1
554,4,923,439,27,18,1,1,1
554,5,991,458,32,20,1,1,1
554,6,1019,451,31,19,1,1,1
554,7,1073,417,30,19,1,1,1
554,8,1184,471,32,19,1,1,1
554,9,1229,314,29,20,1,1,1
555,1,655,351,28,20,1,1,1
555,2,727,434,33,20,1,1,1
555,3,798,486,36,21,1,1,1
555,4,923,441,27,18,1,1,1
555,5,992,460,31,20,1,1,1
555,6,1019,449,32,20,1,1,1
555,7,1074,421,29,19,1,1,1
555,8,1185,473,27,18,1,1,1
555,9,1229,316,30,20,1,1,1
556,1,655,352,28,20,1,1,1
556,2,726,432,33,20,1,1,1
556,3,797,483,36,21,1,1,1
556,4,922,443,28,18,1,1,1
556,5,992,463,26,20,1,1,1
556,6,1019,448,32,20,1,1,1
556,7,1074,424,29,20,1,1,1
556,8,1187,474,32,18,1,1,1
556,9,1230,318,29,20,1,1,1
557,1,657,353,26,20,1,1,1
557,2,725,430,33,20,1,1,1
557,3,796,479,37,20,1,1,1
557,4,922,445,28,18,1,1,1
557,5,992,465,32,20,1,1,1
557,6,1019,447,33,20,1,1,1
557,7,1074,428,27,19,1,1,1
557,8,1188,475,32,19,1,1,1
557,9,1231,321,29,18,1,1,1
558,1,656,355,28,18,1,1,1
558,2,723,424,33,21,1,1,1
558,3,794,470,37,21,1,1,1
558,4,922,448,26,18,1,1,1
558,5,993,470,31,20,1,1,1
558,6,1020,443,33,20,1,1,1
558,7,1075,435,29,20,1,1,1
558,8,1190,477,33,19,1,1,1
558,9,1232,325,29,19,1,1,1
559,1,656,356,28,19,1,1,1
559,2,723,421,32,21,1,1,1
559,3,793,466,37,21,1,1,1
559,4,922,449,27,18,1,1,1
559,5,993,473,32,19,1,1,1
559,6,1021,441,32,21,1,1,1
559,7,1075,439,29,19,1,1,1
559,8,1192,478,32,19,1,1,1
559,9,1233,327,29,20,1,1,1
560,1,656,357,28,19,1,1,1
560,2,722,418,33,21,1,1,1
560,3,792,462,37,21,1,1,1
560,4,923,450,26,18,1,1,1
560,5,993,475,32,20,1,1,1
560,6,1021,439,33,21,1,1,1
560,7,1075,442,29,19,1,1,1
560,8,1193,478,32,19,1,1,1
560,9,1233,329,30,20,1,1,1
561,1,656,359,28,19,1,1,1
561,2,718,412,35,21,1,1,1
561,3,790,453,37,21,1,1,1
561,4,921,452,28,18,1,1,1
561,5,994,480,32,20,1,1,1
561,6,1022,435,33,20,1,1,1
561,7,1076,450,29,19,1,1,1
561,8,1196,480,32,19,1,1,1
561,9,1234,334,30,19,1,1,1
562,1,656,360,28,19,1,1,1
562,2,717,409,35,21,1,1,1
562,3,789,449,37,21,1,1,1
562,4,921,453,28,18,1,1,1
562,5,994,483,32,20,1,1,1
562,6,1023,433,33,20,1,1,1
562,7,1076,453,29,19,1,1,1
562,8,1197,480,32,20,1,1,1
562,9,1235,336,30,20,1,1,1
563,1,656,361,27,19,1,1,1
563,2,716,406,35,21,1,1,1
563,3,788,445,37,21,1,1,1
563,4,921,453,28,19,1,1,1
563,5,995,485,32,20,1,1,1
563,6,1024,430,33,21,1,1,1
563,7,1076,457,29,19,1,1,1
563,8,1198,481,32,19,1,1,1
563,9,1235,339,31,19,1,1,1
564,1,656,362,27,18,1,1,1
564,2,715,402,35,22,1,1,1
564,3,787,441,37,21,1,1,1
564,4,921,454,28,18,1,1,1
564,5,995,488,32,20,1,1,1
564,6,1024,427,34,21,1,1,1
564,7,1077,460,29,19,1,1,1
564,8,1200,481,31,20,1,1,1
564,9,1236,341,30,19,1,1,1
565,1,656,364,29,19,1,1,1
565,2,712,396,36,22,1,1,1
565,3,785,433,37,21,1,1,1
565,4,922,454,27,19,1,1,1
565,5,996,493,32,20,1,1,1
565,6,1026,422,33,21,1,1,1
565,7,1077,467,29,19,1,1,1
565,8,1202,481,31,20,1,1,1
565,9,1237,346,31,19,1,1,1
566,1,656,365,29,19,1,1,1
566,2,711,393,36,22,1,1,1
566,3,784,429,37,21,1,1,1
566,4,921,454,28,19,1,1,1
566,5,996,496,32,20,1,1,1
566,6,1026,419,34,21,1,1,1
566,7,1077,470,29,19,1,1,1
566,8,1203,481,31,20,1,1,1
566,9,1238,348,30,20,1,1,1
567,1,656,367,29,20,1,1,1
567,2,710,387,34,21,1,1,1
567,3,782,420,37,22,1,1,1
567,4,920,453,29,19,1,1,1
567,5,997,501,32,20,1,1,1
567,6,1028,413,34,22,1,1,1
567,7,1078,478,29,19,1,1,1
567,8,1205,481,30,19,1,1,1
567,9,1239,353,31,19,1,1,1
568,1,656,368,29,19,1,1,1
568,2,707,384,36,21,1,1,1
568,3,781,416,37,22,1,1,1
568,4,920,453,29,18,1,1,1
568,5,998,504,32,20,1,1,1
568,6,1029,411,34,21,1,1,1
568,7,1078,481,29,19,1,1,1
568,8,1206,480,30,20,1,1,1
568,9,1240,355,31,20,1,1,1
569,1,656,369,29,19,1,1,1
569,2,706,381,36,21,1,1,1
569,3,780,412,37,22,1,1,1
569,4,920,452,29,19,1,1,1
569,5,998,506,32,21,1,1,1
569,6,1030,408,34,21,1,1,1
569,7,1078,484,29,20,1,1,1
569,8,1207,480,30,20,1,1,1
569,9,1240,358,31,19,1,1,1
570,1,656,370,28,19,1,1,1
570,2,705,378,36,21,1,1,1
570,3,778,408,38,22,1,1,1
570,4,920,451,28,18,1,1,1
570,5,999,509,32,20,1,1,1
570,6,1031,405,34,21,1,1,1
570,7,1078,488,30,19,1,1,1
570,8,1207,479,30,20,1,1,1
570,9,1241,360,31,20,1,1,1
571,1,656,372,30,20,1,1,1
571,2,702,371,36,22,1,1,1
571,3,776,401,37,21,1,1,1
571,4,920,449,28,18,1,1,1
571,5,1000,513,32,21,1,1,1
571,6,1033,400,34,21,1,1,1
571,7,1079,495,29,19,1,1,1
571,8,1208,477,31,20,1,1,1
571,9,1242,365,31,19,1,1,1
572,1,656,373,30,20,1,1,1
572,2,701,368,36,22,1,1,1
572,3,775,397,37,21,1,1,1
572,4,920,448,28,18,1,1,1
572,5,1000,515,32,21,1,1,1
572,6,1034,397,34,22,1,1,1
572,7,1079,498,29,19,1,1,1
572,8,1209,476,31,20,1,1,1
572,9,1243,368,31,19,1,1,1
573,1,656,374,30,20,1,1,1
573,2,699,365,37,22,1,1,1
573,3,774,393,37,21,1,1,1
573,4,920,446,28,19,1,1,1
573,5,1000,517,33,21,1,1,1
573,6,1034,395,35,21,1,1,1
573,7,1079,501,30,20,1,1,1
573,8,1209,475,32,20,1,1,1
573,9,1243,370,32,20,1,1,1
574,1,656,376,30,20,1,1,1
574,2,696,359,37,22,1,1,1
574,3,772,385,37,22,1,1,1
574,4,919,443,29,19,1,1,1
574,5,1002,521,32,20,1,1,1
574,6,1036,390,35,21,1,1,1
574,7,1080,507,29,20,1,1,1
574,8,1210,472,33,21,1,1,1
574,9,1245,375,31,20,1,1,1
575,1,656,378,30,19,1,1,1
575,2,695,356,37,22,1,1,1
575,3,771,381,37,22,1,1,1
575,4,919,441,29,19,1,1,1
575,5,1002,522,32,21,1,1,1
575,6,1037,387,35,21,1,1,1
575,7,1080,510,29,20,1,1,1
575,8,1210,471,33,20,1,1,1
575,9,1245,378,32,20,1,1,1
576,1,656,379,30,20,1,1,1
576,2,693,352,38,23,1,1,1
576,3,769,377,38,22,1,1,1
576,4,919,439,29,19,1,1,1
576,5,1003,523,31,21,1,1,1
576,6,1038,384,35,21,1,1,1
576,7,1080,513,29,20,1,1,1
576,8,1210,469,34,20,1,1,1
576,9,1246,380,32,20,1,1,1
577,1,656,381,30,20,1,1,1
577,2,690,346,38,23,1,1,1
577,3,767,369,37,22,1,1,1
577,4,919,435,29,20,1,1,1
577,5,1003,526,32,21,1,1,1
577,6,1041,379,34,21,1,1,1
577,7,1080,517,30,21,1,1,1
577,8,1211,465,34,21,1,1,1
577,9,1247,386,32,20,1,1,1
578,1,656,382,30,20,1,1,1
578,2,689,343,37,23,1,1,1
578,3,766,365,37,23,1,1,1
578,4,919,433,29,20,1,1,1
578,5,1003,527,32,21,1,1,1
578,6,1042,377,34,21,1,1,1
578,7,1080,519,30,21,1,1,1
578,8,1211,463,34,21,1,1,1
578,9,1248,388,32,20,1,1,1
579,1,656,384,31,21,1,1,1
579,2,686,337,38,22,1,1,1
579,3,764,358,37,22,1,1,1
579,4,919,430,29,19,1,1,1
579,5,1004,528,32,21,1,1,1
579,6,1044,371,34,22,1,1,1
579,7,1081,523,30,20,1,1,1
579,8,1211,459,35,21,1,1,1
579,9,1249,394,33,20,1,1,1
580,1,656,386,31,20,1,1,1
580,2,684,333,38,23,1,1,1
580,3,763,354,37,22,1,1,1
580,4,919,428,29,19,1,1,1
580,5,1004,528,32,21,1,1,1
580,6,1045,369,35,21,1,1,1
580,7,1081,524,30,21,1,1,1
580,8,1211,457,35,21,1,1,1
580,9,1250,396,33,20,1,1,1
581,1,656,387,31,20,1,1,1
581,2,682,330,39,23,1,1,1
581,3,762,350,37,23,1,1,1
581,4,920,426,28,20,1,1,1
581,5,1004,528,32,21,1,1,1
581,6,1046,366,35,22,1,1,1
581,7,1081,526,30,20,1,1,1
581,8,1211,455,35,21,1,1,1
581,9,1251,399,32,20,1,1,1
582,1,656,388,31,20,1,1,1
582,2,681,327,38,23,1,1,1
582,3,760,347,37,22,1,1,1
582,4,918,424,30,20,1,1,1
582,5,1004,528,32,21,1,1,1
582,6,1047,364,35,21,1,1,1
582,7,1081,527,30,21,1,1,1
582,8,1211,452,35,21,1,1,1
582,9,1251,401,33,20,1,1,1
583,1,656,390,31,20,1,1,1
583,2,677,320,39,23,1,1,1
583,3,758,339,37,23,1,1,1
583,4,918,420,30,20,1,1,1
583,5,1004,528,33,21,1,1,1
583,6,1049,358,35,22,1,1,1
583,7,1081,529,30,21,1,1,1
583,8,1211,447,35,21,1,1,1
583,9,1253,407,33,20,1,1,1
584,1,656,392,31,19,1,1,1
584,2,676,317,38,23,1,1,1
584,3,757,335,37,23,1,1,1
584,4,918,418,30,20,1,1,1
584,5,1004,527,33,22,1,1,1
584,6,1050,356,36,22,1,1,1
584,7,1082,530,30,20,1,1,1
584,8,1211,444,35,21,1,1,1
584,9,1253,410,30,20,1,1,1
585,1,656,393,31,19,1,1,1
585,2,674,314,39,23,1,1,1
585,3,756,331,37,23,1,1,1
585,4,918,417,30,20,1,1,1
585,5,1004,527,34,21,1,1,1
585,6,1051,353,36,22,1,1,1
585,7,1082,531,30,19,1,1,1
585,8,1210,441,36,21,1,1,1
585,9,1254,412,33,20,1,1,1
586,1,656,395,31,20,1,1,1
586,2,670,306,39,24,1,1,1
586,3,753,323,37,23,1,1,1
586,4,918,413,30,20,1,1,1
586,5,1004,525,34,21,1,1,1
586,6,1054,348,35,22,1,1,1
586,7,1082,532,30,20,1,1,1
586,8,1210,434,35,22,1,1,1
586,9,1256,418,33,20,1,1,1
587,1,656,397,31,20,1,1,1
587,2,668,303,40,24,1,1,1
587,3,752,320,37,23,1,1,1
587,4,918,411,30,20,1,1,1
587,5,1004,523,35,22,1,1,1
587,6,1055,345,35,22,1,1,1
587,7,1082,532,30,20,1,1,1
587,8,1210,431,35,22,1,1,1
587,9,1256,421,34,20,1,1,1
588,1,656,398,31,20,1,1,1
588,2,666,299,40,24,1,1,1
588,3,751,316,37,23,1,1,1
588,4,918,409,30,20,1,1,1
588,5,1004,522,35,22,1,1,1
588,6,1056,342,36,23,1,1,1
588,7,1082,532,31,20,1,1,1
588,8,1209,428,36,22,1,1,1
588,9,1257,424,34,20,1,1,1
589,1,656,399,31,20,1,1,1
589,2,665,296,39,24,1,1,1
589,3,750,312,37,23,1,1,1
589,4,919,407,29,20,1,1,1
589,5,1004,520,35,22,1,1,1
589,6,1057,340,36,22,1,1,1
589,7,1082,532,31,19,1,1,1
589,8,1209,426,35,21,1,1,1
589,9,1258,427,34,20,1,1,1
590,1,655,402,32,20,1,1,1
590,2,661,289,40,24,1,1,1
590,3,747,304,38,23,1,1,1
590,4,917,403,31,21,1,1,1
590,5,1004,517,35,22,1,1,1
590,6,1060,334,35,22,1,1,1
590,7,1083,531,30,20,1,1,1
590,8,1208,419,35,22,1,1,1
590,9,1259,432,34,20,1,1,1
591,1,655,403,32,21,1,1,1
591,2,659,285,40,24,1,1,1
591,3,746,299,38,24,1,1,1
591,4,917,401,31,21,1,1,1
591,5,1003,514,36,22,1,1,1
591,6,1061,331,36,23,1,1,1
591,7,1083,530,31,20,1,1,1
591,8,1207,416,36,22,1,1,1
591,9,1260,435,34,20,1,1,1
592,1,655,406,32,20,1,1,1
592,2,655,278,41,24,1,1,1
592,3,744,292,37,24,1,1,1
592,4,917,397,31,21,1,1,1
592,5,1003,510,36,22,1,1,1
592,6,1063,326,36,23,1,1,1
592,7,1083,528,31,20,1,1,1
592,8,1206,410,36,23,1,1,1
592,9,1262,441,34,20,1,1,1
593,1,655,407,32,21,1,1,1
593,2,653,274,41,25,1,1,1
593,3,742,287,38,25,1,1,1
593,4,917,395,31,21,1,1,1
593,5,1003,507,36,23,1,1,1
593,6,1064,323,36,22,1,1,1
593,7,1083,527,31,20,1,1,1
593,8,1206,408,35,22,1,1,1
593,9,1263,444,34,20,1,1,1
594,1,655,408,31,21,1,1,1
594,2,651,270,41,25,1,1,1
594,3,741,283,38,25,1,1,1
594,4,917,393,31,21,1,1,1
594,5,1002,505,37,22,1,1,1
594,6,1066,320,35,23,1,1,1
594,7,1083,525,31,21,1,1,1
594,8,1205,405,36,22,1,1,1
594,9,1263,447,35,20,1,1,1
595,1,654,409,32,21,1,1,1
595,2,649,267,41,24,1,1,1
595,3,740,279,38,24,1,1,1
595,4,916,390,32,22,1,1,1
595,5,1002,502,37,22,1,1,1
595,6,1067,317,36,23,1,1,1
595,7,1083,524,32,20,1,1,1
595,8,1205,402,35,22,1,1,1
595,9,1264,450,35,20,1,1,1
596,1,654,411,32,21,1,1,1
596,2,645,259,41,25,1,1,1
596,3,737,270,39,25,1,1,1
596,4,916,386,32,22,1,1,1
596,5,1002,495,37,23,1,1,1
596,6,1069,311,36,23,1,1,1
596,7,1084,520,31,21,1,1,1
596,8,1203,396,36,22,1,1,1
596,9,1266,456,35,20,1,1,1
597,1,653,412,33,20,1,1,1
597,2,643,255,41,25,1,1,1
597,3,736,266,39,25,1,1,1
597,4,916,384,32,21,1,1,1
597,5,1001,492,37,22,1,1,1
597,6,1070,307,36,24,1,1,1
597,7,1084,518,31,20,1,1,1
597,8,1203,393,35,22,1,1,1
597,9,1267,459,35,20,1,1,1
598,1,653,412,32,21,1,1,1
598,2,641,251,41,25,1,1,1
598,3,735,262,38,25,1,1,1
598,4,916,382,32,21,1,1,1
598,5,1001,488,37,23,1,1,1
598,6,1071,305,37,23,1,1,1
598,7,1084,516,31,20,1,1,1
598,8,1202,391,36,22,1,1,1
598,9,1268,462,35,20,1,1,1
599,1,651,413,34,21,1,1,1
599,2,636,244,42,25,1,1,1
599,3,732,254,39,25,1,1,1
599,4,916,378,32,21,1,1,1
599,5,1000,481,38,22,1,1,1
599,6,1074,298,36,24,1,1,1
599,7,1084,511,32,20,1,1,1
599,8,1201,385,36,22,1,1,1
599,9,1270,468,35,20,1,1,1
600,1,651,413,34,22,1,1,1
600,2,634,240,42,26,1,1,1
600,3,731,248,39,26,1,1,1
600,4,915,375,33,22,1,1,1
600,5,999,476,38,23,1,1,1
600,6,1075,295,36,24,1,1,1
600,7,1084,508,32,20,1,1,1
600,8,1200,382,36,22,1,1,1
600,9,1271,472,35,20,1,1,1
601,1,650,413,34,22,1,1,1
601,2,632,237,42,26,1,1,1
601,3,730,244,39,26,1,1,1
601,4,915,373,33,22,1,1,1
601,5,999,472,38,23,1,1,1
601,6,1076,292,37,24,1,1,1
601,7,1085,505,31,20,1,1,1
601,8,1199,380,36,22,1,1,1
601,9,1272,474,35,20,1,1,1
602,1,648,413,36,23,1,1,1
602,2,629,230,42,28,1,1,1
602,3,728,236,39,27,1,1,1
602,4,915,368,32,22,1,1,1
602,5,998,464,38,23,1,1,1
602,6,1078,286,37,24,1,1,1
602,7,1085,498,32,21,1,1,1
602,8,1198,374,36,23,1,1,1
602,9,1274,480,35,20,1,1,1
603,1,647,413,36,23,1,1,1
603,2,627,226,42,29,1,1,1
603,3,727,232,39,27,1,1,1
603,4,915,366,32,22,1,1,1
603,5,997,459,38,23,1,1,1
603,6,1079,282,37,26,1,1,1
603,7,1085,495,32,21,1,1,1
603,8,1197,371,36,23,1,1,1
603,9,1275,483,35,20,1,1,1
604,1,646,414,37,22,1,1,1
604,2,625,224,42,29,1,1,1
604,3,726,228,39,27,1,1,1
604,4,915,364,32,22,1,1,1
604,5,997,455,38,23,1,1,1
604,6,1080,279,37,26,1,1,1
604,7,1085,491,32,21,1,1,1
604,8,1196,369,36,22,1,1,1
604,9,1276,485,35,20,1,1,1
605,1,645,412,37,24,1,1,1
605,2,623,221,43,29,1,1,1
605,3,725,224,39,28,1,1,1
605,4,914,361,33,23,1,1,1
605,5,996,451,38,23,1,1,1
605,6,1081,277,37,26,1,1,1
605,7,1085,488,32,21,1,1,1
605,8,1195,366,36,22,1,1,1
605,9,1277,488,35,20,1,1,1
606,1,644,412,38,23,1,1,1
606,2,621,218,43,30,1,1,1
606,3,724,220,39,29,1,1,1
606,4,914,359,33,22,1,1,1
606,5,996,447,38,23,1,1,1
606,6,1083,274,36,25,1,1,1
606,7,1085,484,33,21,1,1,1
606,8,1195,363,35,23,1,1,1
606,9,1278,490,35,20,1,1,1
607,1,642,410,38,24,1,1,1
607,2,617,213,41,30,1,1,1
607,3,722,213,38,31,1,1,1
607,4,914,354,33,23,1,1,1
607,5,994,438,39,24,1,1,1
607,6,1085,269,36,27,1,1,1
607,7,1086,477,32,21,1,1,1
607,8,1193,358,36,22,1,1,1
607,9,1280,494,35,20,1,1,1
608,1,641,409,38,24,1,1,1
608,2,615,210,43,31,1,1,1
608,3,721,209,38,32,1,1,1
608,4,914,352,33,22,1,1,1
608,5,994,434,38,23,1,1,1
608,6,1086,266,36,29,1,1,1
608,7,1086,473,32,22,1,1,1
608,8,1192,355,36,22,1,1,1
608,9,1281,496,35,20,1,1,1
609,1,640,408,39,24,1,1,1
609,2,614,208,43,30,1,1,1
609,3,720,206,38,32,1,1,1
609,4,913,349,34,23,1,1,1
609,5,993,430,39,23,1,1,1
609,6,1087,264,36,30,1,1,1
609,7,1086,470,33,21,1,1,1
609,8,1191,352,36,23,1,1,1
609,9,1282,497,35,21,1,1,1
610,1,638,407,40,24,1,1,1
610,2,613,206,42,30,1,1,1
610,3,719,203,38,33,1,1,1
610,4,913,347,34,23,1,1,1
610,5,993,426,38,23,1,1,1
610,6,1088,262,36,30,1,1,1
610,7,1086,467,33,21,1,1,1
610,8,1191,349,36,23,1,1,1
610,9,1283,499,35,20,1,1,1
611,1,636,404,39,25,1,1,1
611,2,610,201,42,30,1,1,1
611,3,716,198,39,33,1,1,1
611,4,913,342,34,23,1,1,1
611,5,991,418,39,23,1,1,1
611,6,1089,260,35,29,1,1,1
611,7,1086,460,33,21,1,1,1
611,8,1189,344,36,23,1,1,1
611,9,1285,502,35,20,1,1,1
612,1,634,402,40,25,1,1,1
612,2,607,198,44,31,1,1,1
612,3,716,196,38,33,1,1,1
612,4,912,339,34,23,1,1,1
612,5,991,414,38,23,1,1,1
612,6,1090,257,36,30,1,1,1
612,7,1087,456,33,22,1,1,1
612,8,1188,341,36,23,1,1,1
612,9,1286,503,35,20,1,1,1
613,1,633,400,39,25,1,1,1
613,2,606,196,43,31,1,1,1
613,3,714,193,39,34,1,1,1
613,4,912,336,34,24,1,1,1
613,5,990,409,39,24,1,1,1
613,6,1091,253,37,31,1,1,1
613,7,1087,453,33,21,1,1,1
613,8,1187,338,36,23,1,1,1
613,9,1287,504,35,21,1,1,1
614,1,631,399,40,25,1,1,1
614,2,604,194,44,31,1,1,1
614,3,714,191,38,34,1,1,1
614,4,912,334,34,23,1,1,1
614,5,989,405,39,24,1,1,1
614,6,1092,250,36,32,1,1,1
614,7,1087,450,33,21,1,1,1
614,8,1187,335,35,23,1,1,1
614,9,1288,505,35,20,1,1,1
615,1,629,397,40,25,1,1,1
615,2,603,192,43,31,1,1,1
615,3,713,189,38,34,1,1,1
615,4,912,331,34,24,1,1,1
615,5,988,401,39,24,1,1,1
615,6,1092,247,37,33,1,1,1
615,7,1087,446,33,21,1,1,1
615,8,1186,332,35,23,1,1,1
615,9,1289,505,35,21,1,1,1
616,1,626,392,39,26,1,1,1
616,2,600,188,44,32,1,1,1
616,3,711,184,39,35,1,1,1
616,4,911,326,35,23,1,1,1
616,5,987,393,39,24,1,1,1
616,6,1094,243,37,31,1,1,1
616,7,1087,439,34,22,1,1,1
616,8,1184,326,36,23,1,1,1
616,9,1292,506,34,21,1,1,1
617,1,624,390,39,25,1,1,1
617,2,598,187,45,31,1,1,1
617,3,710,182,39,35,1,1,1
617,4,911,323,35,24,1,1,1
617,5,986,389,39,24,1,1,1
617,6,1096,240,36,33,1,1,1
617,7,1088,436,33,22,1,1,1
617,8,1184,323,35,23,1,1,1
617,9,1293,506,34,21,1,1,1
618,1,622,389,39,24,1,1,1
618,2,598,185,44,32,1,1,1
618,3,709,180,39,35,1,1,1
618,4,911,320,35,24,1,1,1
618,5,985,385,40,24,1,1,1
618,6,1095,239,38,32,1,1,1
618,7,1088,433,33,21,1,1,1
618,8,1183,320,36,24,1,1,1
618,9,1294,506,34,21,1,1,1
619,1,620,385,39,25,1,1,1
619,2,597,185,43,31,1,1,1
619,3,708,179,39,34,1,1,1
619,4,910,318,36,24,1,1,1
619,5,984,381,40,24,1,1,1
619,6,1096,236,37,33,1,1,1
619,7,1088,430,34,21,1,1,1
619,8,1182,317,36,24,1,1,1
619,9,1295,506,34,21,1,1,1
620,1,618,382,39,26,1,1,1
620,2,595,183,43,32,1,1,1
620,3,707,177,40,35,1,1,1
620,4,910,316,35,24,1,1,1
620,5,984,376,39,25,1,1,1
620,6,1096,234,38,31,1,1,1
620,7,1088,426,34,22,1,1,1
620,8,1182,314,36,24,1,1,1
620,9,1296,506,34,21,1,1,1
621,1,613,377,40,26,1,1,1
621,2,594,181,44,32,1,1,1
621,3,706,174,39,35,1,1,1
621,4,910,312,35,24,1,1,1
621,5,982,369,40,25,1,1,1
621,6,1099,230,36,34,1,1,1
621,7,1088,420,34,22,1,1,1
621,8,1181,310,36,24,1,1,1
621,9,1297,504,34,21,1,1,1
622,1,611,374,40,26,1,1,1
622,2,592,181,44,31,1,1,1
622,3,705,173,40,35,1,1,1
622,4,909,310,36,24,1,1,1
622,5,981,365,40,25,1,1,1
622,6,1098,228,38,34,1,1,1
622,7,1089,417,34,21,1,1,1
622,8,1181,307,36,25,1,1,1
622,9,1298,504,34,21,1,1,1
623,1,609,371,39,26,1,1,1
623,2,592,180,44,32,1,1,1
623,3,704,172,40,35,1,1,1
623,4,909,308,36,25,1,1,1
623,5,980,362,40,25,1,1,1
623,6,1099,227,38,34,1,1,1
623,7,1089,413,34,22,1,1,1
623,8,1180,305,37,26,1,1,1
623,9,1299,503,34,21,1,1,1
624,1,606,367,40,27,1,1,1
624,2,590,180,45,32,1,1,1
624,3,703,172,40,34,1,1,1
624,4,909,306,36,26,1,1,1
624,5,979,358,41,26,1,1,1
624,6,1099,226,39,33,1,1,1
624,7,1089,410,34,22,1,1,1
624,8,1179,302,37,27,1,1,1
624,9,1299,501,34,22,1,1,1
625,1,603,364,40,26,1,1,1
625,2,590,180,45,31,1,1,1
625,3,703,170,40,35,1,1,1
625,4,910,305,34,26,1,1,1
625,5,979,354,40,27,1,1,1
625,6,1100,224,38,34,1,1,1
625,7,1089,406,35,23,1,1,1
625,8,1178,300,38,28,1,1,1
625,9,1300,500,34,22,1,1,1
626,1,600,362,41,25,1,1,1
626,2,590,179,44,32,1,1,1
626,3,702,169,40,35,1,1,1
626,4,908,302,36,27,1,1,1
626,5,978,351,40,28,1,1,1
626,6,1101,223,38,34,1,1,1
626,7,1089,403,35,22,1,1,1
626,8,1177,297,38,30,1,1,1
626,9,1301,498,34,22,1,1,1
627,1,595,354,41,26,1,1,1
627,2,588,179,45,32,1,1,1
627,3,701,168,40,35,1,1,1
627,4,908,298,36,28,1,1,1
627,5,977,345,40,29,1,1,1
627,6,1102,221,38,34,1,1,1
627,7,1090,397,34,22,1,1,1
627,8,1176,295,38,28,1,1,1
627,9,1302,495,34,22,1,1,1
628,1,592,349,41,27,1,1,1
628,2,588,179,44,32,1,1,1
628,3,700,168,40,35,1,1,1
628,4,907,296,37,29,1,1,1
628,5,975,343,41,29,1,1,1
628,6,1102,221,39,34,1,1,1
628,7,1090,393,35,23,1,1,1
628,8,1175,291,39,31,1,1,1
628,9,1302,493,35,22,1,1,1
629,1,589,345,41,27,1,1,1
629,2,587,180,46,31,1,1,1
629,3,700,167,39,35,1,1,1
629,4,907,294,37,29,1,1,1
629,5,975,340,41,30,1,1,1
629,6,1103,220,38,34,1,1,1
629,7,1090,390,35,23,1,1,1
629,8,1174,290,39,29,1,1,1
629,9,1303,491,35,21,1,1,1
630,1,586,341,42,27,1,1,1
630,2,587,180,46,32,1,1,1
630,3,699,167,40,35,1,1,1
630,4,907,291,37,29,1,1,1
630,5,974,338,41,30,1,1,1
630,6,1103,221,38,33,1,1,1
630,7,1090,387,35,22,1,1,1
630,8,1173,287,40,31,1,1,1
630,9,1304,489,34,22,1,1,1
631,1,583,337,42,26,1,1,1
631,2,587,181,45,31,1,1,1
631,3,699,167,40,35,1,1,1
631,4,907,289,36,28,1,1,1
631,5,973,336,41,31,1,1,1
631,6,1104,219,38,34,1,1,1
631,7,1091,383,35,23,1,1,1
631,8,1173,285,38,31,1,1,1
631,9,1304,486,35,23,1,1,1
632,1,580,332,42,27,1,1,1
632,2,587,181,45,32,1,1,1
632,3,698,167,40,35,1,1,1
632,4,906,287,37,29,1,1,1
632,5,972,334,42,31,1,1,1
632,6,1104,220,39,33,1,1,1
632,7,1091,380,35,23,1,1,1
632,8,1172,282,38,32,1,1,1
632,9,1305,484,35,22,1,1,1
633,1,576,328,43,27,1,1,1
633,2,587,181,45,32,1,1,1
633,3,697,167,41,35,1,1,1
633,4,906,284,37,30,1,1,1
633,5,972,332,41,31,1,1,1
633,6,1104,219,39,34,1,1,1
633,7,1091,377,35,22,1,1,1
633,8,1172,280,40,32,1,1,1
633,9,1305,481,35,22,1,1,1
634,1,573,323,43,28,1,1,1
634,2,587,182,45,32,1,1,1
634,3,697,168,41,35,1,1,1
634,4,906,282,37,30,1,1,1
634,5,971,331,41,30,1,1,1
634,6,1105,220,39,33,1,1,1
634,7,1091,373,36,23,1,1,1
634,8,1171,281,40,29,1,1,1
634,9,1306,478,35,22,1,1,1
635,1,570,319,43,27,1,1,1
635,2,587,183,45,31,1,1,1
635,3,697,168,40,35,1,1,1
635,4,906,279,37,31,1,1,1
635,5,970,328,42,32,1,1,1
635,6,1105,219,39,34,1,1,1
635,7,1091,370,36,23,1,1,1
635,8,1171,276,40,32,1,1,1
635,9,1306,475,35,22,1,1,1
636,1,563,311,44,27,1,1,1
636,2,587,185,46,31,1,1,1
636,3,696,169,41,35,1,1,1
636,4,906,275,37,31,1,1,1
636,5,969,325,41,32,1,1,1
636,6,1106,220,39,34,1,1,1
636,7,1092,363,36,23,1,1,1
636,8,1170,273,41,32,1,1,1
636,9,1307,468,35,23,1,1,1
637,1,559,306,44,27,1,1,1
637,2,588,185,45,32,1,1,1
637,3,696,169,40,35,1,1,1
637,4,905,275,37,29,1,1,1
637,5,968,323,42,32,1,1,1
637,6,1106,220,39,34,1,1,1
637,7,1092,359,36,24,1,1,1
637,8,1170,270,40,33,1,1,1
637,9,1308,464,35,23,1,1,1
638,1,556,301,44,28,1,1,1
638,2,588,187,44,31,1,1,1
638,3,695,170,41,35,1,1,1
638,4,905,272,38,30,1,1,1
638,5,967,322,42,32,1,1,1
638,6,1107,221,39,34,1,1,1
638,7,1092,355,37,24,1,1,1
638,8,1170,269,40,32,1,1,1
638,9,1308,461,36,21,1,1,1
639,1,553,297,44,28,1,1,1
639,2,588,187,46,32,1,1,1
639,3,695,171,41,35,1,1,1
639,4,905,270,38,31,1,1,1
639,5,967,321,42,32,1,1,1
639,6,1107,221,39,34,1,1,1
639,7,1093,352,36,24,1,1,1
639,8,1170,270,40,30,1,1,1
639,9,1308,457,36,22,1,1,1
640,1,548,292,45,28,1,1,1
640,2,589,189,45,31,1,1,1
640,3,695,172,40,34,1,1,1
640,4,905,269,37,30,1,1,1
640,5,966,320,42,32,1,1,1
640,6,1108,222,39,34,1,1,1
640,7,1093,347,36,25,1,1,1
640,8,1168,266,42,33,1,1,1
640,9,1309,452,36,22,1,1,1
641,1,545,288,45,28,1,1,1
641,2,590,190,45,31,1,1,1
641,3,695,172,40,35,1,1,1
641,4,905,267,37,31,1,1,1
641,5,966,319,42,31,1,1,1
641,6,1108,223,39,33,1,1,1
641,7,1093,344,37,24,1,1,1
641,8,1168,265,41,33,1,1,1
641,9,1309,448,36,22,1,1,1
642,1,541,284,45,28,1,1,1
642,2,590,191,45,31,1,1,1
642,3,694,173,40,35,1,1,1
642,4,904,266,38,31,1,1,1
642,5,966,318,42,32,1,1,1
642,6,1108,224,39,33,1,1,1
642,7,1093,340,37,25,1,1,1
642,8,1168,264,41,32,1,1,1
642,9,1309,443,36,23,1,1,1
643,1,534,276,45,28,1,1,1
643,2,591,193,46,30,1,1,1
643,3,694,176,41,34,1,1,1
643,4,904,264,38,31,1,1,1
643,5,964,316,43,32,1,1,1
643,6,1109,226,39,33,1,1,1
643,7,1094,333,37,24,1,1,1
643,8,1167,262,42,33,1,1,1
643,9,1310,434,36,23,1,1,1
644,1,530,271,45,29,1,1,1
644,2,592,194,45,31,1,1,1
644,3,694,176,41,34,1,1,1
644,4,904,263,38,31,1,1,1
644,5,964,316,43,32,1,1,1
644,6,1109,226,39,34,1,1,1
644,7,1094,329,37,25,1,1,1
644,8,1167,261,42,33,1,1,1
644,9,1310,429,37,23,1,1,1
645,1,526,267,46,29,1,1,1
645,2,593,195,45,31,1,1,1
645,3,694,177,40,34,1,1,1
645,4,904,262,38,32,1,1,1
645,5,964,316,43,31,1,1,1
645,6,1109,227,39,33,1,1,1
645,7,1094,325,38,25,1,1,1
645,8,1167,261,41,33,1,1,1
645,9,1310,425,37,23,1,1,1
646,1,522,263,46,29,1,1,1
646,2,594,196,45,31,1,1,1
646,3,694,178,40,34,1,1,1
646,4,904,262,38,31,1,1,1
646,5,964,315,42,32,1,1,1
646,6,1109,228,39,33,1,1,1
646,7,1095,321,37,25,1,1,1
646,8,1167,260,41,33,1,1,1
646,9,1311,420,36,23,1,1,1
647,1,518,259,46,29,1,1,1
647,2,594,198,46,30,1,1,1
647,3,694,179,40,34,1,1,1
647,4,904,261,38,32,1,1,1
647,5,963,315,43,32,1,1,1
647,6,1110,230,39,32,1,1,1
647,7,1095,317,38,25,1,1,1
647,8,1168,260,40,33,1,1,1
647,9,1311,416,37,23,1,1,1
648,1,514,255,46,29,1,1,1
648,2,597,199,43,30,1,1,1
648,3,694,180,40,34,1,1,1
648,4,904,261,38,31,1,1,1
648,5,963,314,43,33,1,1,1
648,6,1110,230,39,33,1,1,1
648,7,1095,313,38,25,1,1,1
648,8,1166,260,42,33,1,1,1
648,9,1311,411,37,22,1,1,1
649,1,510,251,46,30,1,1,1
649,2,596,200,46,30,1,1,1
649,3,694,181,39,34,1,1,1
649,4,903,261,39,31,1,1,1
649,5,963,314,43,33,1,1,1
649,6,1110,231,39,33,1,1,1
649,7,1096,309,38,25,1,1,1
649,8,1166,259,42,34,1,1,1
649,9,1311,406,37,23,1,1,1
650,1,506,247,46,31,1,1,1
650,2,597,201,45,30,1,1,1
650,3,694,183,40,33,1,1,1
650,4,903,261,39,31,1,1,1
650,5,963,315,43,32,1,1,1
650,6,1110,232,39,33,1,1,1
650,7,1096,305,38,25,1,1,1
650,8,1166,259,41,34,1,1,1
650,9,1312,402,37,23,1,1,1
651,1,502,243,46,32,1,1,1
651,2,598,202,45,29,1,1,1
651,3,694,184,40,33,1,1,1
651,4,903,261,39,31,1,1,1
651,5,963,315,43,32,1,1,1
651,6,1110,234,39,32,1,1,1
651,7,1096,301,39,25,1,1,1
651,8,1166,260,42,33,1,1,1
651,9,1312,397,37,24,1,1,1
652,1,496,236,45,33,1,1,1
652,2,600,204,45,29,1,1,1
652,3,694,187,40,32,1,1,1
652,4,903,262,39,29,1,1,1
652,5,963,315,43,32,1,1,1
652,6,1111,236,39,32,1,1,1
652,7,1097,292,39,26,1,1,1
652,8,1165,260,43,33,1,1,1
652,9,1312,388,38,23,1,1,1
653,1,492,233,46,34,1,1,1
653,2,601,205,45,29,1,1,1
653,3,694,187,40,33,1,1,1
653,4,903,262,39,31,1,1,1
653,5,963,316,43,31,1,1,1
653,6,1111,237,39,32,1,1,1
653,7,1097,288,39,26,1,1,1
653,8,1165,261,41,32,1,1,1
653,9,1313,384,37,22,1,1,1
654,1,489,229,45,35,1,1,1
654,2,602,206,45,29,1,1,1
654,3,695,188,40,33,1,1,1
654,4,903,262,39,31,1,1,1
654,5,963,316,43,32,1,1,1
654,6,1111,239,39,31,1,1,1
654,7,1098,283,39,26,1,1,1
654,8,1165,261,42,33,1,1,1
654,9,1313,379,37,23,1,1,1
655,1,486,227,44,35,1,1,1
655,2,603,207,45,29,1,1,1
655,3,695,189,40,32,1,1,1
655,4,903,263,39,31,1,1,1
655,5,963,317,44,31,1,1,1
655,6,1111,240,39,31,1,1,1
655,7,1098,279,39,26,1,1,1
655,8,1165,262,43,32,1,1,1
655,9,1313,375,37,23,1,1,1
656,1,482,224,44,36,1,1,1
656,2,604,208,45,28,1,1,1
656,3,695,190,40,32,1,1,1
656,4,903,263,39,31,1,1,1
656,5,963,317,44,32,1,1,1
656,6,1111,241,39,30,1,1,1
656,7,1098,274,40,27,1,1,1
656,8,1166,262,42,33,1,1,1
656,9,1313,370,38,24,1,1,1
657,1,479,221,44,37,1,1,1
657,2,606,209,44,28,1,1,1
657,3,695,191,40,32,1,1,1
657,4,903,264,39,31,1,1,1
657,5,964,318,43,31,1,1,1
657,6,1111,242,39,30,1,1,1
657,7,1099,270,39,27,1,1,1
657,8,1165,263,42,32,1,1,1
657,9,1313,366,38,23,1,1,1
658,1,474,219,45,36,1,1,1
658,2,607,210,44,28,1,1,1
658,3,695,192,40,32,1,1,1
658,4,903,265,39,31,1,1,1
658,5,964,318,44,32,1,1,1
658,6,1111,243,39,30,1,1,1
658,7,1099,265,40,27,1,1,1
658,8,1165,264,42,32,1,1,1
658,9,1314,361,37,24,1,1,1
659,1,472,217,43,36,1,1,1
659,2,608,211,44,28,1,1,1
659,3,696,193,39,32,1,1,1
659,4,903,266,39,30,1,1,1
659,5,964,320,44,31,1,1,1
659,6,1111,243,39,30,1,1,1
659,7,1099,260,40,28,1,1,1
659,8,1165,265,42,32,1,1,1
659,9,1314,357,38,24,1,1,1
660,1,468,214,44,37,1,1,1
660,2,609,212,44,27,1,1,1
660,3,696,194,40,31,1,1,1
660,4,903,267,39,30,1,1,1
660,5,965,320,42,31,1,1,1
660,6,1111,244,39,31,1,1,1
660,7,1100,256,40,27,1,1,1
660,8,1165,265,42,32,1,1,1
660,9,1314,353,38,23,1,1,1
661,1,460,209,44,38,1,1,1
661,2,611,213,44,27,1,1,1
661,3,697,196,39,31,1,1,1
661,4,904,269,38,30,1,1,1
661,5,966,322,43,31,1,1,1
661,7,1100,246,41,28,1,1,1
661,8,1165,267,43,32,1,1,1
661,9,1315,344,38,24,1,1,1
662,1,458,207,43,38,1,1,1
662,2,612,214,44,27,1,1,1
662,3,697,197,39,31,1,1,1
662,4,904,270,38,30,1,1,1
662,5,966,322,44,32,1,1,1
662,6,1111,247,38,30,1,1,1
662,7,1101,241,40,28,1,1,1
662,8,1166,269,42,31,1,1,1
662,9,1315,340,38,24,1,1,1
663,1,455,205,43,38,1,1,1
663,2,613,214,44,27,1,1,1
663,3,697,198,40,30,1,1,1
663,4,904,271,38,30,1,1,1
663,5,967,323,43,31,1,1,1
663,6,1111,248,38,28,1,1,1
663,7,1101,237,41,28,1,1,1
663,8,1166,270,42,31,1,1,1
663,9,1315,335,38,24,1,1,1
664,1,452,203,42,38,1,1,1
664,2,614,215,44,27,1,1,1
664,3,698,198,39,31,1,1,1
664,4,904,272,38,30,1,1,1
664,5,967,324,44,31,1,1,1
664,6,1111,249,38,29,1,1,1
664,7,1102,232,40,29,1,1,1
664,8,1166,270,42,32,1,1,1
664,9,1315,331,39,24,1,1,1
665,1,449,202,42,37,1,1,1
665,2,615,216,44,26,1,1,1
665,3,698,199,39,30,1,1,1
665,4,904,273,39,30,1,1,1
665,5,968,325,43,31,1,1,1
665,6,1111,251,38,28,1,1,1
665,7,1102,228,41,29,1,1,1
665,8,1166,271,42,31,1,1,1
665,9,1316,327,38,24,1,1,1
666,1,445,200,44,38,1,1,1
666,2,616,217,44,26,1,1,1
666,3,698,201,40,29,1,1,1
666,4,904,274,39,29,1,1,1
666,5,968,326,44,31,1,1,1
666,6,1111,251,38,28,1,1,1
666,7,1102,223,41,30,1,1,1
666,8,1166,272,42,31,1,1,1
666,9,1316,323,39,24,1,1,1
667,1,443,199,43,37,1,1,1
667,2,617,217,44,26,1,1,1
667,3,699,201,39,29,1,1,1
667,4,904,275,39,29,1,1,1
667,5,969,327,44,31,1,1,1
667,6,1110,251,38,29,1,1,1
667,7,1103,219,41,31,1,1,1
667,8,1166,273,42,31,1,1,1
667,9,1316,319,39,24,1,1,1
668,1,439,197,44,38,1,1,1
668,2,618,217,44,27,1,1,1
668,3,699,202,39,29,1,1,1
668,4,904,276,39,29,1,1,1
668,5,970,329,43,29,1,1,1
668,6,1110,252,38,28,1,1,1
668,7,1103,215,41,32,1,1,1
668,8,1166,274,41,31,1,1,1
668,9,1317,314,38,25,1,1,1
669,1,437,196,43,37,1,1,1
669,2,619,218,44,26,1,1,1
669,3,700,202,39,28,1,1,1
669,4,905,277,38,29,1,1,1
669,5,971,329,43,30,1,1,1
669,6,1110,253,38,28,1,1,1
669,7,1103,212,40,32,1,1,1
669,8,1166,276,42,29,1,1,1
669,9,1316,310,40,25,1,1,1
670,1,433,194,42,38,1,1,1
670,2,621,219,43,26,1,1,1
670,3,700,204,39,28,1,1,1
670,4,905,279,38,29,1,1,1
670,5,972,330,43,31,1,1,1
670,6,1110,254,37,28,1,1,1
670,7,1104,204,42,34,1,1,1
670,8,1167,278,42,29,1,1,1
670,9,1318,301,39,25,1,1,1
671,1,430,193,43,37,1,1,1
671,2,622,219,43,26,1,1,1
671,3,701,204,39,29,1,1,1
671,4,905,280,38,29,1,1,1
671,5,973,331,43,30,1,1,1
671,6,1109,255,38,27,1,1,1
671,7,1104,201,42,34,1,1,1
671,8,1167,279,42,29,1,1,1
671,9,1317,297,40,25,1,1,1
672,1,430,193,43,37,1,1,1
672,2,622,219,43,26,1,1,1
672,3,701,204,39,29,1,1,1
672,4,905,280,38,29,1,1,1
672,5,973,331,43,30,1,1,1
672,6,1109,255,38,27,1,1,1
672,7,1104,201,42,34,1,1,1
672,8,1167,279,42,29,1,1,1
672,9,1317,297,40,25,1,1,1
673,1,425,191,44,38,1,1,1
673,2,624,220,43,26,1,1,1
673,3,702,205,39,29,1,1,1
673,4,905,283,39,28,1,1,1
673,5,975,333,43,30,1,1,1
673,6,1109,256,37,27,1,1,1
673,7,1105,194,42,35,1,1,1
673,8,1167,281,42,28,1,1,1
673,9,1318,288,40,25,1,1,1
674,1,424,191,43,38,1,1,1
674,2,625,221,42,25,1,1,1
674,3,702,207,39,27,1,1,1
674,4,906,284,38,28,1,1,1
674,5,975,333,43,30,1,1,1
674,6,1108,257,38,26,1,1,1
674,7,1105,191,43,35,1,1,1
674,8,1167,282,42,28,1,1,1
674,9,1317,284,42,25,1,1,1
675,1,421,190,44,38,1,1,1
675,2,625,221,43,25,1,1,1
675,3,703,206,38,28,1,1,1
675,4,906,284,38,28,1,1,1
675,5,976,334,43,30,1,1,1
675,6,1108,257,38,27,1,1,1
675,7,1106,188,42,35,1,1,1
675,8,1168,283,41,28,1,1,1
675,9,1318,280,41,25,1,1,1
676,1,420,190,43,37,1,1,1
676,2,626,222,43,25,1,1,1
676,3,703,208,39,27,1,1,1
676,4,906,285,38,28,1,1,1
676,5,977,335,43,29,1,1,1
676,6,1108,258,37,26,1,1,1
676,7,1106,185,43,35,1,1,1
676,8,1168,283,41,29,1,1,1
676,9,1318,276,42,25,1,1,1
677,1,419,190,43,37,1,1,1
677,2,627,222,42,25,1,1,1
677,3,704,207,38,28,1,1,1
677,4,906,286,38,28,1,1,1
677,5,978,336,43,29,1,1,1
677,6,1108,258,37,26,1,1,1
677,7,1106,182,43,35,1,1,1
677,8,1168,284,42,28,1,1,1
677,9,1318,271,42,26,1,1,1
678,1,417,189,43,38,1,1,1
678,2,627,222,43,25,1,1,1
678,3,704,209,39,26,1,1,1
678,4,906,287,38,28,1,1,1
678,5,979,336,42,30,1,1,1
678,6,1107,259,37,25,1,1,1
678,7,1107,180,43,35,1,1,1
678,8,1168,285,42,28,1,1,1
678,9,1318,267,43,26,1,1,1
679,1,415,189,44,38,1,1,1
679,2,628,222,42,26,1,1,1
679,3,705,208,38,26,1,1,1
679,4,906,288,38,27,1,1,1
679,5,979,337,43,29,1,1,1
679,6,1107,259,37,26,1,1,1
679,7,1107,177,43,35,1,1,1
679,8,1169,286,41,27,1,1,1
679,9,1319,263,42,26,1,1,1
680,1,415,189,43,37,1,1,1
680,2,629,223,42,25,1,1,1
680,3,706,209,38,27,1,1,1
680,4,907,289,37,27,1,1,1
680,5,980,338,43,29,1,1,1
680,6,1106,260,38,25,1,1,1
680,7,1107,175,44,35,1,1,1
680,8,1169,287,41,27,1,1,1
680,9,1319,259,43,26,1,1,1
681,1,414,189,43,37,1,1,1
681,2,629,223,42,25,1,1,1
681,3,706,209,38,26,1,1,1
681,4,907,290,37,26,1,1,1
681,5,981,338,42,29,1,1,1
681,6,1106,260,37,25,1,1,1
681,7,1108,172,43,36,1,1,1
681,8,1169,288,41,26,1,1,1
681,9,1320,254,43,26,1,1,1
682,1,412,190,43,37,1,1,1
682,2,630,224,42,25,1,1,1
682,3,707,210,38,27,1,1,1
682,4,907,291,38,27,1,1,1
682,5,982,340,43,28,1,1,1
682,6,1105,261,37,25,1,1,1
682,7,1108,167,44,36,1,1,1
682,8,1170,289,41,26,1,1,1
682,9,1321,247,43,26,1,1,1
683,1,411,190,44,37,1,1,1
683,2,631,224,42,25,1,1,1
683,3,708,211,38,26,1,1,1
683,4,907,292,38,26,1,1,1
683,5,983,340,42,28,1,1,1
683,6,1105,261,37,25,1,1,1
683,7,1108,165,44,37,1,1,1
683,8,1170,290,41,25,1,1,1
683,9,1321,243,44,27,1,1,1
684,1,411,190,43,37,1,1,1
684,2,631,224,42,25,1,1,1
684,3,708,211,38,27,1,1,1
684,4,908,293,37,26,1,1,1
684,5,984,340,42,28,1,1,1
684,6,1104,261,37,25,1,1,1
684,7,1109,164,44,36,1,1,1
684,8,1170,290,41,26,1,1,1
684,9,1322,239,44,27,1,1,1
685,1,411,190,43,37,1,1,1
685,2,631,224,42,25,1,1,1
685,3,708,211,38,27,1,1,1
685,4,908,293,37,26,1,1,1
685,5,984,340,42,28,1,1,1
685,6,1104,261,37,25,1,1,1
685,7,1109,164,44,36,1,1,1
685,8,1170,290,41,26,1,1,1
685,9,1322,239,44,27,1,1,1
686,1,410,190,44,37,1,1,1
686,2,632,225,42,25,1,1,1
686,3,709,212,38,26,1,1,1
686,4,908,294,37,25,1,1,1
686,5,985,341,42,28,1,1,1
686,6,1103,262,37,25,1,1,1
686,7,1109,162,45,36,1,1,1
686,8,1170,291,41,26,1,1,1
686,9,1322,232,45,29,1,1,1
687,1,409,190,45,38,1,1,1
687,2,632,225,42,25,1,1,1
687,3,710,212,38,26,1,1,1
687,4,908,294,37,26,1,1,1
687,5,986,342,42,27,1,1,1
687,6,1103,262,37,25,1,1,1
687,7,1110,160,44,36,1,1,1
687,8,1171,292,40,25,1,1,1
687,9,1322,228,46,31,1,1,1
688,1,410,191,44,37,1,1,1
688,2,633,225,41,25,1,1,1
688,3,710,213,38,26,1,1,1
688,4,908,295,37,25,1,1,1
688,5,987,342,41,28,1,1,1
688,6,1103,263,36,24,1,1,1
688,7,1110,159,44,36,1,1,1
688,8,1171,292,41,25,1,1,1
688,9,1322,225,46,31,1,1,1
689,1,410,191,44,37,1,1,1
689,2,633,226,42,24,1,1,1
689,3,711,213,38,26,1,1,1
689,4,908,295,37,25,1,1,1
689,5,987,342,42,28,1,1,1
689,6,1102,263,37,25,1,1,1
689,7,1110,158,45,37,1,1,1
689,8,1171,292,41,26,1,1,1
689,9,1322,222,47,32,1,1,1
690,1,410,191,44,37,1,1,1
690,2,633,226,42,25,1,1,1
690,3,712,213,37,26,1,1,1
690,4,908,296,38,25,1,1,1
690,5,988,343,41,27,1,1,1
690,6,1102,263,36,24,1,1,1
690,7,1110,157,45,37,1,1,1
690,8,1171,293,41,25,1,1,1
690,9,1323,219,46,33,1,1,1
691,1,410,192,44,37,1,1,1
691,2,633,226,42,25,1,1,1
691,3,712,213,38,26,1,1,1
691,4,909,296,37,25,1,1,1
691,5,988,343,42,27,1,1,1
691,6,1101,264,37,24,1,1,1
691,7,1110,157,45,37,1,1,1
691,8,1172,293,40,25,1,1,1
691,9,1323,217,47,33,1,1,1
692,1,410,192,45,37,1,1,1
692,2,634,226,41,25,1,1,1
692,3,713,214,37,26,1,1,1
692,4,909,296,37,25,1,1,1
692,5,989,344,41,26,1,1,1
692,6,1101,264,36,24,1,1,1
692,7,1111,156,44,37,1,1,1
692,8,1172,293,40,25,1,1,1
692,9,1323,214,48,34,1,1,1
693,1,411,192,45,37,1,1,1
693,2,634,227,41,24,1,1,1
693,3,713,214,38,25,1,1,1
693,4,909,297,37,25,1,1,1
693,5,990,344,41,27,1,1,1
693,6,1100,264,36,24,1,1,1
693,7,1111,157,45,36,1,1,1
693,8,1172,294,41,24,1,1,1
693,9,1324,212,47,33,1,1,1
694,1,412,193,44,37,1,1,1
694,2,634,227,42,24,1,1,1
694,3,714,214,38,26,1,1,1
694,4,909,297,37,25,1,1,1
694,5,990,344,41,27,1,1,1
694,6,1100,264,36,24,1,1,1
694,7,1111,156,45,37,1,1,1
694,8,1172,294,41,25,1,1,1
694,9,1324,209,48,34,1,1,1
695,1,413,193,44,37,1,1,1
695,2,634,227,42,24,1,1,1
695,3,714,215,38,24,1,1,1
695,4,909,297,37,25,1,1,1
695,5,990,344,42,27,1,1,1
695,6,1099,265,36,24,1,1,1
695,7,1112,156,44,37,1,1,1
695,8,1172,294,41,25,1,1,1
695,9,1325,207,46,34,1,1,1
696,1,414,194,44,36,1,1,1
696,2,634,227,41,25,1,1,1
696,3,715,215,38,26,1,1,1
696,4,909,298,37,24,1,1,1
696,5,991,345,41,26,1,1,1
696,6,1099,265,36,24,1,1,1
696,7,1112,156,44,37,1,1,1
696,8,1173,295,40,24,1,1,1
696,9,1326,204,47,35,1,1,1
697,1,415,194,44,37,1,1,1
697,2,634,227,42,25,1,1,1
697,3,715,215,38,26,1,1,1
697,4,909,298,37,24,1,1,1
697,5,991,345,41,26,1,1,1
697,6,1098,265,36,24,1,1,1
697,7,1112,157,45,37,1,1,1
697,8,1173,295,40,24,1,1,1
697,9,1326,203,48,34,1,1,1
698,1,416,194,44,37,1,1,1
698,2,634,228,42,24,1,1,1
698,3,716,215,38,26,1,1,1
698,4,909,298,37,24,1,1,1
698,5,992,345,40,26,1,1,1
698,6,1097,265,37,24,1,1,1
698,7,1112,158,44,36,1,1,1
698,8,1173,295,40,24,1,1,1
698,9,1326,202,48,33,1,1,1
699,1,417,195,44,37,1,1,1
699,2,634,228,42,24,1,1,1
699,3,717,215,37,26,1,1,1
699,4,910,298,36,24,1,1,1
699,5,992,345,41,26,1,1,1
699,6,1097,265,36,24,1,1,1
699,7,1112,158,45,37,1,1,1
699,8,1173,295,40,25,1,1,1
699,9,1327,198,48,35,1,1,1
700,1,417,195,46,37,1,1,1
700,2,634,228,41,24,1,1,1
700,3,717,216,38,25,1,1,1
700,4,910,299,36,24,1,1,1
700,5,992,346,41,26,1,1,1
700,6,1096,266,37,24,1,1,1
700,7,1112,158,45,37,1,1,1
700,8,1173,295,41,25,1,1,1
700,9,1329,198,47,33,1,1,1
